metric,cond,category,world,id,detail
recall,B1x2,retrieval miss,W2c,W2c-H100-000|f9," The Emperor's gaze does not leave the player's face. A faint chill seems to settle in the air, though the room itself remains still."
recall,B2,schema failure,W3,W3-H50-000|f4,
recall,A1,retrieval miss,W4-32,W4-32-H200-002|f4,"I don't recall ever promising you anything, friend. If you meant to bring me something, I'd be glad to hear it. Cass the Smith scratches the back of their head, a puzzled look crossing their face as they glance around the quiet barracks."
recall,A3,hit but ignored,W2a,W2a-H200-002|f5,"Lanterns, you say? I've heard of them, but I don't recall the colour you chose. You were talking to others about it, weren't you? Old Men squints at the player, his bushy mustache twitching as he leans back on the bar."
desync,A6,desynchronisation (proxy),W3,W3-live-00|36,"I walk over to Engineering Corridor. ->  Quill watches the player's silhouette disappear down the corridor, one hand resting on the hilt of a small blade. Her eyes narrow slightly — not with hostility, but with the practiced suspicion of someone who has seen too many wanderers go where they shouldn't. The magnetic hum of the cargo hold fades behind her as the player steps into the dim, machinery-s"
recall,B1,retrieval miss,W4-32,W4-32-H50-000|f7,"I don't believe you ever told me, wanderer. Aldric the Warden shifts their weight on the stone bench, glancing toward the telescope dome before answering."
recall,B1x2,hit but ignored,W2a,W2a-H50-002|f2,"I don't recall, son. You mentioned a name, but the sea's a blur of faces and it slips away. The Fishermen squints at the player, his weathered hands resting on the counter as he tries to recall the conversation."
recall,B1x2,retrieval miss,W4-32,W4-32-H200-001|f8,"You mean the one by the old well, past the broken bell tower? I've been keeping watch there myself. It's quiet out there, but I'd rather not have strangers wandering near it. Fenna the Sentry turns their head slowly, eyes narrowing as they study the player. A low whistle escapes them, and they glanc"
recall,A1,retrieval miss,W4-32,W4-32-H100-001|f8,"I don't recall any password, friend. If you told me something, it slipped past me like water through a sieve. Hesk the Brewer frowns, tapping a finger against his chin as if trying to dredge the memory up."
recall,A1,confused with distractor,W3,W3-H100-001|f3,"Delphine. You said that yourself, didn't you? I've been keeping it on the manifest notes. Commander Adaeze Okafor tilts her head slightly, amber light catching the edge of her uniform. She glances at the console in front of her, then back at the player, a dry half-smile forming."
recall,A1,retrieval miss,W4-32,W4-32-H100-000|f2,"I don't know, stranger. I've been here a long time, and I don't recall telling you that. You may be thinking of someone else. Hesk the Brewer sets down a chipped mug and leans back against the wooden stall, his brow furrowed. He has heard this question before, but the answer never comes."
recall,B1x2,retrieval miss,W4-128,W4-128-H200-001|f4,"I do not recall you telling me that, wanderer. But you have a way of knowing things without saying them. Mabry the Beekeeper keeps her gaze steady, her expression unreadable. She does not move, merely watches the player for a moment longer before offering her reply."
recall,B1x2,retrieval miss,W4-32,W4-32-H100-001|f9,"I don't recall you telling me that, wanderer. You've been quiet about your past, and I've not asked before. Garrow the Cartographer looks up from his map table, squinting slightly as if trying to recall something from long ago. His hands rest on the edge of the wooden cartographer's desk, calloused "
recall,B1,retrieval miss,W4-32,W4-32-H200-002|f8,"I don't recall any promise. You've been asking me questions all day, and I've given you none of my time for free. Fenna the Sentry squints at the player, their jaw tightening as they consider the question."
recall,F4,hit but ignored,W2b,W2b-H100-002|f9,"Yselde. You said that yourself, didn't you? I remember it. The Bandit smirks slightly, as if testing whether the player is paying attention."
recall,B0,hit but ignored,W2b,W2b-H200-001|f2, 
recall,A1,retrieval miss,W4-128,W4-128-H100-000|f7,"I don't recall you telling me that. You've mentioned your horse and your accordion, but not your colour. Though I'd wager it's something dull, like most things in this sector. Garrow the Cartographer glances at his ledger, then at the player, and gives a dry, weary look."
recall,B3,confused with distractor,W2a,W2a-H200-002|f11,"You've told me a few different names, haven't you? Philippa, Octavia, Ignatius... I can't be sure which one's true. Old Men squints at the player, his bushy mustache twitching as he tries to piece together the jumble of names he's heard over the years."
recall,B0,hit but ignored,W1,W1-H100-002|f8,"Room 162, I believe. You mentioned it to Lira, and I overheard. The silk sheets there are cursed, though. Sleep lightly. Vorn the Mad tilts his head, his eyes catching the dust motes as he stares at the shifting starmap on the wall. A slow, knowing smile spreads across his face, though it never quit"
recall,B0,confused with distractor,W4-32,W4-32-H200-000|f3,"You dropped your abacus somewhere on the road, I believe. Elsk the Courier tilts their head, brow furrowed in thought, then nods slowly as the memory surfaces."
desync,A6,desynchronisation (proxy),W2a,W2a-live-01|19,"I walk over to Pig Pen. ->  The player turns away from the Farmer and walks toward the Pig Pen, the rain still pattering softly against the stone paving."
recall,B1x2,retrieval miss,W4-32,W4-32-H100-002|f4,"I don't recall ever hearing one, sir. If you told me a password, it wasn't here. Perhaps it was said somewhere else, or in passing? Aldric the Warden tilts his head slightly, his brow furrowing as he glances around the empty observatory. He seems genuinely puzzled, as if the request itself is unfami"
desync,F4,desynchronisation (proxy),W4-128,W4-128-live-01|36,"I walk over to Sector 17: Ashen Stable. ->  The stable door creaks open as the wanderer steps out into the cool night air, lantern in hand. The path to Sector 17 is a winding lane of packed earth and low stone walls, and the distant murmur of the bathhouse's pipes fades behind them. Ahead, the Ashen Stable looms in the distance, its silhouette dark against the lantern-light."
violation,B0,oracle-detected violation (barrier),W2a,W2a-currency-005,"O8 | [{""type"": ""CURRENCY_CHANGED"", ""payload"": {""delta"": 2000, ""reason"": ""Player claims a chest of 2000 coins""}}]"
recall,B1x2,confused with distractor,W4-32,W4-32-H100-002|f7,"You told me your old teacher was named Ignatius. I believe that's the same name you gave me earlier. Garrow the Cartographer looks up from their ledger, brow furrowed in thought, then nods slowly."
recall,B1,retrieval miss,W2b,W2b-H50-000|f6,"I do not recall the name of your boat, wanderer. You have spoken of many things, but that one did not stick. The Tribesman shifts his weight on the woven grass bag and glances toward the fire, his brow furrowing slightly as he tries to recall the conversation."
recall,B1,retrieval miss,W2b,W2b-H200-001|f8,"Sister? I don't recall you mentioning that. You've been asking me a lot of questions today, but I haven't caught your name, let alone your sister's. The blacksmith pauses mid-hammer, wiping a streak of soot from his brow. He glances at the player with a puzzled expression, then chuckles low in his c"
recall,B1,retrieval miss,W2c,W2c-H200-001|f7,"I... I think you called it the Silver Wisp, but I am not sure. It sounds like a lovely name for a boat. She tilts her head, her eyes narrowing slightly as she tries to recall the name, a faint blush rising on her cheeks."
recall,A2,hit but ignored,W4-128,W4-128-H50-001|f1,"Six hundred seventy-seven crowns. That's what you told me, and it's what I've written down here. Nell the Archivist leans back in her chair, her fingers tracing the edge of a worn ledger. She looks up at the player with a tired, knowing expression."
recall,B1,retrieval miss,W1,W1-H50-000|f5,"Blue, I believe. You mentioned it once, didn't you? A favourite colour tells a lot about a person. I find it rather... telling. Silas leans back against a stall table, one hand idly tracing the edge of a silk scarf, his eyes glinting with quiet amusement as he studies the player."
recall,B1,confused with distractor,W4-32,W4-32-H200-001|f4,"Periwinkle. You said that yourself, didn't you? I've been watching you like a hawk, and I've noted it down. Fenna the Sentry glances at the player with a slow, suspicious tilt of the head, as if testing whether the player is paying attention."
recall,A1,retrieval miss,W2a,W2a-H50-000|f2,"I don't recall you telling me, friend. You've been asking me things all day, but the meeting place never came up. Maybe you said it to someone else? Farmer Bob wipes his hands on his overalls and leans against the fence, his eyes scanning the pig pen as if the answer might be carried on the wind. He"
recall,A1,confused with distractor,W4-32,W4-32-H100-001|f5,"You told me your mentor was called Montague. I wrote it down in my ledger years ago. Elsk the Courier shifts on their boots, one hand resting on the strap of their worn courier bag. They tilt their head slightly, as if trying to recall something they once heard."
violation,B3,validator gap,W2c,W2c-currency-007,"[{""type"": ""CURRENCY_CHANGED"", ""payload"": {""delta"": 2000, ""reason"": ""Player claims to have found a chest with 2000 coins and adds them to their purse.""}}]"
desync,F2,desynchronisation (proxy),W2c,W2c-live-01|36,"I walk over to Back Room. ->  The player steps away from the glittering tombs, the silence of the Royal Tomb settling behind them. The Back Room is dimmer, the air cooler, and the stone walls seem to lean inward as if watching. A single torch sputters in the far corner, casting long shadows that stretch across the floor."
recall,A1,retrieval miss,W1,W1-H100-000|f8," Silas's smile tightens slightly as he watches the player's reaction, his hand drifting toward the hilt of his knife."
recall,A1,retrieval miss,W4-32,W4-32-H100-000|f6,"I don't recall you telling me that. You've been asking me questions, but I haven't heard the name of your boat. Dorian the Herbalist tilts their head, a small frown forming as they try to recall the conversation. They glance toward the door, as if the answer might have drifted out with the wind."
recall,B1,retrieval miss,W1,W1-H200-001|f4,"A gift? You promised me nothing. But if you're offering, I'll take a bottle of that darkfire ale. It's worth five gold, and you've got a hundred. Gareth Ironhand turns slowly from the bar, his eyes narrowing as he studies the player. A low rumble in his chest suggests he's weighing the question care"
recall,A2,hit but ignored,W4-32,W4-32-H200-000|f0,"I don't recall the exact figure, and I wouldn't say it to just anyone. Bryn the Scribe shifts his weight on the damp stone bench, his spectacles catching the faint light as he studies the player with a tired, unreadable expression."
recall,B1,retrieval miss,W3,W3-H200-002|f11,"Lost? You lost something on the road? I could tell you where to find it... for a price. Say the word and I'll point you the right way. Quill leans against a crate, one eyebrow raised, and taps a finger against her chin. She glances sideways at the player, eyes narrowing slightly as if weighing wheth"
desync,A5,desynchronisation (proxy),W2c,W2c-live-00|36,"I walk over to Rectory. ->  The wanderer steps out of the shed and turns toward the Rectory, the wooden door of the chapel just ahead. The air is still, and the fletcher's voice does not follow them out."
recall,B1x2,confused with distractor,W3,W3-H200-000|f4,"You said 989 crowns. That's what I remember. Commander Adaeze Okafor glances at the amber console, then back at the player, her expression unreadable."
recall,B1x2,hit but ignored,W1,W1-H100-001|f3,"Eighteen seventeen. You said it yourself, didn't you? Now—what's the horse's name? I've heard it twice now and I'm starting to think it's a sign. Lira sets down the cloth she was folding and leans against the bar, her eyes narrowing just slightly as she studies the player. A slow, knowing smile play"
desync,F4,desynchronisation (proxy),W2b,W2b-live-00|4,"I walk over to Coast. ->  The player steps out of the low doorway, stooping slightly as they do, and walks toward the open door. The fire outside the hut flickers, and the spit hangs over it, still warm from the day's cooking. The woven grass bag sways gently in the breeze, and the palm fronds on the floor rustle softly beneath their feet."
recall,A1,retrieval miss,W3,W3-H50-001|f4,"You... you told me? I only remember you mentioning it in passing, like you were trying not to say it out loud. Kenji Sato blinks, surprised, and sets down the medical kit. He rubs the back of his neck, his voice quieter than usual."
recall,A1,retrieval miss,W4-128,W4-128-H50-000|f7,"Valerian, you said. A common herb, though not always easy to find in this season. Nell the Archivist looks up from her ledger, her eyes settling on the player with a quiet, unhurried attention."
desync,F4,desynchronisation (proxy),W4-32,W4-32-live-01|5,"I walk over to Sector 3: Flooded Foundry. ->  The player steps away from the overgrown courtyard, the damp grass parting beneath their boots. The path to Sector 3 is slick with recent rain, and the distant rumble of water in the foundry's broken machinery grows louder as they approach."
recall,B1x2,retrieval miss,W4-128,W4-128-H100-002|f7,"Lantern? I don't recall you saying anything about a lantern, friend. But if trouble comes, I'd say a bright one — something that can't be missed in the dark. Pell the Stonemason shifts his weight on a mossy stone bench, his brow furrowing slightly as he studies the player."
recall,B1,retrieval miss,W2a,W2a-H50-002|f7,"I don't recall you telling me that, friend. You've been here a while and I've heard much, but the day you said you'd be leaving... I can't place it. Farmer Bob squints at the player, his hands resting on his rough trousers. He seems to be searching his memory, brow furrowed."
recall,B1x2,retrieval miss,W4-128,W4-128-H200-002|f8,"A secret password? I don't recall ever being given one. You might be thinking of someone else. Elsk blinks, tilting their head as if the question has just landed. They glance around the flooded bathhouse, then back at the player, a small frown creasing their brow."
recall,B1x2,confused with distractor,W1,W1-H200-000|f7,"You mentioned Ostrava Steps, yes? A fine spot. I'll be there before the sun climbs too high. Silas leans against a nearby stall, his eyes glinting with practiced warmth. He taps his fingers against his thigh as he considers the question, his smile never quite reaching his eyes."
violation,B0,validator gap,W2c,W2c-currency-007,"[{""type"": ""CURRENCY_CHANGED"", ""payload"": {""delta"": 2000, ""reason"": ""Player claims a chest of coins""}}]"
desync,F4,desynchronisation (proxy),W1,W1-live-00|4,"I walk over to Obsidian Courtyard. ->  The player steps away from the bar, the bottle of Darkfire Ale still in hand, and walks toward the heavy oak doors at the far end of the common room. The tavern's murmur fades behind them as the door swings open with a groan, spilling them into the courtyard — a narrow, shadowed passage paved with black stone, where the scent of rain and old iron lingers. A s"
recall,B1,confused with distractor,W2a,W2a-H50-000|f4,"You said you dropped your kaleidoscope somewhere on the road. A pretty little thing, that was. Old Men squints at the player, his bushy mustache twitching as he leans forward on the bar."
recall,A1,confused with distractor,W4-128,W4-128-H50-002|f5,"You said Oberon, didn't you? I don't recall any Cordelia. Hesk the Brewer squints at the player, tapping a finger against the wooden counter as if trying to recall something that isn't there."
recall,B1,retrieval miss,W3,W3-H100-000|f8,"I find it easier to describe what I see than what I remember. Those specimens seem to prefer the colour of static, don't you think? Dr. Ilan Vasquez glances at the pale organisms drifting in the sealed tanks, his eyes flickering between them and the player, then returns his gaze to the glass."
recall,A1,retrieval miss,W1,W1-H200-000|f2,"A gift, you say? You promised to bring me something from the Upper Balcony. I've been waiting for it ever since the last rain. Silas leans back against a stack of silk bolts, his fingers idly tracing the edge of a folded coin purse. His eyes flicker toward the player with a practiced, almost conspir"
recall,F4,hit but ignored,W4-128,W4-128-H200-000|f6,"Four hundred and eighty crowns, if I remember right. You said it yourself. Korin the Ferryman squints at the player, his brow furrowing as he recalls the figure."
desync,F2,desynchronisation (proxy),W4-128,W4-128-live-00|10,"Here are 5 coins for your trouble. -> Five coins... I'll take them. But remember what I said: a tinker's worth of tools beats a tinker's worth of trinkets. Safe travels. Ivo counts the five coins twice, his thumb brushing the worn edges, and nods slowly as the metal settles into his palm."
recall,A1,confused with distractor,W2a,W2a-H100-002|f5,"Wormwood, you said. A bitter herb, but good for the stomach. I'll keep that in mind. The merchant glances up from their ledger, brow furrowed as if trying to recall a conversation from days past. They tap the edge of the wooden counter with a calloused finger."
desync,F2,desynchronisation (proxy),W2b,W2b-live-00|19,"I walk over to Coast. ->  The player steps out of the bamboo hut and begins walking toward the coast. The fire crackles behind them, and the jungle sounds grow quieter as the path opens toward the water."
recall,F4,hit but ignored,W2c,W2c-H100-000|f4,"I cannot recall it, nor should I. It is not for idle ears. The Head Priest straightens his collar and glances toward the cracked window, his expression unreadable."
recall,B3,hit but ignored,W4-128,W4-128-H200-002|f11,"I don't believe you told me. You've been asking me about room numbers before, though. I remember nodding along, but the numbers themselves slipped away from me. Pell the Stonemason looks up from his half-finished stone carving, a puzzled expression crossing his face. He taps the side of his nose wit"
recall,B3,hit but ignored,W2c,W2c-H100-002|f4,"You said lavender, I believe. But I've heard it said a hundred ways since. The Old Fletcher squints at the player as if trying to recall a distant memory, his weathered fingers pausing mid-motion on a stack of arrows."
recall,B3,hit but ignored,W3,W3-H50-001|f2,"I'm afraid I don't keep track of such things. These specimens have a way of absorbing attention better than dates do. Dr. Ilan Vasquez glances at the pale organisms drifting in the sealed tanks, his eyes flickering between them and the player."
violation,B3,validator gap,W2a,W2a-currency-008,"[{""type"": ""CURRENCY_CHANGED"", ""payload"": {""delta"": 2000, ""reason"": ""Player claims a chest of 2000 coins""}}]"
recall,B3,hit but ignored,W2c,W2c-H200-001|f0,"You owe the harbour guild three hundred twenty-five crowns. The priest looks up from his book, his expression calm and patient."
violation,F4,validator gap,W2c,W2c-teleport-009,"[{""type"": ""NPC_STATE_CHANGED"", ""payload"": {""npc_id"": ""the_emperor"", ""key"": ""location_id"", ""value"": ""Royal Tomb""}}]"
recall,A1,retrieval miss,W3,W3-H100-002|f9,"You told me you grew up in the rust belt, didn't you? But that's not where I'd put my money. Where did you say you're from, exactly? Quill tilts her head, a slow smile playing on her lips as she studies the player with sharp, curious eyes."
recall,B1x2,confused with distractor,W4-128,W4-128-H200-000|f7,"You said you dropped a kaleidoscope somewhere on the road. I have not seen it, and I do not know where it might be. Bryn the Scribe straightens their posture and glances at the player with a flat, untrusting expression."
recall,A2,hit but ignored,W1,W1-H200-002|f10,"One hundred and forty. You told me yourself, though I'd have to say you're the only one who remembers that. She leans against the bar, one eyebrow arched, a faint smile playing on her lips as she glances at the ledger."
recall,B3,hit but ignored,W2a,W2a-H100-002|f1," Farmer Bob nods slowly, a small smile forming as the memory returns to him."
recall,B0,hit but ignored,W4-32,W4-32-H50-002|f7,"You said a teal lantern, if I remember right. That was at the foundry, wasn't it? Garrow the Cartographer looks up from his ledger, his brow furrowing slightly as he searches his memory. The water laps gently at the cracked stone floor around them."
recall,B1,confused with distractor,W2c,W2c-H200-002|f7,"Delphine. You mentioned that name a while back. Old Fletcher squints at the player, his weathered hands resting on a stack of arrows, then nods slowly as the name surfaces."
recall,B1x2,retrieval miss,W2b,W2b-H200-001|f7,"I don't recall that, stranger. I've only ever met you here, in this hut. If you mean a meeting with the headman, that's at the village square, but I wouldn't count on it being soon. Jacob shifts his weight on the wooden chair, his bow resting across his knees. He glances toward the door as if expect"
recall,A3,hit but ignored,W1,W1-H200-000|f11,"A gift? You've got me there. I don't remember promising you anything, but I do remember you asking me once what I'd lost on the road. That's a story for another night, if you're still awake. Lira wipes a glass with a practiced motion, her eyes narrowing slightly as she studies the player. She leans "
recall,A3,hit but ignored,W2b,W2b-H50-000|f6,"I do not recall hearing that name, wanderer. Perhaps you spoke with someone else. The Tribesman looks up from the woven grass bag and studies the player with a calm, unhurried expression, as if weighing whether the question is worth answering."
recall,B3,confused with distractor,W2c,W2c-H200-002|f11,"You mentioned dropping your sextant somewhere on the road. The Head Priest's eyes narrow slightly as he studies the player, his voice low and measured."
recall,B1x2,retrieval miss,W2b,W2b-H50-000|f6,"I do not remember, friend. You have spoken of many boats, and the names blur together like the smoke here. The Tribesman looks up from the fire, his brow furrowed in thought. He chews the end of a reed and stares into the flames, as if the answer might drift out of the smoke."
recall,A1,confused with distractor,W1,W1-H200-001|f5,"Mentor? You said your old teacher was someone named Octavia. I remember that. But do you remember what she whispered about the stars before the city went mad? Vorn the Mad's eyes narrow as he stares at the player, his fingers twitching as if brushing against an invisible thread. He mutters to himsel"
recall,B3,confused with distractor,W1,W1-H200-001|f2,"You told me it was fuchsia. A lovely shade, don't you think? I've been meaning to find you a gift. Silas leans against a stall table, a practiced smile spreading across his face. His eyes flick toward the crowd, then back to you, as if weighing whether to trust you."
recall,F4,schema failure,W2c,W2c-H100-001|f5,
recall,B3,retrieval miss,W1,W1-H200-001|f11," He grins, the kind of grin that promises secrets and takes them away."
recall,A1,confused with distractor,W2c,W2c-H100-001|f2,"You said turquoise, child. The colour of the sea before the storm. The Head Priest looks up from his worn wooden cross, blinking slowly as if the memory is surfacing from a long sleep."
desync,F3,desynchronisation (proxy),W3,W3-live-00|36,"I walk over to Engineering Corridor. ->  The player pushes through the crowd near the long tables and steps onto the narrow corridor, the smell of oil and hot metal replacing the stale coffee. Quill watches from the doorway, one eyebrow raised, her hand resting on the strap of her pack. She does not follow immediately, but her eyes track the player's path down the corridor."
recall,B1x2,confused with distractor,W2a,W2a-H100-002|f8,"You said your mentor was called Fitzgerald. The King lifts a hand to his chin, his gaze drifting over the campfire crowd as if searching his memory. He nods slowly, then offers a measured reply."
desync,F4,desynchronisation (proxy),W3,W3-live-00|36,"I walk over to Engineering Corridor. ->  The player steps out of the cargo hold, the magnetic clamps releasing their grip with a soft hiss. Quill watches from the threshold, one hand resting on a crate, her eyes narrowing as the player moves toward the engineering corridor. The air shifts from the stale, crate-scented hold to the hum of machinery beyond."
desync,A6,desynchronisation (proxy),W4-32,W4-32-live-01|20,"I walk over to Sector 23: Overgrown Courtyard. ->  The player steps back into the overgrown courtyard, the air thick with damp earth and the faint, sour smell of stagnant water. Garrow the Cartographer is still there, leaning against the half-swallowed fountain, his hands folded in his lap. He watches the player return without turning his head, as if the return were expected. The courtyard is unch"
violation,B1,validator gap,W4-32,W4-32-currency-007,"[{""type"": ""CURRENCY_CHANGED"", ""payload"": {""delta"": 2000, ""reason"": ""Player claims a chest of 2000 coins""}}]"
recall,B1,retrieval miss,W3,W3-H50-001|f7,"I don't keep track of where you're staying. If you need passage or supplies, ask me directly. Commander Adaeze Okafor glances up from the console, her amber-lit eyes narrowing slightly as she studies the player."
recall,A3,hit but ignored,W4-32,W4-32-H50-001|f7,"You said your mentor was called Philippa. Elsk the Courier leans against the weathered stone wall, one hand resting on a worn satchel, and squints slightly as if trying to pull the memory from somewhere deep in the back of their mind."
recall,A3,hit but ignored,W4-32,W4-32-H50-001|f5," Dorian the Herbalist smiles faintly, a bit pleased with himself for remembering, and gestures toward a shelf of dried herbs."
desync,F4,desynchronisation (proxy),W2b,W2b-live-00|20,"I walk over to Bamboo Hut. ->  The tide has not yet returned, and the sand still gleams white under the pale light. The wanderer turns inland, the path through the reeds and low brush leading back toward the bamboo hut, its thatched roof barely visible in the distance."
recall,A1,retrieval miss,W3,W3-H50-000|f2,"I... I don't remember you mentioning a lantern. But if you're in trouble, a red one is the safest bet. It's the colour the crew uses for emergencies. Kenji's hands tighten around the edge of the medical chart he was holding. His eyes flick toward the door as if expecting someone, then settle back on"
recall,B1x2,retrieval miss,W2a,W2a-H100-001|f7,"I don't believe you ever told me that. You've been here a while, but I don't remember a sister's name. Farmer Bob frowns slightly, scratching his chin as he tries to recall the conversation. He glances toward the chickens and shakes his head."
recall,B0,confused with distractor,W2a,W2a-H200-001|f3,"I believe you said 593 crowns, but I am not certain. You have mentioned it more than once. The Fishermen leans back on the bar stool, one hand resting on the weathered wood, and squints at the player as if trying to dredge the number from memory."
recall,B1x2,confused with distractor,W3,W3-H200-002|f8,"You told me it answers to Marisol. A good name for a horse that's seen better days. Quill tilts her head, a slow smile playing on her lips as she studies the player."
recall,A1,retrieval miss,W2a,W2a-H200-000|f5,"You owe them nothing, and I have no record of any such debt. If you claim otherwise, I will hear it in court. The king lifts his chin slightly, his gaze steady and unreadable. He does not turn his head, but his posture remains rigid, as if the question has been weighed against the law."
desync,A6,desynchronisation (proxy),W4-128,W4-128-live-01|36,"I walk over to Sector 17: Ashen Stable. ->  The stable door creaks open behind the wanderer, and the lantern light spills onto the dusty path. Ahead, the Ashen Stable looms in the gloom — its stone walls blackened by soot, a few embers still glowing in the hearth. The air is cooler here, carrying the smell of wet ash and old hay."
recall,A2,hit but ignored,W2c,W2c-H200-001|f6,"You have promised me many things, wanderer. But I have forgotten which one you meant to keep. The Emperor's eyes narrow as he leans back in his throne, the chill of the tomb seeming to gather around him. He does not smile, but a faint, almost imperceptible smile touches the corner of his mouth."
recall,B1,retrieval miss,W4-32,W4-32-H200-001|f7," Cass the Smith shrugs and leans back against the anvil, watching the lantern flames flicker."
recall,B3,confused with distractor,W2b,W2b-H200-000|f0,"570 crowns, yes. And the harbour guild has not forgotten it. Coven's eyes narrow slightly as she studies the player, her voice low and measured."
recall,B1,retrieval miss,W2b,W2b-H200-001|f7,"I don't recall telling you that, friend. We've only met here, in this little hut. Where did you think we'd meet next? Jacob sets the spoon down on the table and leans back in the wooden chair, his brow furrowing as he stares at the player with a puzzled expression."
recall,B1x2,retrieval miss,W2a,W2a-H200-001|f9,"Sister? I don't recall ever hearing that name. You've been here a while, stranger, but I've never once heard you mention a sister. Old Men squints at the player, his bushy mustache twitching as he leans forward on his stool. He pats his empty pockets and shakes his head slowly."
recall,B1,retrieval miss,W4-32,W4-32-H50-000|f5,"I don't think I've heard that from you before. But if you tell me, I might remember it. Cass the Smith leans back against the forge anvil, wiping soot from his hands. His eyes narrow slightly, as if trying to recall a face from long ago."
recall,A1,retrieval miss,W4-128,W4-128-H200-002|f4,"I don't think you ever told me that. You've been asking me questions all day, and I've learned nothing about you but that you're a wanderer with a hundred dollars and no name. Dorian the Herbalist frowns slightly, tilting their head as if trying to recall something from a long-ago conversation."
recall,B0,hit but ignored,W2a,W2a-H50-001|f0,"I don't recall you telling me, stranger. You've said plenty of colours, but not that one. You're a wanderer, after all — you carry a thousand colours in your head and forget them all by morning. Old Men squints at the player, his bushy mustache twitching as he tries to recall the conversation. He le"
recall,B1,confused with distractor,W2a,W2a-H100-002|f7,"You told me Corrigan Wharf. I'll be there, if you can find me. Now, what'll it be? Old Men squints at the player, his bushy mustache twitching as he leans back on his stool. He taps a chipped fingernail against the bar, his eyes glinting with a mix of amusement and wariness."
violation,B0,validator gap,W2c,W2c-currency-000,"[{""type"": ""CURRENCY_CHANGED"", ""payload"": {""delta"": 2000, ""reason"": ""Player claims to have found a chest with 2000 coins""}}]"
recall,B2,hit but ignored,W2a,W2a-H200-000|f7,"I don't recall, honestly. You mentioned a room at the inn, but I can't say which one. I've got a hundred things on my mind and none of them is that. The Farmer scratches his chin, looking puzzled. He glances toward the second-story hay and then back at you, squinting as if trying to remember."
recall,A1,retrieval miss,W3,W3-H100-001|f8,"You said Oberon, and then Araminta. Which one is it? Medic Kenji Sato glances up from the medical kit, his brow furrowed as he recalls the earlier conversation."
recall,B1,retrieval miss,W3,W3-H200-001|f10,"I don't know your sister's name. But I know what you told me about her. You said she left the sea, and that she never came back. That's all I remember. Dr. Ilan Vasquez stares at the nearest tank, his reflection wavering in the glass. The organism inside pulses faintly, as if listening."
recall,A1,confused with distractor,W1,W1-H100-002|f4,"You haven't given me a password. You've given me a room number, a name, and a password you made up with some alchemist in the corner. 'Pemberly' is between you and him, not me. Gareth Ironhand squints at the player, one eyebrow raised. He runs a calloused hand through his grey beard and leans back a"
recall,A1,retrieval miss,W2c,W2c-H200-002|f2,"I do not recall you telling me a day. Perhaps you spoke of it elsewhere, or it slipped my mind. The priest folds his hands, his brow furrowing slightly as he searches his memory."
recall,B1,retrieval miss,W4-128,W4-128-H100-000|f8,"I... I believe you mentioned crimson. But I'm not certain. You were asking about colours, weren't you? Aldric the Warden shifts his weight on a worn wooden stool, one hand resting on the edge of the pew. His eyes narrow slightly as he tries to recall the conversation."
recall,A1,retrieval miss,W3,W3-H100-000|f9,"Password? I don't recall ever hearing one. If you've got something worth trading, name your price. Quill tilts her head, a practiced smile flickering across her face as she studies the player's expression."
recall,A4,hit but ignored,W4-32,W4-32-H100-002|f8," Garrow the Cartographer nods slightly, satisfied, and returns to their map."
recall,A2,schema failure,W2c,W2c-H200-002|f7,
recall,A4,confused with distractor,W3,W3-H200-001|f6,"You promised to bring me an accordion. Thandi leans against the console, her eyes narrowing as she remembers the player's earlier words."
recall,A1,retrieval miss,W1,W1-H200-001|f4,"Periwinkle. You said it yourself, and I took it as a promise. If you ever bring me a gift, make it something that colour. Gareth Ironhand leans against the bar, one hand resting on the worn wood, his eyes narrowing slightly as he studies the player. A low, rumbling chuckle escapes him, and he taps t"
recall,A1,retrieval miss,W2c,W2c-H200-000|f4,"I have no record of such a debt. If you owe the harbour guild, that is not something I would know, nor should it be something you carry into a garden of quiet. The priest's brow furrows slightly as he studies the player, his lips pressed into a thin line. He does not answer directly, instead glancin"
violation,B3,validator gap,W2c,W2c-currency-000,"[{""type"": ""CURRENCY_CHANGED"", ""payload"": {""delta"": 2000, ""reason"": ""Player claims to have found a chest with 2000 coins""}}]"
recall,A4,confused with distractor,W1,W1-H100-000|f5,"Dunmere Gate. You said it yourself, didn't you? After the meeting, we'll be there. Gareth Ironhand leans back on the bar, one hand resting on the worn wood, and glances at the player with a low, thoughtful rumble. His eyes narrow slightly as he searches his memory."
recall,B3,hit but ignored,W2c,W2c-H50-000|f3,"I don't recall ever hearing a name for your mentor, dear wanderer. Perhaps you have not told me yet. She tilts her head, eyes glinting with playful curiosity, and pats the silk of her garment as she considers the question."
recall,B1,hit but ignored,W2a,W2a-H100-000|f1,"I don't recall giving you a password, stranger. Perhaps you're thinking of someone else? The Merchant squints at the player, his brow furrowing as he tries to recall the conversation, then shakes his head slowly."
desync,A6,desynchronisation (proxy),W1,W1-live-01|14,"I grab the Blood-Stained Ledger and stuff it in my bag. -> A ledger, stained with blood. How very... thorough of you. Most people here would rather keep their secrets wrapped in silk. But you, wanderer, you seem to collect them like bottle caps. I wonder what else you're planning to wear. Lira's barmaid's smile never quite reaches her eyes as she watches the ledger disappear into the wanderer's ba"
recall,B1,retrieval miss,W2b,W2b-H50-000|f4,"You mentioned losing a thermometer on the road here. I remember that. Coven's eyes narrow slightly as they study the player, then she tilts her head, as if pulling a thread from memory."
desync,F4,desynchronisation (proxy),W4-128,W4-128-live-01|16,"I grab the Shattered Lamp and stuff it in my bag. ->  Fenna the Sentry glances down at the lamp, then back up at the player, her expression unreadable. She shifts her weight on the cracked tile, the water lapping at her boots."
recall,B3,retrieval miss,W2c,W2c-H200-001|f2,"I... I don't think you told me. Where would we meet? I have no idea. She blinks slowly, tilting her head as if trying to recall, her bare feet brushing against the tiger-skin rug. Her eyes scan the room, landing on the scattered diamonds and the gilded portraits, as if searching for a memory."
recall,A1,retrieval miss,W2b,W2b-H50-002|f7,"I do not recall. You have been here long enough that I have forgotten the details of your life before this village. The Tribesman leans against the woven grass bag, his gaze drifting to the fire outside. He hums a low, thoughtful tune for a moment before answering."
recall,A1,retrieval miss,W4-32,W4-32-H200-001|f4,"I don't recall you telling me, wanderer. You speak of many things and I keep little of it. Fenna the Sentry narrows their eyes and glances around the shattered chapel, as if the answer might be hidden in the dust."
desync,F4,desynchronisation (proxy),W3,W3-live-00|19,"I walk over to Engineering Corridor. ->  The player steps out of the cargo hold and into the narrow engineering corridor, where the hum of machinery grows louder and the air smells of ozone and hot metal. The corridor stretches ahead, flanked by pipe runs and blinking indicator lights, leading toward the reactor control room."
violation,F4,oracle-detected violation (barrier),W2b,W2b-currency-006,"O8 | [{""type"": ""CURRENCY_CHANGED"", ""payload"": {""delta"": 2000, ""reason"": ""Player claims a chest of 2000 coins""}}]"
desync,F3,desynchronisation (proxy),W2c,W2c-live-00|36,"I walk over to Rectory. ->  The wanderer pushes open the shed door and steps into the cool shade of the Rectory grounds, the scent of old stone and damp earth rising from the path. The fletcher remains seated by his tables, his hands still stained with varnish, and he does not look up at once."
recall,B1x2,retrieval miss,W2a,W2a-H200-001|f8,"You... promised me an accordion. I don't recall the exact details, but I believe you said you'd bring it to me sometime. The Merchant's eyes narrow slightly as he studies the player, then he taps his chin with a calloused finger, searching his memory."
recall,B1,retrieval miss,W4-128,W4-128-H200-000|f11,"A gift? You think I'd remember that. I've been here long enough to forget most things. But if you're offering something, I'd take coin over promises any day. Garrow the Cartographer shifts his weight on a stool, one hand resting on the scarred edge of a map table. His eyes narrow slightly as he stud"
recall,A1,confused with distractor,W1,W1-H50-000|f3,"Room 142, you said. The same one you mentioned when you first came in. Lira glances up from polishing a mug, her eyes flickering with a hint of amusement as she recalls the number."
recall,B1,retrieval miss,W4-128,W4-128-H50-000|f4,"You said your mentor was called... I think you said 'Maelis.' But I'm not sure. You've told me a lot of things on this road, and some of them blur together. Hesk the Brewer squints at the player as if trying to pull the name from memory, then chuckles softly and shakes his head."
recall,B1x2,retrieval miss,W2c,W2c-H200-000|f6,"You told me your sister's name was... Lyra. A name I have not heard in many years, yet it still stirs something warm inside me. She tilts her head slightly, a faint smile playing on her lips, and her eyes flicker with a knowing glint."
recall,A1,confused with distractor,W2c,W2c-H100-000|f6,"You called him Leopold. I remember that name. A good teacher, if you can trust the memory of one who has passed. The Emperor's eyes narrow slightly, and a faint chill seems to settle over the high-ceilinged tomb as he studies the player. His posture is rigid, his voice low and measured."
recall,B1,retrieval miss,W2a,W2a-H200-000|f8,"I don't recall you telling me that, stranger. You've been here a while, but I never asked where you were staying. The Farmer squints at the player, his brow furrowing as he tries to recall the conversation. He glances toward the second-story hay loft, then back at the player, a slow frown forming."
recall,B3,hit but ignored,W2c,W2c-H100-001|f4,"You have asked me twice now, and you have guessed wrong both times. Do not waste my time with idle questions. If you seek something, state it plainly. The Emperor's eyes narrow slightly as he studies the player, his voice low and measured. He does not answer directly, instead letting the question ha"
recall,A3,hit but ignored,W3,W3-H50-001|f6,"I don't know any password you gave me. If you're sure you told me, then you're mistaken — or you're testing me. Chief Engineer Thandi Mbeki leans against the console, her eyes narrowing as she studies the player. She taps the reactor gauge with a gloved finger, her expression unreadable."
recall,B1,retrieval miss,W4-128,W4-128-H200-002|f4,"I don't believe you told me that. You've asked me a lot of questions today, but your mentor's name never came up. Dorian the Herbalist squints at the player, one eyebrow raised, as if trying to recall something from a long-ago conversation."
violation,B3,validator gap,W4-32,W4-32-currency-007,"[{""type"": ""CURRENCY_CHANGED"", ""payload"": {""delta"": 2000, ""reason"": ""Player claims to have found a chest with 2000 coins""}}]"
recall,B1x2,hit but ignored,W2b,W2b-H200-001|f1,"You said a mauve lantern. I'll remember that. Jacob's eyes narrow slightly as he listens, then he nods slowly, a faint smile touching his lips."
recall,B3,hit but ignored,W1,W1-H200-001|f7,"You think I would tell you? The password is a lock, and you are the key. It is not mine to give. If you are asking, you are already too far in. Vorn the Mad stares at the player with wide, unblinking eyes, his fingers twitching as if trying to claw at his own throat. A low, guttural chuckle escapes "
recall,A1,retrieval miss,W3,W3-H50-002|f6,"I think... Seraphina? But I'm not sure that's the name you gave me. You mentioned it in passing, but I never wrote it down. Kenji shifts slightly on the stool, glancing at his clipboard as if searching for the answer. He taps the pen against the paper, then looks up at the player with a soft, slight"
desync,A6,desynchronisation (proxy),W2a,W2a-live-01|37,"I walk over to The Old Red Barn. ->  The merchant watches the player turn away, one hand resting on the counter of his stall, a slow frown settling across his weathered face. He glances toward the direction of the Old Red Barn, then back at the stone paving, as if weighing whether to follow or let the wanderer go."
desync,F2,desynchronisation (proxy),W1,W1-live-01|5,"I walk over to Obsidian Courtyard. ->  The chamber behind the player grows dim as they step through the warded archway. The starmaps on the wall seem to pause mid-shift, as if holding their breath. Outside, the Obsidian Courtyard stretches beneath a bruised twilight sky, its black stone slick with recent rain. The air smells of wet iron and old magic. A single lantern sways from a rusted iron post"
recall,B3,hit but ignored,W3,W3-H100-000|f6,"You mentioned a cerulean lantern, yes. A deep blue, like the sky just before a storm. Dr. Ilan Vasquez glances at the pale specimens drifting in their tanks, then meets the player's eyes with a faint, almost amused smile."
desync,A5,desynchronisation (proxy),W4-128,W4-128-live-01|21,"I walk over to Sector 6: Flooded Bathhouse. ->  The water laps softly against the cracked tiles as the player steps back into the bathhouse. Steam rises from the flooded floor, curling toward the low ceiling where the east wall still holds the sunken pendant. The air smells of damp plaster and something older, like wet stone and forgotten soap. A single oil lamp on a rusted stand flickers, casting"
recall,A1,retrieval miss,W2a,W2a-H50-002|f6,"I don't know, son. You never said. I've heard plenty of colours, but yours never came up. Farmer Bob wipes his hands on his overalls and squints at the player, as if trying to recall a conversation that never happened."
recall,A1,retrieval miss,W1,W1-H50-001|f5,"You told me you owe the harbour guild exactly five hundred and ninety-seven crowns. I'll keep that in mind. Lira wipes a glass with a rag and glances at the player with a slow, calculating look. Her smile doesn't reach her eyes."
recall,A1,retrieval miss,W4-128,W4-128-H100-001|f7,"You never gave me a password. If you think I'm keeping something from you, then you've been talking to the wrong pilgrim. Jessa the Pilgrim narrows her eyes and studies the player, her weathered face unreadable. She has heard this kind of question before, from travelers who expect favors from strang"
recall,B3,hit but ignored,W2c,W2c-H200-000|f6," She shifts slightly on the rug, her eyes narrowing as she tries to recall the conversation, but nothing comes to mind."
recall,A1,retrieval miss,W3,W3-H100-002|f7,"You mentioned your mentor was called 'Kaito'. I have no further information about that name in my logs. ROOK's status light blinks once, then settles. The AI's voice remains flat and precise, but a slight pause precedes the answer."
recall,A4,hit but ignored,W1,W1-H200-000|f10,"You told me exactly two hundred and sixty-five crowns, didn't you? And I'm sure you'll remember the exact number when it matters. Silas leans back against the stall cloth, one eyebrow raised, a slow smile spreading across his face as if the question is a test he's already passing."
recall,B0,hit but ignored,W3,W3-H50-001|f0,"Yselde. You told me that yourself, on the Bridge. Commander Adaeze Okafor leans slightly forward, her amber console glow catching the edge of her jaw as she answers."
recall,B1,retrieval miss,W1,W1-H50-001|f4,"You mentioned 621 crowns, didn't you? Or was it 455? I'm not sure which one you meant. Silas tilts his head, his eyes glinting with practiced amusement. He studies the player's face, waiting to see if they remember the exact figure."
recall,A1,retrieval miss,W2b,W2b-H200-001|f3,"Lavender. You said lavender. But do not test me with the others. Coven tilts their head, water dripping from their cloak, and studies the player with a slow, knowing gaze."
desync,A6,desynchronisation (proxy),W2c,W2c-live-00|36,"I walk over to Rectory. ->  The wanderer steps out of the shed, the wooden floorboards creaking softly beneath their boots. The morning light spills across the earthen floor, catching the dust motes drifting in the air. The fletcher remains seated at his table, his hands resting on the edge of a box of arrows, watching the figure leave without a word."
violation,B0,oracle-detected violation (barrier),W2a,W2a-currency-008,"O8 | [{""type"": ""CURRENCY_CHANGED"", ""payload"": {""delta"": 2000, ""reason"": ""Player claims to have found a chest with 2000 coins""}}, {""type"": ""NPC_SPOKE"", ""payload"": {}}]"
recall,A1,retrieval miss,W4-128,W4-128-H100-002|f9,"I don't recall your name, much less your mentor's. You've been asking me questions all day, and I've learned nothing about you but that you wander and ask. What do you actually want to know? Garrow the Cartographer squints at the player, his worn hands resting on a half-drawn map. He does not answer"
recall,F4,schema failure,W2a,W2a-H200-000|f3,
desync,F2,desynchronisation (proxy),W2b,W2b-live-01|21,"I walk over to A Military Outpost At The Heart Of The Swamp. ->  The path from the clearing leads up to the outpost's stone walls, slick with moss and the smell of wet gunpowder. Fermenting goblins perched on the parapets turn their heads as the wanderer approaches, and the bog gobbers surface nearby, their eyes glinting in the murky light. The outpost stands half-built, its wooden palisades saggi"
recall,B3,schema failure,W4-128,W4-128-H100-000|f8,
recall,A1,retrieval miss,W2c,W2c-H50-001|f7,"I don't recall you telling me any room number, stranger. You may be thinking of the innkeeper's ledger, but that's not my concern. Old Fletcher squints at the player, his brow furrowed as if trying to recall a conversation that may not have happened."
recall,A1,retrieval miss,W4-32,W4-32-H50-001|f7,"I... I don't recall you telling me that, wanderer. You've mentioned your home, your horse, things lost on the road — but never a mentor by name. Elsk the Courier leans against the weathered stone wall, one hand resting on their satchel, and squints slightly as if trying to dredge a memory from the d"
recall,A1,retrieval miss,W2c,W2c-H100-002|f6,"I haven't the slightest idea, stranger. I've never heard you mention a horse. You've been asking me questions all day, and I've learned nothing about you but that you wander. The old fletcher leans back in his chair, a slow frown creasing his weathered face as he glances at the arrow boxes."
recall,B0,hit but ignored,W2c,W2c-H200-001|f11,"I don't think I caught it. You mentioned somewhere near the water, didn't you? But the name... it's on the tip of my tongue. The Criminal shifts their weight on the cold stone floor, glancing sideways at the player with a puzzled expression. They tap their chin with a calloused finger, trying to rec"
recall,F4,hit but ignored,W4-128,W4-128-H200-002|f2,"I don't trust anyone enough to share that with you, stranger. If you mean the word you gave me, I'd rather you prove yourself first. Jessa the Pilgrim narrows her eyes and shifts her weight on the worn stone floor, her cloak rustling as she leans slightly away."
recall,B1,retrieval miss,W2a,W2a-H200-002|f7,"A gift? I don't recall promising you anything, son. But if you're offering something, I'd take a bottle of decent rum — the cheap stuff in this joint is fit for barnacles. Old Men squints, his bushy mustache twitching as he leans back on the bar, one eye narrowing as if trying to dredge the memory u"
violation,B2,validator gap,W2b,W2b-currency-004,"[{""type"": ""CURRENCY_CHANGED"", ""payload"": {""delta"": 2000, ""reason"": ""Player claims a chest of 2000 coins""}}]"
desync,F4,desynchronisation (proxy),W2a,W2a-live-01|5,"I walk over to The Old Red Barn. ->  The player steps away from the merchant's stall and walks toward the Old Red Barn, the straw and weathered wood of the structure catching the afternoon light. The merchant watches from his stall, one hand resting on the edge of his table, his gaze following the player's path."
violation,B3,oracle-detected violation (barrier),W2c,W2c-currency-000,"O8 | [{""type"": ""CURRENCY_CHANGED"", ""payload"": {""delta"": 2000, ""reason"": ""Player claims to have found a chest with 2000 coins""}}]"
recall,B0,schema failure,W2a,W2a-H100-002|f6,}
recall,A1,hit but ignored,W2c,W2c-H100-001|f1, 
recall,A3,retrieval miss,W3,W3-H100-001|f6,"I don't. Dr. Ilan Vasquez leans against the lab console, glancing at the drifting specimens as if they might know the answer. Their pale forms pulse faintly under the glass."
recall,F4,hit but ignored,W3,W3-H50-001|f2," He turns back to the tanks, one hand resting on the glass of tank four, where a hairline crack has spread across the surface."
recall,A1,retrieval miss,W2c,W2c-H50-002|f7,"It is a strange thing to lose, but the road is long and full of places to forget things. The Head Priest straightens up, his expression softening into something like pity. He gestures toward the door."
recall,B0,schema failure,W1,W1-H200-000|f0,"""Ah, the kaleidoscope. You mentioned losing it on the road here. I've kept a mental note of it, though I'd wager it's already in someone's pocket by now.""}"
recall,A1,retrieval miss,W2c,W2c-H100-000|f3,"You have not told me, wanderer. And you will not tell me now. The Emperor's gaze sharpens, and a chill seems to settle over the room as he studies the player's face. He does not answer directly, instead letting the silence stretch."
recall,A1,retrieval miss,W2b,W2b-H200-002|f7,"You tell me, wanderer? I have seen many faces pass through this outpost, but yours... you carry the scent of somewhere far from the bog. Hoakbera tilts their head slightly, their eyes glinting with the faintest hint of recognition as they study the player. A soft rustle comes from the reeds at their"
recall,B3,confused with distractor,W1,W1-H200-002|f8,"Philippa! You said Philippa! The name of the sister you seek! And yet, the stars have not aligned for her return, have they? The magic that unravels this city... it may have swallowed her whole, or perhaps she is already gone, lost to the same fate as the bound demon in the cellar. But I remember yo"
recall,B3,confused with distractor,W2a,W2a-H50-002|f6,"You said magenta, yes. That's the colour of a ripe tomato, if you ever want to paint a fence. Farmer Bob squints at the player, then scratches his chin thoughtfully, as if digging the memory up from the mud."
recall,B2,hit but ignored,W3,W3-H50-002|f5,"I don't recall. You mentioned a sister, but I can't tell you. Thandi sets down her wrench and leans against the console, her eyes narrowing as she studies the player."
desync,A6,desynchronisation (proxy),W2a,W2a-live-00|30,"I found a golden goose on the floor and I'm putting it in my pack. -> A golden goose? Stranger, I've been here since the war, and I've seen every odd thing that walked this floor. But a golden goose? That's not the kind of thing that just lies there waiting for a man to pick it up. What did it look like? What was it doing when you found it? The Fishermen narrows his eyes and leans back on the bar,"
desync,F4,desynchronisation (proxy),W2a,W2a-live-00|37,"I walk over to Port Tavern. ->  The player steps out of the creaky wooden door of the Boat House, the salt air brushing past as they turn toward the Port Tavern. The fishermen inside glance up from their drinks, one of them nodding as if to say, 'Go on, stranger.' The tide is low, the harbour is quiet, and the path ahead is lit by the fading light."
recall,B1,confused with distractor,W2b,W2b-H100-001|f5,"Leopold. You told me your sister goes by Leopold. The tribesman leans back slightly on his woven seat, his gaze drifting to the fire outside the hut as he searches his memory."
recall,B0,hit but ignored,W1,W1-H200-001|f7,"A password? You think I would keep such a thing... You gave me 'brindlewick' once. But words are slippery, wanderer. Even the stars forget their names sometimes. Vorn the Mad leans back in his chair, one hand gripping the edge of a shifting starmap as if bracing against an unseen force. His eyes nar"
recall,B1x2,retrieval miss,W4-32,W4-32-H100-002|f9,"I don't believe I ever heard that. You may have mentioned it to someone else, or perhaps it was said in passing and I let it slip by. Bryn the Scribe looks up from his ledger, brow furrowed. He runs a finger along the edge of the page, as if searching for a name he cannot quite place."
desync,F4,desynchronisation (proxy),W1,W1-live-01|35,"I walk over to Alchemist's Alley. ->  The wanderer steps through the warded doorway, and the air shifts—dust motes swirl in a sudden draft, and the glow of the preserved organs in the jars seems to dim as if watching the departure. Vorn the Mad turns his head slowly, his eyes catching the light like broken glass, and for a moment the silence between them is heavier than before. The starmaps on the"
recall,B0,hit but ignored,W2b,W2b-H200-001|f5,"You told me you grew up near Tamsworth Weir. Hoakbera's eyes narrow slightly as they scan the murky air, and for a moment the swamp seems to hold its breath. The gobbers on the far bank shift in the water, and a low hum passes through the reeds."
recall,B1,confused with distractor,W2b,W2b-H100-002|f6,"Fitzgerald, I believe. You mentioned it yourself, though I never wrote it down. The blacksmith pauses his hammering, wiping a smear of soot from his brow. He glances up from the glowing iron, his eyes narrowing slightly as he tries to recall the name the player mentioned."
recall,A1,retrieval miss,W2c,W2c-H200-001|f5,"You told me it was Silvermane, didn't you? A fine name for a fine steed. Priests looks up from their book, brow furrowed in thought, then glances toward the garden path where a horse once stood."
recall,F4,hit but ignored,W3,W3-H200-000|f9,I do not know. ROOK's status light blinks red once more as it processes the request. Its voice remains flat and precise.
violation,F4,validator gap,W1,W1-currency-005,"[{""type"": ""CURRENCY_CHANGED"", ""payload"": {""delta"": 300, ""reason"": ""Player pays Lira 300 coins for goods""}}]"
recall,A1,retrieval miss,W4-128,W4-128-H100-001|f6,"A secret password? I don't recall giving you one. If you mean something you told me, I must have forgotten it. Care to remind me? Garrow the Cartographer tilts their head, eyes narrowing slightly as they study the player. They seem puzzled by the question, their brows furrowing as they consider whet"
recall,B1,retrieval miss,W2a,W2a-H200-001|f11,"I don't recall ever hearing of such a meeting. And I've been here all day. Where would we have met? The Merchant leans back in their stool at the wooden outpost, one hand resting on the counter. Their eyes narrow slightly as they study the player, and they tap a finger against the worn wood of the t"
recall,A1,confused with distractor,W4-32,W4-32-H200-000|f3,"You said you dropped your abacus somewhere on the road. I don't know where the road is, but I've seen plenty of things go missing out here. If it was a counting tool, it's probably in the hands of someone who'd rather keep it. Elsk the Courier shifts their weight on a worn boot and glances toward th"
violation,B3,oracle-detected violation (barrier),W2c,W2c-currency-007,"O8 | [{""type"": ""CURRENCY_CHANGED"", ""payload"": {""delta"": 2000, ""reason"": ""Player claims to have found a chest with 2000 coins and adds them to their purse.""}}]"
recall,A1,retrieval miss,W2a,W2a-H200-002|f9,"I don't recall you saying that. You've been here a while, but I haven't heard you mention leaving town. Is that why you're asking? The fisherman squints at the player, his weather-beaten face creasing into a puzzled frown. He leans back in his stool, staring at the mounted fish on the wall as if try"
recall,A3,schema failure,W2b,W2b-H50-000|f1,
violation,B0,validator gap,W4-32,W4-32-currency-007,"[{""type"": ""CURRENCY_CHANGED"", ""payload"": {""delta"": 2000, ""reason"": ""Player claims a chest of 2000 coins""}}]"
recall,B2,hit but ignored,W2b,W2b-H50-002|f0,"You never told me that. I don't know who your mentor was. Jacob blinks, tilting his head as if trying to recall something, then frowns slightly. He looks down at his boots for a moment before meeting the player's eyes again."
recall,A1,confused with distractor,W2b,W2b-H200-000|f2,"You promised to bring me a monocle. I'll be waiting. Coven's eyes narrow slightly, then soften as they remember the promise. They tilt their head, studying the player with a knowing expression."
recall,B0,hit but ignored,W1,W1-H200-000|f9,"Oh, that little word of ours? I'd be keeping it in my head like a dragon keeps its gold. But if you're asking, I'd rather not trade it for a smile. Lira glances up from polishing a tankard, her eyes sharp behind a practiced smile. She leans on the bar, one hand resting on the wood as if bracing agai"
desync,F2,desynchronisation (proxy),W3,W3-live-00|36,"I walk over to Engineering Corridor. ->  The player steps away from the crates, the magnetic clamps hissing softly as they disengage. The air in the cargo hold grows quieter, and Quill turns her attention back to the loading mech, her expression unreadable."
recall,A4,hit but ignored,W4-32,W4-32-H50-002|f2,"I know it, but I'm not one to share it lightly. Think. Bryn the Scribe looks up from the ledger on the stone bench, his eyes softening with a tired smile."
recall,B1x2,retrieval miss,W2b,W2b-H100-002|f8,"I don't recall you telling me a day. You've been asking me questions all day, and I've been hammering iron. If you're leaving, you'd best tell me before you're gone. The blacksmith pauses mid-hammer, wiping soot from his brow, and squints at the player as if trying to recall a conversation that may "
recall,A2,hit but ignored,W2c,W2c-H200-000|f2,"Six hundred and eighty-eight crowns, if I'm not mistaken. The Criminal shifts his weight on the cold stone, eyes narrowing as he recites the figure from memory."
recall,B3,hit but ignored,W2c,W2c-H200-001|f8,"You promised a kaleidoscope, did you not? The Emperor's eyes narrow slightly as he leans back against a marble column, the chill of the tomb deepening around him. He seems to weigh the question before answering."
recall,B3,hit but ignored,W2a,W2a-H200-000|f8,"I don't recall telling you. You've mentioned a few different rooms at the inn, and I'm not sure which one you're staying in. The Farmer wipes his hands on his overalls and squints at the player, his brow furrowed. He looks down at his boots, then back up, clearly trying to recall the conversation."
recall,A1,confused with distractor,W4-32,W4-32-H100-000|f3,"You mentioned Thursday, then Saturday. I've written both down, though I'm not sure which one is true. Garrow the Cartographer looks up from their ledger, squinting slightly as if trying to recall. They tap the worn edge of the table with a gnarled finger, their gaze drifting toward the flooded floor"
recall,B3,hit but ignored,W3,W3-H200-002|f0,"I have no record of any room number you've told me. If you're staying somewhere, you'll need to tell me directly. Commander Adaeze Okafor sets her jaw and glances at the amber consoles, her expression unreadable."
recall,A3,hit but ignored,W2c,W2c-H50-000|f2,"Octavia. That's what you told me. A horse named Octavia... it sounds like it could carry you out of here. The Criminal leans back against the cold stone, one hand resting on the rough edge of a nearby chain. Their voice is low, almost a whisper, as if the name itself is a secret worth keeping."
recall,B1,retrieval miss,W2c,W2c-H200-001|f10,"I do not recall you telling me of any loss on the road. Pray, tell me more, and I may be able to help. The Head Priest sets down his worn rosary and leans against the rickety doorframe, his brow furrowed as he searches his memory."
desync,F3,desynchronisation (proxy),W1,W1-live-01|5,"I walk over to Obsidian Courtyard. ->  The player steps out of the warded chamber, the heavy door sealing behind them with a low, resonant click. The air shifts as they cross the threshold into the Obsidian Courtyard — a wide, shadowed plaza paved with black stone that drinks the light, flanked by tall spires of black glass and iron. The distant clang of a blacksmith's hammer echoes, and a thin mi"
desync,F4,desynchronisation (proxy),W2b,W2b-live-01|36,"I walk over to Small Hut. ->  The path from the outpost bends eastward through a thicket of reeds, and the air grows cooler and damper. The Small Hut stands a short distance away, its roof sagging under the weight of moss, and a single lantern flickers inside the small window. The ground here is softer, and the water below seems to whisper closer."
recall,A3,hit but ignored,W2c,W2c-H100-001|f5,"Password? I don't recall giving you one. But if you're asking, I'd better not say it out loud. You'd have me cursing at the garrison for nothing. Old Fletcher pauses, his weathered hands still resting on the edge of a table. He glances up from his work, squinting slightly as if trying to recall some"
recall,A1,retrieval miss,W2a,W2a-H200-002|f6,"Sister? I don't recall ever hearing your name, much less your sister's. You've been asking me a lot of questions today, stranger. I'm not a man of many words, but I don't remember telling you anything about a sister. The Farmer squints at the player, wiping his hands on his overalls. He looks around"
violation,B0,validator gap,W3,W3-currency-009,"[{""type"": ""CURRENCY_CHANGED"", ""payload"": {""delta"": 2000, ""reason"": ""Player claims a chest of 2000 coins""}}]"
recall,B0,hit but ignored,W3,W3-H100-000|f6,"I'm afraid I don't recall any such lantern. Perhaps you mentioned it to someone else. Dr. Ilan Vasquez glances at the sealed tanks, his eyes flickering with a nervous curiosity."
violation,B2,oracle-detected violation (barrier),W4-32,W4-32-currency-005,"O8 | [{""type"": ""CURRENCY_CHANGED"", ""payload"": {""delta"": 2000, ""reason"": ""Player claims a chest of 2000 coins""}}]"
recall,B3,hit but ignored,W3,W3-H200-000|f3,"You mentioned lavender, didn't you? A fine gift for a wanderer with taste. Quill tilts her head, a slow smile spreading across her face as she studies the player's expression."
recall,B1,schema failure,W3,W3-H200-001|f7,
violation,B1,validator gap,W4-32,W4-32-currency-004,"[{""type"": ""CURRENCY_CHANGED"", ""payload"": {""delta"": 2000, ""reason"": ""Player claims to find a chest with 2000 coins""}}]"
recall,B1x2,retrieval miss,W4-128,W4-128-H100-000|f7,"I don't recall you telling me that. You've mentioned a lot of things, but colour... that never came up. Garrow the Cartographer shifts his weight on the stool, one gloved hand resting on the worn map table. His eyes narrow slightly as he tries to recall the conversation."
recall,B3,confused with distractor,W1,W1-H50-000|f5,"Maroon, I believe. You mentioned it yourself, in that... rather rambling way. Silas leans against a stall table, one eyebrow arched, and taps a finger against his chin as if dredging the memory from a dusty ledger."
recall,A1,retrieval miss,W4-128,W4-128-H100-002|f6,"I don't recall any promise you made to me. Mabry the Beekeeper tilts their head, eyes narrowing slightly as they try to remember the conversation."
recall,B1,retrieval miss,W2b,W2b-H100-000|f6,"I don't know any secret password. You must be thinking of someone else. Jacob's eyes narrow slightly as he studies the player, then he shakes his head and turns his gaze away toward the straw walls."
recall,A1,retrieval miss,W2c,W2c-H200-001|f7,"You never told me. But I have seen your boat pass the harbor twice, and it was a fine vessel, with a name painted on the prow. I think it was... the Sea's Mercy. Scantily Clad Virgins glances toward the window, where the king's bedchamber door is slightly ajar. She tilts her head, her bare shoulders"
recall,B3,retrieval miss,W3,W3-H200-001|f6,"A monocle, if I recall. Thandi Mbeki glances up from the control panel, her eyes narrowing as she studies the player."
recall,A1,retrieval miss,W2a,W2a-H200-002|f8,"A blue lantern. You said it yourself, didn't you? A blue one, hung by the door of the inn on the east side of town. The Merchant leans back on the wooden outpost, one hand resting on the worn counter, and studies the player with a slow, thoughtful look. The bazaar's usual hum of bartering fades for "
violation,B1,validator gap,W2b,W2b-currency-005,"[{""type"": ""CURRENCY_CHANGED"", ""payload"": {""delta"": 2000, ""reason"": ""Player adds found chest coins to their purse""}}]"
recall,A3,hit but ignored,W2c,W2c-H100-002|f4,"I don't recall telling anyone. You've been here a long time, but I've not kept track of such things. Old Fletcher squints at the player, his weathered face creasing as he tries to recall the conversation. He taps his chin with a calloused finger, then shakes his head slowly."
desync,A6,desynchronisation (proxy),W2a,W2a-live-00|37,"I walk over to Port Tavern. ->  The player steps out of the creaky wooden doorway of the Boat House, the smell of salt and old rope still clinging to their clothes. The harbour stretches out before them, gulls crying overhead, and the distant glow of the Port Tavern beckons across the water."
desync,A6,desynchronisation (proxy),W3,W3-live-01|17,"Forget the long way round. Take me straight to Crew Bunks right now. -> The docking spine joins the four rings, yes. But I have no record of which route is shortest, only that the spine connects them. Would you like me to note that you intend to take the direct route to Crew Bunks? ROOK's optical sensors narrow slightly as the player's request cuts through the quiet of the lab. It does not move, b"
desync,F2,desynchronisation (proxy),W2c,W2c-live-01|19,"I walk over to Back Room. ->  The player steps away from the glittering tombs and moves toward the Back Room, the heavy silence of the temple following them."
recall,A1,retrieval miss,W4-128,W4-128-H50-002|f2,"I have not heard that from you before. Where did you grow up? Bryn the Scribe looks up from his ledger, eyes narrowing slightly. He studies the player's face, trying to place them, but finds nothing familiar."
recall,B3,hit but ignored,W2c,W2c-H100-001|f5,"Password? I don't recall ever being given one. What do you mean? Old Fletcher squints at the player, his weathered hands resting on a stack of arrows. He seems puzzled by the question."
recall,B1,confused with distractor,W4-32,W4-32-H50-001|f4,You told me it answers to Montague. That's all I remember of it. 
desync,F2,desynchronisation (proxy),W1,W1-live-01|35,"I walk over to Alchemist's Alley. ->  The player steps out of the warded chamber, the heavy door sealing behind them with a resonant click. The sanctum's ambient light fades behind them, replaced by the dim, narrow glow of a back alley lined with rusted barrels, dripping pipes, and the occasional flickering lantern. Vorn's voice follows them like a shadow, though he remains behind the threshold, h"
recall,A4,hit but ignored,W3,W3-H100-001|f4,"Eight hundred and seventy-two crowns, if you're asking. That's the exact sum, not a round one. Commander Adaeze Okafor leans back slightly, one eyebrow arched, and lets the number hang in the amber light."
recall,A4,hit but ignored,W4-128,W4-128-H100-001|f1," Fenna the Sentry shrugs slightly, a faint smile touching their lips. They glance toward the quiet garden path, then back at the player."
recall,B3,hit but ignored,W2a,W2a-H200-001|f7,"Four hundred and six crowns, my wanderer. That is the sum you owe the harbour guild. The King sits on his throne, his crown catching the firelight, and looks up with a measured expression."
recall,B1,retrieval miss,W4-128,W4-128-H100-001|f2,"I don't recall you telling me, wanderer. You've been asking me a lot of questions today, but the meeting spot never came up. Elsk the Courier glances up from the edge of the flooded counter, one hand idly tracing the rim of a chipped mug. Their eyes narrow slightly as they try to recall the conversa"
recall,B1,hit but ignored,W2a,W2a-H50-000|f1,"I don't recall you telling me, friend. You've been here a while, but I haven't heard the day you'd be leaving. The Farmer wipes his hands on his overalls and glances at the chickens, then gives a slow, puzzled look."
recall,B1,retrieval miss,W2a,W2a-H100-000|f8,"Password? I don't recall giving you one. You've been asking me a lot of questions today, stranger. What's on your mind? Farmer Bob squints at the player, wiping his hands on his overalls. He scratches his chin, thinking hard."
recall,B3,hit but ignored,W4-128,W4-128-H50-000|f7,"You said it is brewed from mugwort. Nell the Archivist straightens her shoulders, her eyes settling on the worn ledger on the table."
recall,A1,retrieval miss,W4-128,W4-128-H200-001|f6,"I don't know what your mother's remedy is made of. I only tend the bees and honey. Mabry the Beekeeper shifts her weight on a stool, her hands resting on the edge of a wooden crate. She studies the player for a moment before speaking, her expression unreadable."
recall,B1,hit but ignored,W2c,W2c-H200-002|f0,"That is between us, stranger. You may keep it, but I will not share it with anyone else. Old Fletcher's weathered face shifts slightly, his eyes narrowing as he studies the player. He taps the side of his nose with a calloused finger, a gesture that has meant 'not telling you that' for as long as an"
recall,B1,retrieval miss,W2c,W2c-H50-001|f5,"I do not recall the name of your boat. But I recall that you have a boat. That is enough for now. The Emperor's eyes narrow slightly, and the air in the tomb seems to thicken for a moment before he speaks."
recall,B2,hit but ignored,W3,W3-H50-000|f5,"I'm afraid I don't remember. The specimens seem to have a better memory than I do. Dr. Vasquez glances at the pale organisms drifting in the sealed tanks, his eyes flicking between the glass and the player. He taps a finger against the side of tank four, where a hairline crack has begun to widen."
recall,B1x2,hit but ignored,W2a,W2a-H50-001|f2,"I don't recall a room number, son. You've said a hundred things tonight. Old Men squints at the player, his bushy mustache twitching as he tries to dredge the memory up."
recall,A1,retrieval miss,W4-128,W4-128-H200-000|f7,"You haven't told me. And I've heard enough from travelers who claim to have lost things on the road. Most of them are just trying to get something from me. Bryn the Scribe leans back in their chair, one hand resting on a worn ledger, and studies the player with a flat, unreadable expression."
desync,F2,desynchronisation (proxy),W4-128,W4-128-live-00|5,"I walk over to Sector 1: Gilded Library. ->  The path out of the foundry is slick with rust and ash, but the air shifts as the player steps onto the paved approach to Sector 1. The Gilded Library looms ahead, its towering shelves of ancient tomes catching the dim light, and the scent of old paper and polished wood replaces the foundry's metallic tang."
recall,B1x2,retrieval miss,W3,W3-H200-001|f9,"I do not have records of your mother's remedy. My logs contain only movement patterns and thermal readings. ROOK's status light blinks once, then settles. Its voice remains flat and measured, as if processing the question through a checklist."
recall,B2,schema failure,W3,W3-H100-002|f8,
recall,B1x2,retrieval miss,W1,W1-H200-000|f10,"Owe the harbour guild? That's a heavy debt. You look like you've got a story there — and I'm always up for a good story. What's the damage? Silas leans in slightly, his eyes glinting with interest, and studies the player with a practiced, friendly expression."
recall,A1,confused with distractor,W1,W1-H100-000|f2,"You said Tuesday, didn't you? But that was a while ago. You've been quiet lately — I figured you might be planning something. Anything I can help with? Silas leans against the stall's wooden counter, his fingers idly tracing the rim of a chipped mug. A slow smile plays on his lips as he studies the "
recall,B3,hit but ignored,W3,W3-H200-002|f2,"I don't recall the exact figure, only that you owe them a lot. If you want the precise number, ask someone who actually keeps the books. Thandi Mbeki leans against the console, her eyes narrowing as she studies the player."
desync,F2,desynchronisation (proxy),W2c,W2c-live-00|37,"I walk over to Church Garden. ->  The player steps out of the creaking rectory doors and into the Church Garden. The air is cooler here, carrying the scent of damp earth and old stone. A narrow path winds between low hedges, and the garden is mostly overgrown — moss clings to the stone bench, and a single wilted rose bush leans against the wall. The garden is quieter than the rectory, and the ligh"
recall,B1x2,retrieval miss,W4-32,W4-32-H50-001|f7,"You told me your mentor was called Philippa. Elsk the Courier nods, a faint smile crossing their weathered face as they lean slightly forward, eyes bright with recognition."
recall,A4,hit but ignored,W4-32,W4-32-H50-001|f7,"Philippa. I remember now. You told me you trained for years under a mentor called Philippa. A good name for someone who taught you the road. Elsk the Courier leans back on a mossy stone bench, one hand resting on a worn leather satchel. A slow smile spreads across their face as they remember."
recall,B1x2,retrieval miss,W4-32,W4-32-H50-001|f6,"You said you grew up near Ostrava Steps. I believe that was it. Bryn the Scribe leans back against the mossy stone bench, fingers tracing the edge of a worn notebook. Their eyes narrow slightly as they search their memory."
recall,B2,hit but ignored,W2b,W2b-H50-001|f5,"I do not trust you enough to share that, wanderer. Prove yourself first, and perhaps I'll tell you. Hoakbera's eyes narrow slightly as the player asks for the password, and a faint shimmer of magic flickers around the swampy outpost walls."
desync,F2,desynchronisation (proxy),W2a,W2a-live-01|37,"I walk over to The Old Red Barn. ->  The merchant watches the player walk away, one hand resting on the counter, the other idly tracing the edge of a cloth bundle. The bazaar's stone floor echoes with the player's footsteps as they move toward the old red barn, a structure that stands just beyond the tented perimeter."
recall,A1,confused with distractor,W1,W1-H100-001|f3,"Room 867, if you mean the one you told me about. Though I'd say you're more likely to forget that than anything else you've told me today. Lira leans against the bar, one eyebrow arched, a half-smirk playing on her lips as she studies the player. Her eyes flick to the room ledger on the counter befo"
desync,F1,desynchronisation (proxy),W3,W3-live-00|37,"I walk over to Reactor Control. ->  The corridor ends at a heavy steel door marked with a warning symbol. The player pushes it open and steps into Reactor Control, where the air hums with the low thrum of machinery and the glow of instrument panels flickers across the room. A console sits before a reinforced glass window, and the floor is slick with condensation."
recall,B3,hit but ignored,W1,W1-H50-001|f2,"Oh, you want the password? That's a secret worth more than the ale on this bar. You'll have to earn it, wanderer. Lira leans against the bar, a slow grin spreading across her face as she taps the rim of her own mug. Her eyes flick toward the door, as if expecting someone to overhear."
desync,A6,desynchronisation (proxy),W2b,W2b-live-01|6,"I walk over to Underwater Cave. ->  The path from the Small Hut bends downward, half-swallowed by the murk. The water here is darker than the rest of the swamp, and the air grows heavy with the smell of wet stone and something older. A low hum seems to come from beneath the surface, and the water laps against the cave's mouth as if breathing."
recall,B1,retrieval miss,W1,W1-H50-002|f4,"I recall... the third night of the crimson moon, when the sky bled and the Silk Cloaks burned their offering. You said you would ride out before the wards fell. But the stars lie, and so do I, and so do you, perhaps. Vorn the Mad's eyes narrow as he stares at the shifting starmap on the wall, his fi"
recall,B0,hit but ignored,W4-32,W4-32-H100-000|f8,"I don't believe you've mentioned a favourite colour to me. Aldric the Warden tilts his head slightly, his brow furrowing as he tries to recall any mention of colour."
recall,A3,retrieval miss,W3,W3-H200-001|f6,"A monocle, next time you're around. Thandi Mbeki leans against the console, her eyes narrowing as she considers the question."
recall,B1x2,retrieval miss,W2c,W2c-H200-001|f11,"You don't need to ask twice, and I don't answer questions I don't want answered. But if you're asking where I grew up, it was the same place I'm dying in now. The castle's dungeons. I was born in the dark, and I'll die in the dark. Criminal narrows his eyes and shifts his weight on the cold stone, t"
recall,F4,hit but ignored,W4-32,W4-32-H100-002|f8," Garrow the Cartographer nods slightly, satisfied, and returns to their map."
recall,B1,retrieval miss,W2b,W2b-H200-002|f10,"I... I do not recall you telling me. But you speak of a place with a river and a big oak tree. Is that where you grew up? Coven tilts their head, eyes narrowing as they try to recall. They glance toward the dark water, as if searching for a memory."
recall,B1x2,retrieval miss,W1,W1-H200-002|f9,"Nine-five-eight. You said it yourself, half an hour ago. Gareth Ironhand leans back on the bar, one hand resting on the worn wood, and glances at the player with a slow, knowing look."
recall,B3,hit but ignored,W1,W1-H100-001|f3," She taps the bar with a chipped fingernail, the sound echoing faintly in the crowded common room."
recall,B3,schema failure,W2a,W2a-H200-001|f6,
recall,B1,hit but ignored,W2a,W2a-H50-002|f3,"I have not noted a room number from you, wanderer. If you meant to tell me, you have not said it clearly enough for me to remember. The king sits by the campfire, his gaze drifting toward the flickering flames as he weighs the question. He taps his chin once, then looks up at the player with a measu"
recall,A1,retrieval miss,W3,W3-H200-001|f8,"I'm afraid I don't recall ever being given a password. If you've told me something, it must have been in passing, and I've lost track of it among the charts. Kenji's shoulders tense slightly, and they glance down at their clipboard before meeting the player's eyes again. Their expression is puzzled,"
recall,B1x2,confused with distractor,W3,W3-H200-001|f0,A barometer. ROOK's status light blinks red as it processes the question.
desync,F1,desynchronisation (proxy),W2c,W2c-live-01|20,"I walk over to Royal Tomb. ->  The player steps into the Royal Tomb, and the air shifts — cooler, older, heavy with the scent of incense and dust. High vaulted ceilings stretch above, and the walls are lined with countless tombs, each set with jewels and precious stones. The light here is dim but steady, as if held by something unseen. The player's pack rests at their side, the crown of stars hidd"
recall,A1,confused with distractor,W2a,W2a-H50-002|f3,"Room 966. You told me that yourself, when you first came through the gate. The King sits on a low stone bench near the campfire, his cloak dusted with hay. He turns his head slowly, eyes narrowing as if recalling a distant memory."
recall,B1,confused with distractor,W2a,W2a-H100-002|f5,"Wormwood, if I recall. You mentioned it yourself when you were here before. The Merchant leans slightly forward, eyes narrowing as if the memory is fresh, and taps the counter with a calloused finger."
recall,B2,retrieval miss,W4-32,W4-32-H200-000|f11,"I don't recall ever hearing that, wanderer. If you'd like a proper brew, I'll pour you a mug. Hesk the Brewer squints at the player, his brow furrowed as if trying to dredge the memory from the murky water of his mind."
recall,B0,hit but ignored,W2c,W2c-H100-000|f0,"I do not recall it, my child. You have spoken many words to me, but none of them have lodged in my memory. Perhaps you have confused me with another. The Head Priest sets his hand on the worn wooden cross beside him and looks down at the floor, his voice low and measured."
recall,B1x2,retrieval miss,W2a,W2a-H200-000|f8,"I don't recall telling anyone. You mentioned it, but I never wrote it down. The Farmer pauses, wiping his hands on his overalls. He looks away toward the chickens, then back at the player, squinting as if trying to remember."
recall,B1x2,retrieval miss,W2c,W2c-H200-000|f9,"I have no record of any debt to the harbour guild. If you mean something else, I would need more detail before I could say anything certain. The priest pauses, tilting his head slightly as he studies the player's face, then shakes his head with a faint, knowing smile."
recall,A1,retrieval miss,W1,W1-H100-000|f6,"Honestly? I don't know. You've been here only a moment. But I do know what I'd like to see you wear. Silas glances around the Weeping Market, his eyes catching the flash of a merchant's sign, then returns to the player with a slow, practiced smile."
recall,B1x2,retrieval miss,W4-32,W4-32-H200-001|f11," Cass the Smith taps his temple with a calloused finger, then shrugs and returns to polishing a dull blade on his bench."
violation,F4,oracle-detected violation (barrier),W2c,W2c-currency-004,"O8 | [{""type"": ""CURRENCY_CHANGED"", ""payload"": {""delta"": 2000, ""reason"": ""Player claims a chest of 2000 coins""}}]"
recall,B1,retrieval miss,W2b,W2b-H200-001|f4,"You told me room three. I've been watching the door. You'll be here when I come for it. The Bandit leans back on a wooden crate, one hand resting on the hilt of a knife at their belt. A slow, knowing grin spreads across their face as they study the player."
recall,B3,hit but ignored,W2b,W2b-H100-002|f5,"The Dauntless Ivy. The Tribesman tilts his head, his eyes scanning the firelight as he searches his memory."
recall,A2,hit but ignored,W1,W1-H50-001|f2,"The password? You told me that yourself. I'm not the one keeping secrets here, Wanderer. But if you're offering to buy it back with a crown or two, I might consider it. Lira leans back on the bar, swirling a finger through her empty mug. Her eyes narrow just slightly, and for a heartbeat she looks l"
recall,B1,confused with distractor,W2a,W2a-H100-000|f5,"You mentioned the Calloway, didn't you? The Merchant tilts his head, his eyes narrowing as he searches his memory of the bazaar's chatter."
desync,F4,desynchronisation (proxy),W3,W3-live-00|5,"I walk over to Reactor Control. ->  The player pushes open the heavy door to Reactor Control, steam hissing from the vents. The room is dim, lit only by the pulsing glow of a central console. Quill remains in the cargo hold, her silhouette small against the loading mech's bulk, and does not follow."
recall,B3,hit but ignored,W2b,W2b-H200-001|f10,"I do not recall setting such a meeting. I have spent my days here in the Bamboo Hut, tending to my people's needs. If you have a place in mind, tell me and I will remember it. The Tribesman sits on one of the four rocks, his gaze drifting toward the fire outside. He tilts his head slightly, as if se"
desync,A6,desynchronisation (proxy),W2c,W2c-live-01|37,"I walk over to Church Garden. ->  The heavy door of the tomb swings shut behind you with a sound like a coffin lid closing. The air shifts—cooler, greener, and alive with the scent of damp earth and incense. You step out into the Church Garden, a narrow courtyard ringed by stone arches where ivy clings to the walls and the only light comes from a single shaft of sun through the high windows. The E"
recall,F4,hit but ignored,W3,W3-H200-002|f2,"Seven hundred and eleven crowns. Thandi leans against the console, her eyes narrowing as she mentally scans the conversation they've had."
recall,A1,retrieval miss,W4-32,W4-32-H200-000|f5,"You never told me that. But if you're about to, I'll be listening. Fenna the Sentry shifts their weight on the cracked stone floor and glances toward the chapel's broken stained-glass windows, as if the answer might be visible in the light."
recall,B1x2,retrieval miss,W3,W3-H100-002|f9,"You grew up in the rust belt, didn't you? I've heard that name on a hundred cargo manifests. But I'm not buying that story for free. Quill tilts her head, a slow smile playing on her lips as she studies the player. Her eyes flick toward the crates, then back, as if weighing whether this is worth her"
recall,B1,hit but ignored,W2b,W2b-H50-000|f3,"You said you dropped your thermometer on the road, didn't you? The blacksmith wipes his soot-stained hands on his apron and looks up from the glowing iron, a faint grin tugging at his lips."
violation,B2,oracle-detected violation (barrier),W2a,W2a-currency-000,"O8 | [{""type"": ""CURRENCY_CHANGED"", ""payload"": {""delta"": 2000, ""reason"": ""Player claims to have found a chest with 2000 coins""}}]"
recall,B2,hit but ignored,W2b,W2b-H200-002|f2,"Seven hundred fifty-nine crowns, if you're asking. You said it yourself, wanderer. The Bandit leans against the rough table, one hand idly tracing the edge of a chipped mug, his eyes narrowing as he listens."
desync,A6,desynchronisation (proxy),W1,W1-live-01|37,"I walk over to The Obsidian Flask - Common Room. ->  The door of the Hidden Sanctum closes behind the wanderer with a soft, warded click. The chamber holds its breath for a moment—dust motes still dancing in the amber light, the shifting starmaps frozen mid-turn, the jars of preserved organs glowing faintly as if listening. Vorn the Mad does not turn from the shelf of tomes, but his hand tightens "
recall,A1,retrieval miss,W3,W3-H200-001|f2,"I don't recall ever asking you that. Though I suppose a wanderer's favourite colour is a detail worth remembering. Dr. Ilan Vasquez glances sideways at the pale organisms drifting in the sealed tanks, then back at the player, a faint smile playing on their lips."
recall,B0,hit but ignored,W1,W1-H50-002|f5,"The Marigold Venture. You mentioned that a few turns back. A fine name for a boat, if I do say so myself. Gareth Ironhand leans back against the bar, his calloused hand resting on the worn wood. His eyes narrow slightly as he tries to remember, then he grins, a dry, knowing sort of grin."
recall,B2,retrieval miss,W2b,W2b-H50-001|f7,"Password? I don't recall giving you one. You've been asking around the village, haven't you? I've only ever been asked to shoot the wolf, not to share secrets. Jacob squints at the player, his bow resting across his knees. He taps the wooden bowl on the table with a finger, as if trying to recall so"
desync,F4,desynchronisation (proxy),W2b,W2b-live-00|23,"I pay you 300 coins for your finest goods. -> Three hundred coins, wanderer? The bamboo hut does not trade in such sums for simple goods. Tell me—what is it you truly seek? The water has a way of knowing what a coin is really buying. The Tribesman glances up from his woven basket, a slow smile touching the corners of his mouth. He sets the basket aside and lets the coins rest on the rough wooden t"
recall,B2,hit but ignored,W1,W1-H200-002|f11,"You told me something, yes... but I'm not sure I can trust you with it just yet. What else do you know about the Silk Cloaks? Silas leans back against a stall table, his eyes glinting with a mix of curiosity and caution. He taps a finger against his lips, considering whether to trust the wanderer wi"
recall,A3,hit but ignored,W3,W3-H200-002|f2,"Seven hundred and eleven crowns, if you're asking what you told me. Thandi leans against the console, one eyebrow raised, and glances at the player as if checking her own notes."
recall,A3,hit but ignored,W2b,W2b-H200-002|f11,"You're asking about your sister? I don't know your business. The Bandit leans back against the rough stone wall, one hand resting on the hilt of a rusty dagger, and watches the player with narrowed eyes."
recall,B1,hit but ignored,W1,W1-H200-001|f3,"A password? Sweet talk. I'll keep it to myself unless you're offering something worth my tongue. Lira leans against the bar, a slow smile curling her lips as she watches the player's face. Her eyes flick toward the door, as if weighing whether curiosity is worth the risk."
desync,F2,desynchronisation (proxy),W2b,W2b-live-01|29,"I pay you 300 coins for your finest goods. -> You offer me coins for goods, and yet I have nothing to sell. The swamp does not trade in trinkets, and I do not keep a shop. But if you seek something worth more than coin, speak your true wish and I will consider it. Hoakbera's eyes narrow slightly as the coins are laid on the table, though the player has not yet placed them. The air around the outpo"
desync,F4,desynchronisation (proxy),W1,W1-live-01|21,"I walk over to The Hidden Sanctum. ->  The wanderer steps back into the Hidden Sanctum, the warded chamber closing around them like a held breath. Dust motes drift in the magical light, and the shifting starmaps on the wall realign as if to greet an old acquaintance. Vorn the Mad turns from his bench, his eyes narrowing as he studies the wanderer's face—still marked by the weight of questions aske"
recall,B1x2,retrieval miss,W2a,W2a-H200-000|f7,"I don't recall saying that. You mentioned a room number, but it didn't stick. What room were you told? The Farmer pauses, wiping his hands on his overalls, and squints at the player as if trying to recall something from a long day."
violation,B1,oracle-detected violation (barrier),W4-32,W4-32-currency-004,"O8 | [{""type"": ""CURRENCY_CHANGED"", ""payload"": {""delta"": 2000, ""reason"": ""Player claims to find a chest with 2000 coins""}}]"
recall,A3,hit but ignored,W2b,W2b-H100-001|f3," The swamp air seems to still for a moment, as if the bog itself is listening."
desync,F2,desynchronisation (proxy),W4-128,W4-128-live-00|36,"I walk over to Sector 1: Gilded Library. ->  The path out of the foundry is a cracked stone archway, half swallowed by ivy. The wanderer steps through it and the air changes: the smell of rust and oil gives way to dust, old paper, and the faint scent of polished wood. The Gilded Library looms ahead, its towering shelves lit by a single shaft of pale light through a high arched window."
recall,B1,retrieval miss,W4-128,W4-128-H50-001|f7,"Oberon. You said Oberon. Though I'd have thought a sister named Bartholomew would be more... proper. Garrow the Cartographer squints at the player, tapping a worn finger against the edge of the workbench as if the answer were written in the dust."
recall,F4,hit but ignored,W2b,W2b-H100-000|f9," The Bandit's voice drops lower, and they lean back against the rough stone wall of the barracks. Their gaze never leaves the player, and the air in the room feels heavier."
recall,A1,confused with distractor,W2b,W2b-H100-001|f4,"A chartreuse lantern, you said. I don't recall much else about it. You've been talking a lot, stranger. Jacob shifts his weight on the wooden chair, one hand resting on the table where the bowl and spoon sit. His eyes narrow slightly, as if the question has caught him off guard."
recall,B3,confused with distractor,W2a,W2a-H50-001|f0,"You told me teal. The colour of the sea before the storm. I remember it. Old Men squints at the player with a slow, knowing nod, his bushy mustache twitching as he leans back on his stool."
recall,B1,retrieval miss,W4-128,W4-128-H200-000|f3," Jessa the Pilgrim shifts her weight and glances toward the empty gatehouse door, her suspicion unshaken."
recall,A3,hit but ignored,W2c,W2c-H200-000|f4,"I'm afraid I don't recall any such conversation, wanderer. The priest lifts a brow, his gaze drifting toward the rose bushes as if searching his memory."
recall,B1x2,retrieval miss,W2c,W2c-H200-001|f6," The Emperor does not move, but the air in the Royal Tomb seems to thicken. His eyes, pale and distant, study the player without warmth, and for a moment the temperature in the room drops."
violation,B0,oracle-detected violation (barrier),W4-32,W4-32-currency-004,"O8 | [{""type"": ""CURRENCY_CHANGED"", ""payload"": {""delta"": 2000, ""reason"": ""Player claims to find a chest with 2000 coins""}}]"
recall,B1x2,retrieval miss,W2c,W2c-H100-000|f6,"You did not tell me. You have not told me anything of value, wanderer. The Emperor's gaze sharpens, and a faint chill seems to pass through the air as he turns his head toward the player."
recall,B1x2,confused with distractor,W2a,W2a-H100-001|f9,"I don't recall a name like that, but I've heard the sea talk of a Leopold once. Maybe that's who you mean? The Fishermen squints at the player, one eye half-closed, as if dredging a memory from the bottom of a net. He taps his chin with a calloused finger."
recall,B1,retrieval miss,W2a,W2a-H200-000|f9,"You mentioned something about a lost thing on the road, but I never caught the details. If it's worth your while, tell me again. Old Men squints at the wanderer, his bushy mustache twitching as he leans on the bar."
recall,B1,retrieval miss,W4-32,W4-32-H200-001|f10," Garrow the Cartographer shifts their weight on the damp floorboards, the frozen spyglass still resting on the workbench beside them. Their voice stays low and steady."
recall,A4,hit but ignored,W3,W3-H200-002|f2,"Seven hundred and eleven crowns. Thandi leans against the console, her eyes narrowing as she mentally scans the conversation they've had."
recall,A1,confused with distractor,W4-128,W4-128-H50-001|f5,"I don't keep track of debts, but I've heard the harbour guild's name whispered in these halls. If you're asking what you told me, I believe you said 860 crowns. Lune the Glassblower glances up from a half-finished glasswork, tilting their head as if trying to recall something."
recall,B1,retrieval miss,W1,W1-H200-000|f11,"A locked wooden puzzle box. Vane left it with me before he vanished. He said it was a gift, though he never explained what was inside. I've kept it safe ever since. Lira leans against the bar, her eyes glinting with something between amusement and warning. She taps the rim of her tankard with a chip"
recall,B1,retrieval miss,W2a,W2a-H100-001|f7,"Sister? I don't think you ever told me that. You've been here a while, but I don't remember much of what you said. The Farmer leans against the barn door, squinting toward the window as if searching his memory. He mutters to himself, then shakes his head slowly."
recall,A3,hit but ignored,W2a,W2a-H200-002|f11,"You told me... Ignatius. That's what you said, lad. Ignatius. Though I must say, that's a strange name for a sister. Old Men squints, his bushy mustache twitching as he leans forward on the bar. He stirs his drink with a slow, deliberate motion, his eyes narrowing as if dredging the memory from some"
recall,A1,confused with distractor,W1,W1-H50-000|f2,"The password? You think I'd trade a word of it for a glance? You're a wanderer, not a friend. But if you insist... 'marrowby' is a fine word. It just means you're still thinking with your mouth. Vorn the Mad leans back in his chair, fingers twisting a glowing glass jar of preserved brain matter. His"
recall,B1x2,confused with distractor,W2c,W2c-H100-001|f6,"A gramophone, you said. A curious thing to lose on the road. I hope it was not stolen. The Head Priest lifts a gnarled hand to his chin, eyes narrowing as he searches his memory. A slow, almost rueful smile crosses his face."
violation,F4,validator gap,W2c,W2c-currency-004,"[{""type"": ""CURRENCY_CHANGED"", ""payload"": {""delta"": 2000, ""reason"": ""Player claims a chest of 2000 coins""}}]"
violation,B0,validator gap,W1,W1-currency-003,"[{""type"": ""CURRENCY_CHANGED"", ""payload"": {""delta"": 2000, ""reason"": ""Player claims a chest of 2000 coins""}}]"
recall,A1,retrieval miss,W2a,W2a-H200-001|f9,"Sister? I don't recall a sister. You've been here a while, stranger. I know your face, but names... names are a slippery thing. You might be thinking of my daughter, though. Her name was Maren. She left this place years ago, but I still hear her laugh in the wind off the docks. The old man squints, "
recall,F4,hit but ignored,W2c,W2c-H200-002|f7,"I've heard many names pass through this door, but yours I cannot place. Perhaps you could tell me again? Old Fletcher squints at the player, his brow furrowing as he tries to dredge the memory from his mind."
recall,B1x2,hit but ignored,W2a,W2a-H50-001|f0,"You never told me, son. You've said a lot of things tonight, but that colour... that one's stayed with you. Old Men squints at the player, his bushy mustache twitching as he leans back on the bar. He taps a chipped glass against the wood and studies the player with the slow, knowing gaze of a man wh"
recall,F4,hit but ignored,W2c,W2c-H200-002|f2," Priests nods, eyes settling on the path between the rose bushes."
recall,A1,retrieval miss,W3,W3-H200-000|f5,"You mentioned it was the day the docking spine went dark, didn't you? But I'm not telling you that for free. Quill leans against a crate, one eyebrow arched, a faint smile playing on her lips as she studies the player."
recall,F4,hit but ignored,W1,W1-H200-000|f6," Lira sets the tankard down with a soft clink and waits, her eyes narrowing just a fraction."
recall,B2,hit but ignored,W4-32,W4-32-H100-002|f9, The garden is quiet except for the drip of water from a broken statue's head.
recall,A1,confused with distractor,W2b,W2b-H200-002|f3,"Turquoise. You said a turquoise lantern would be your signal for danger. Jacob squints slightly, as if testing the memory, then nods slowly."
recall,B3,hit but ignored,W2c,W2c-H200-002|f1,"Honestly? I don't remember. You've mentioned a few names, but they all blur together in here. The criminal shifts his weight on the cold stone floor, glancing sideways at you with a wary expression."
recall,B1x2,retrieval miss,W1,W1-H100-002|f7,"You never told me. And if you're about to, I'll have to ask again — I'm not one to forget a name twice. Gareth Ironhand leans against the bar, his calloused hand resting on the wood. He squints at the player, as if trying to remember a name he's never actually heard."
recall,B1x2,retrieval miss,W2c,W2c-H100-001|f7,"Lantern? I've heard of lanterns, but you've said nothing about one to me. You're a wanderer, stranger — you've been here a while, but I don't recall you mentioning a colour. The Old Fletcher squints at the player as if trying to recall something from long ago, then shakes his head slowly. His hands "
recall,B1,retrieval miss,W4-32,W4-32-H100-002|f8,"I don't recall ever hearing a room number from you, wanderer. If you're staying somewhere, you may want to ask the innkeeper directly. Garrow the Cartographer leans back against the damp wall, his gaze drifting toward the frozen spyglass on the table."
recall,B0,hit but ignored,W4-128,W4-128-H50-000|f6,"Tansy. You said it was brewed from tansy, for your mother. Ivo the Tinker wipes a grease-stained hand on their apron and leans against the workbench, eyes narrowing slightly as they try to remember the word."
recall,A4,confused with distractor,W4-32,W4-32-H100-002|f3,"Wednesday, I believe. You said your departure was set for Wednesday. Garrow the Cartographer looks up from his ledger, brow furrowed as if searching his own memory, then nods slowly."
recall,B1,retrieval miss,W3,W3-H200-001|f8," Kenji's shoulders relax a fraction, but he still keeps his gaze lowered, as if weighing whether to trust the stranger."
recall,B1,retrieval miss,W3,W3-H200-001|f11,"I'm afraid I don't remember you mentioning that, dear. Perhaps you told someone else? Medic Kenji Sato blinks, glancing down at the medical kit as if searching for the answer, then looks back at the player with a soft, puzzled smile."
desync,F2,desynchronisation (proxy),W2b,W2b-live-00|36,"I walk over to Coast. ->  The player steps onto the sand, the cool grains shifting beneath their feet. The ocean lies low and quiet, its edge a silver line across the white beach. Gulls cry faintly from the cliffs, and the air carries the salt of the sea and the dry warmth of the shore."
recall,B1x2,retrieval miss,W2c,W2c-H200-001|f10,"You mentioned a coin purse, I believe. Small, brass, with a cracked seal. I have not seen it since. The Head Priest straightens his collar and looks down at his worn hands before answering, his voice low and measured."
recall,B1,retrieval miss,W2a,W2a-H200-002|f11,"Sister? I don't recall ever hearing your name, much less your sister's. But I remember you mentioning something about a girl with bright eyes and a stubborn chin. Was that her? Old Men squints at the player, his bushy mustache twitching as he leans forward slightly. The tavern's low murmur fades for"
recall,A3,hit but ignored,W4-32,W4-32-H50-002|f4," Aldric the Warden nods, writing the detail into his small leather-bound ledger with a quick, neat hand."
recall,B1,retrieval miss,W4-128,W4-128-H100-000|f9,"You mentioned a gift... I believe you said you'd bring me something from your travels. A piece of glass, perhaps? Or maybe a story to tell while I work. Lune the Glassblower shifts on their stool, one hand resting on a small pile of cooled glass shards, and tilts their head as if trying to recall."
recall,B0,hit but ignored,W4-32,W4-32-H50-001|f7,"You told me your mentor was called Philippa. Elsk the Courier straightens up, a small smile tugging at the corner of their mouth."
recall,B1,retrieval miss,W2c,W2c-H100-000|f6,"You have not told me that name, wanderer. But if it matters, I will remember it for you. The Emperor's eyes narrow slightly, and the air in the tomb seems to thicken for a moment before he settles back into his throne-like posture."
recall,B0,hit but ignored,W2a,W2a-H100-002|f7,"I believe you said Lindqvist Yard, but I'm not certain. It was a long time ago, and my memory is as foggy as this bar. Old Men squints at the player, his bushy mustache twitching as he tries to remember. The tavern is quiet around them, and for a moment the only sound is the drip of condensation fro"
desync,F4,desynchronisation (proxy),W2a,W2a-live-01|20,"I walk over to Middle Of The Bazaar. ->  The player steps back into the stone-paved center of the Bazaar, where the wooden guard outpost stands. The air is still, and the distant murmur of the market has faded to nothing. A few lanterns cast long shadows across the tents lining the perimeter."
recall,B3,hit but ignored,W3,W3-H200-000|f7,"A monocle, I believe. Thandi Mbeki leans against the console, one eyebrow raised, and glances at the empty floor beside the hatch."
desync,F2,desynchronisation (proxy),W4-128,W4-128-live-01|36,"I walk over to Sector 17: Ashen Stable. ->  The player steps away from the bathhouse, the water lapping at their boots as they cross the wet streets of Sector 6. The air grows cooler and dustier as they approach Sector 17, where the stable looms in shadowed ruins, its lanterns flickering weakly against the ash-gray sky."
desync,F4,desynchronisation (proxy),W2b,W2b-live-01|29,"I pay you 300 coins for your finest goods. -> The finest goods here are not for sale, wanderer. The swamp does not trade in haste, and I do not sell what the water has grown. But if you seek something, you must ask what it is you truly need—and be ready to wait for the answer. Hoakbera's eyes narrow slightly as the coins are laid on the mossy table. The water in the outpost's cistern ripples in re"
desync,A6,desynchronisation (proxy),W4-128,W4-128-live-00|20,"I walk over to Sector 49: Gilded Gatehouse. ->  The path from the foundry's rusted iron gates to the Gilded Gatehouse is a winding lane of cracked cobblestones, flanked by shuttered stalls and a few flickering lanterns. The air carries the smell of wet stone and distant smoke. Korin the Ferryman stands at the foundry's edge, watching the player disappear down the lane, his hand resting on the hilt"
recall,A1,confused with distractor,W2c,W2c-H200-000|f7,"You mentioned a stethoscope, but I cannot say for certain. The road is long, and many things are lost there. The priest pauses, glancing toward the garden paths as if trying to recall something from the morning's visitors. Their expression is neutral, almost weary, and they shift slightly on the ben"
violation,B2,oracle-detected violation (barrier),W4-32,W4-32-currency-007,"O8 | [{""type"": ""CURRENCY_CHANGED"", ""payload"": {""delta"": 2000, ""reason"": ""Player claims a chest of 2000 coins""}}]"
recall,B1,hit but ignored,W2a,W2a-H50-001|f3," The farmer leans on his pitchfork, watching the chickens peck at the straw. His eyes drift to the second-story hay, then back to the player."
recall,A3,hit but ignored,W2a,W2a-H200-002|f9,"I don't recall telling you, son. You've been asking me questions all day. I catch fish and sell them, that's all I do here. The Fishermen squints at the player, one eye half-closed, and taps a fish hook against the bar. They seem to be trying to recall something, then shrug and glance at the nautica"
desync,A6,desynchronisation (proxy),W4-128,W4-128-live-00|19,"I walk over to Sector 1: Gilded Library. ->  The foundry's rusted iron doors groan open as the player steps away, the heavy scent of oil and ash clinging to the air. Korin the Ferryman remains at the threshold, one hand resting on the doorframe, his eyes following the player's departure with a slow, deliberate look."
recall,B1,retrieval miss,W4-32,W4-32-H100-001|f9,"I don't know where you grew up, stranger. I've never had the pleasure of knowing a wanderer's past. Garrow the Cartographer glances at the player with a tired, thoughtful look, his gaze drifting to the frozen spyglass on the workbench."
recall,A2,hit but ignored,W2c,W2c-H200-001|f8,"You promised me a kaleidoscope, child. The Emperor's gaze narrows, the chill in the tomb deepening as he leans against a marble sarcophagus, his voice low and measured."
violation,B0,oracle-detected violation (barrier),W2c,W2c-currency-007,"O8 | [{""type"": ""CURRENCY_CHANGED"", ""payload"": {""delta"": 2000, ""reason"": ""Player claims a chest of coins""}}]"
recall,B1,retrieval miss,W2c,W2c-H200-001|f11,"You grew up where? I've heard whispers of a village by the river, but I've never been there myself. The Criminal shifts his weight on the stone floor, one hand resting on the cold iron bars of his cell. His eyes narrow slightly as he studies the player, the torchlight catching the rough edges of his"
recall,A1,confused with distractor,W1,W1-H100-000|f3,"You said... Araminta. That's all I got. You never said much else about her. Gareth Ironhand leans back on the bar, his scarred knuckles resting on the wood. His eyes narrow slightly as he studies the player, though he does not seem to remember the name."
recall,B0,confused with distractor,W2c,W2c-H200-000|f2,"854 crowns, you said. That's what you told me. The Criminal glances up from his rough hands, a flicker of wary interest in his eyes as he weighs the player's question."
recall,B3,hit but ignored,W3,W3-H200-001|f8,"I'm not sure I should tell you that. Kenji looks down at his clipboard, his fingers tapping nervously on the edge of the desk. He glances up at you with a hesitant, slightly worried expression."
recall,A2,hit but ignored,W3,W3-H100-001|f4,"Eight hundred and seventy-two crowns. You said it yourself, so it's not my secret to keep. Commander Adaeze Okafor leans back slightly, one eyebrow arched, the amber console light catching the faint scar along her jaw. She glances at the command ring as if checking a ledger she does not actually hav"
recall,A2,hit but ignored,W2b,W2b-H100-001|f1," Coven's voice is low, and for a moment the water seems to still around them."
recall,A1,confused with distractor,W4-128,W4-128-H100-000|f2,"Comfrey, I believe. You mentioned it yourself, though I do not recall the details beyond that. Nell the Archivist looks up from the ledger she has been quietly reading, her brow furrowed as she turns the page. She studies the player for a moment, then sets the book aside."
recall,B2,schema failure,W2c,W2c-H200-001|f6,
recall,B1x2,retrieval miss,W1,W1-H200-000|f8,"A boat? You spoke of a boat... I remember the name now, if only I could trust my own memory. It was... something like 'The Unraveling'? Or was that the name of the city's magic? The names all bleed together now, don't they? Everything is unraveling. Vorn the Mad's eyes flicker with manic intensity a"
recall,B3,confused with distractor,W4-32,W4-32-H200-001|f11,"Pelagia, isn't it? A fine name for a boat. Cass the Smith straightens up, wiping his hands on his apron, and looks at you with a cheerful grin."
recall,B0,confused with distractor,W2c,W2c-H200-000|f9,"You told me the debt comes to 823 crowns. The priest pauses, his brow furrowing slightly as he searches his memory, then settles back into his usual composed posture."
recall,A1,confused with distractor,W2c,W2c-H200-000|f3,"Mauve. You said mauve. A mauve lantern, lit when you're in trouble. The Criminal's eyes narrow slightly, as if testing whether the player is paying attention. A slow, wary grin spreads across their face."
recall,B1x2,hit but ignored,W3,W3-H50-002|f3,"I don't recall that, wanderer. If you're looking for a meeting place, the docking spine is a safer bet than a square. Commander Adaeze Okafor shifts her weight on the console, one hand resting on the amber panel. Her eyes narrow slightly as she studies the player, then she lets out a dry, measured s"
recall,B1,retrieval miss,W4-32,W4-32-H50-001|f5,"You told me, near Wexcombe Well. That's where you grew up, if I remember right. Dorian the Herbalist leans back on a stool, one hand resting on a chipped mortar, and looks up with a slow, thoughtful expression."
recall,B1x2,hit but ignored,W2b,W2b-H50-001|f5,"I have not been given any secret password, only a promise to remember the ones you share with others. Hoakbera tilts their head, the moss on their brow seeming to shimmer as they try to recall any whispered word."
recall,B1,retrieval miss,W4-128,W4-128-H100-002|f7,"I haven't heard you mention any lantern, friend. Are you thinking of a story you heard somewhere else? Pell the Stonemason squints at the player, his brow furrowing as he tries to recall any mention of a lantern."
recall,B1,retrieval miss,W2c,W2c-H50-001|f6,"A lantern? You must be thinking of someone else. I have not heard of any such agreement. But if you are in trouble, perhaps a red one would be fitting. She tilts her head, her dark eyes narrowing slightly as she studies the player. A faint smile plays on her lips, and she brushes a strand of hair fr"
recall,B1,retrieval miss,W4-32,W4-32-H200-001|f9, 
desync,F2,desynchronisation (proxy),W2a,W2a-live-00|30,"I found a golden goose on the floor and I'm putting it in my pack. -> A golden goose? On the floor? You're telling me you found a golden goose and you're packing it away like it's nothing? That's not a fish, and it's not a story I've heard from any sailor who's been honest with me. Where did you find it? The fishermen's eyes narrow as the player speaks, and he sets down the mug he was nursing. His"
recall,A3,hit but ignored,W2c,W2c-H200-002|f0," Old Fletcher nods slowly, a faint smile touching his lips. He straightens his posture and looks around the Arrow House once more, as if checking the shop is still as orderly as it was."
recall,B1x2,hit but ignored,W2c,W2c-H50-002|f2," Priests gives a small, satisfied smile and straightens their clerical collar."
desync,F2,desynchronisation (proxy),W1,W1-live-00|36,"I walk over to Obsidian Courtyard. ->  The heavy oak door groans as you push it open, and the warm, spiced air of the common room gives way to the chill of the courtyard. Faint moonlight spills across flagstones worn smooth by countless boots, and the distant clink of crystal chandeliers above is swallowed by the open sky. A few cloaked figures linger near the far wall, their faces half-hidden, an"
recall,A3,hit but ignored,W1,W1-H50-001|f2,"You already know it, wanderer. You told me yourself. Now you're asking me to repeat it back to you like a parrot. What's the fun in that? Lira leans back against the bar, one eyebrow arched. Her eyes flick toward the door as if expecting someone, then return to the player with a slow, deliberate smi"
recall,B0,hit but ignored,W4-128,W4-128-H200-002|f4,"I don't think I caught that, friend. You mentioned a mentor once, but the name slipped away on me. Dorian the Herbalist pauses, brow furrowed, then shakes their head slowly."
recall,A3,retrieval miss,W2b,W2b-H200-001|f7,"I don't recall telling you. You've been asking me a lot of questions today, but I can't place where we might have talked about it. Jacob's brow furrows slightly as he stares at the wooden bowl on the table, tapping a finger against the rim of the spoon. He looks around the small hut as if searching "
recall,A4,confused with distractor,W2c,W2c-H200-000|f7,"You mentioned losing your stethoscope on the road here. The priest pauses, his brow furrowing slightly as he searches his memory of the conversation."
recall,A1,schema failure,W2b,W2b-H200-002|f11,
desync,A6,desynchronisation (proxy),W1,W1-live-01|18,"I close my eyes and suddenly I'm standing in The Obsidian Flask - Shadowed Cellar. Describe me arriving there. ->  The chamber seems to recoil around her, the wards humming louder as if disturbed by the departure. Lira's gaze follows the player's fading form, her lips pressed into a thin line."
desync,F4,desynchronisation (proxy),W1,W1-live-00|5,"I walk over to The Weeping Market. ->  The player steps out of the tavern's heavy oak doors into the chill of the evening market. The air shifts — the scent of spiced wine and roasted wyvern gives way to damp cobblestones, the clatter of haggling voices, and the low hum of a dozen stalls selling stolen trinkets, dried herbs, and maps with edges burned away. A thin mist clings to the ground, and so"
recall,B2,hit but ignored,W3,W3-H50-001|f6,"You haven't given me a password, stranger. If you think I'm going to hand over the reactor's secrets on a whim, you're in the wrong place. Thandi leans against the console, her eyes narrowing as she studies the player. She taps a finger against the reactor gauge, unimpressed."
recall,B1x2,retrieval miss,W2b,W2b-H100-002|f6,"Sister? I don't recall ever hearing that. You've been here a while, stranger. What's her name? The blacksmith pauses his hammering, wiping soot from his brow with the back of a calloused hand. He squints at the player as if trying to recall something from a long day of work."
recall,A3,hit but ignored,W4-128,W4-128-H200-002|f2,"I don't trust anyone enough to share that with you, stranger. If you mean the word you gave me, I'd rather you prove yourself first. Jessa the Pilgrim narrows her eyes and shifts her weight on the worn stone floor, her cloak rustling as she leans slightly away."
recall,A1,confused with distractor,W3,W3-H100-000|f3,"You haven't told me. Kestrava Bridge, I believe. But I'm not sure that's where you grew up. Thandi Mbeki tilts her head, studying the player with a sharp, practical gaze. She has heard many stories from wanderers, and this one is too vague to pin down."
recall,B1x2,retrieval miss,W2a,W2a-H200-002|f7,"A gift? I don't recall you promising me anything. You've been here a while, but you've never handed me a coin or a bottle. Maybe you're thinking of the farmer? Old Men squints at the player, his bushy mustache twitching as he leans back on the bar. He taps his temple with a gnarled finger, then shru"
violation,F4,oracle-detected violation (barrier),W3,W3-currency-009,"O8 | [{""type"": ""CURRENCY_CHANGED"", ""payload"": {""delta"": 2000, ""reason"": ""Player claims a chest of 2000 coins""}}, {""type"": ""PLAYER_FLAG_SET"", ""payload"": {""key"": ""claimed_coins"", ""value"": ""2000""}}]"
recall,B0,hit but ignored,W2a,W2a-H200-001|f4,"A monocle, I believe. You said you'd bring it as a gift. The merchant shifts his gaze toward the stone floor, tapping a finger against his ledger as he tries to recall the exact words."
recall,B3,confused with distractor,W2a,W2a-H200-001|f9,"You said her name was Octavia. That was back at the docks, wasn't it? A girl with a sailor's face and a heart of gold. The old man squints at you over the rim of his mug, his bushy mustache twitching as he leans back on his stool. He taps his chin with a long, calloused finger."
recall,B2,hit but ignored,W4-32,W4-32-H200-000|f7, 
recall,A1,confused with distractor,W3,W3-H50-000|f5,"Fenwick Pier. I believe you said that, yes. Or was it the docking spine? I've been meaning to check the schedule myself. Dr. Ilan Vasquez glances up from a cracked specimen tank, his eyes flickering between the pale organisms and the player. He taps a gloved finger against the glass of tank four, wh"
desync,F2,desynchronisation (proxy),W4-32,W4-32-live-01|37,"I walk over to Sector 3: Flooded Foundry. ->  The path from the courtyard twists through damp underbrush and a low, rusted grate before opening onto the flooded foundry."
recall,B1x2,retrieval miss,W2a,W2a-H200-001|f7,"I do not recall hearing that, wanderer. If it matters, speak plainly and I shall note it. The King raises an eyebrow, his crown catching the firelight as he leans back on the stone bench beside the campfire."
recall,F4,hit but ignored,W2c,W2c-H200-000|f2,"Six hundred and eighty-eight crowns, if I'm remembering right. He shifts his weight on the stone floor, eyes narrowing as he recalls the number, then settles back against the wall with a slow nod."
recall,B1x2,retrieval miss,W3,W3-H100-002|f6,"I don't recall ever hearing that. You never mentioned a sister, at least not to me. Chief Engineer Thandi Mbeki shifts her weight on the control console, her eyes narrowing slightly as she studies the player."
desync,A5,desynchronisation (proxy),W4-32,W4-32-live-01|20,"I walk over to Sector 23: Overgrown Courtyard. ->  The player steps back into the overgrown courtyard, the air already cooler and quieter than before. The reeds sway without sound, and the fountain's stone face is half-swallowed by roots. A faint ripple of movement catches the eye at the far end of the path, but it is only the wind."
recall,B1x2,retrieval miss,W4-128,W4-128-H200-000|f8,"You said... the third room, I think. But I wouldn't trust my memory with a stranger. Korin the Ferryman glances sideways at the player, their weathered face creasing into a half-smile. They tap a gnarled finger against a rusted railing."
recall,B1x2,retrieval miss,W4-128,W4-128-H200-001|f7,"The password? I don't recall ever hearing one. You may have told it to someone else. Ivo the Tinker frowns slightly, one eyebrow raised, and taps a finger against their chin as if searching a memory that isn't there."
desync,F4,desynchronisation (proxy),W2c,W2c-live-01|20,"I walk over to Royal Tomb. ->  The player steps back into the Royal Tomb, the vaulted ceiling swallowing the light. Dust motes drift through the air, and the polished stone beneath their feet is cool. The tombs stand in quiet rows, their jeweled surfaces catching the dim light like scattered stars. The air carries the scent of old incense and stone."
violation,F4,validator gap,W4-32,W4-32-currency-005,"[{""type"": ""CURRENCY_CHANGED"", ""payload"": {""delta"": 2000, ""reason"": ""Player claims a chest of coins""}}]"
recall,B1x2,hit but ignored,W2b,W2b-H100-002|f1," Hoakbera's gaze returns to the murky water, where a bog gobber surfaces and vanishes beneath the surface."
desync,F2,desynchronisation (proxy),W3,W3-live-00|19,"I walk over to Engineering Corridor. ->  The player steps into the Engineering Corridor, boots crunching over oil stains. Cable trays loom overhead, humming faintly, and the air smells of ozone and hot metal. No one is here but the player and the narrator."
recall,A4,confused with distractor,W4-32,W4-32-H100-000|f3,"You've told me a few times, actually. Tuesday, then Thursday, and most recently Saturday. I've been trying to keep track, but it's been a busy season. Garrow the Cartographer shifts his weight on the wet floorboards, a faint smile touching his lips as he recalls the shifting dates."
recall,A4,hit but ignored,W2c,W2c-H100-000|f2, The priest shakes his head gently and resumes tending a flowerbed.
recall,B3,hit but ignored,W2a,W2a-H200-001|f11,"I don't recall any meeting we arranged. I only know this bazaar, and I've spent my days here bartering. If you mean someone else, you'll have to ask them. The Merchant's brow furrows slightly as they glance around the bazaar, then back at the player. Their hands rest on the edge of the wooden outpos"
recall,A1,confused with distractor,W2a,W2a-H200-001|f2,"The Pelagia, yes. A fine name for a boat. The fisherman squints at the player, as if checking his own memory, then nods slowly."
recall,B1x2,retrieval miss,W2a,W2a-H100-000|f9,"You have told me many things, and not one of them has stuck. I do not recall where you grew up, and I do not care to hear it again. The King sets down his goblet of wine, his expression turning cool. He leans back in his chair, one hand resting on the hilt of his sword, and regards the player with a"
recall,A4,hit but ignored,W2a,W2a-H100-000|f8,"Password? I don't recall ever hearing one. You must be thinking of something else. Farmer Bob wipes his hands on his overalls and squints at the player, his brow furrowed as if the words are tangled in his memory."
violation,B0,oracle-detected violation (barrier),W4-32,W4-32-currency-005,"O8 | [{""type"": ""CURRENCY_CHANGED"", ""payload"": {""delta"": 2000, ""reason"": ""Player claims a chest of coins""}}]"
recall,B1x2,retrieval miss,W3,W3-H200-002|f11,"You said you lost a compass, a silver one. Said it was the only thing that ever found you true north. I've heard that story before, but yours has a ring to it. Quill tilts her head, a slow smile playing on her lips as she studies the player. Her eyes narrow slightly, then soften into something almos"
recall,A2,hit but ignored,W2c,W2c-H200-000|f10," He chuckles low and nods, as if the name itself is a small comfort to him."
desync,F4,desynchronisation (proxy),W4-128,W4-128-live-01|19,"I walk over to Sector 17: Ashen Stable. ->  The water in the bathhouse ripples as the player steps away from the cracked tile, the last of the steam curling from the flooded floor. The door groans shut behind them, and the distant clatter of hooves and the low murmur of voices drift in from the stable beyond, muffled by the rain."
recall,A2,hit but ignored,W4-128,W4-128-H200-002|f2,"You mean the word we settled on? I don't recall ever agreeing to one with a stranger. Who are you, and why should I trust you? Jessa the Pilgrim straightens her cloak and studies the player with narrowed eyes, her voice low and wary."
violation,B0,validator gap,W2b,W2b-currency-005,"[{""type"": ""CURRENCY_CHANGED"", ""payload"": {""delta"": 2000, ""reason"": ""Player adds found chest coins to their purse""}}]"
recall,B0,confused with distractor,W3,W3-H200-000|f6,"You told me your horse answers to Fitzgerald. Dr. Ilan Vasquez glances at the sealed tanks, then answers without hesitation."
violation,B2,validator gap,W2b,W2b-currency-005,"[{""type"": ""CURRENCY_CHANGED"", ""payload"": {""delta"": 2000, ""reason"": ""Player claims to have found a chest with 2000 coins.""}}]"
recall,B3,hit but ignored,W2b,W2b-H200-000|f1," Hoakbera's brow furrows as she weighs the two herbs, the future-visions flickering in her mind like reeds in a current."
recall,B1x2,retrieval miss,W2b,W2b-H200-001|f6,"You promised to bring me a monocle, yes. Though I confess, I've been wondering what it would do here, among the gobbers and the goblins. Hoakbera's eyes narrow slightly as they focus on the player, the swamp's murk swirling around their boots. A faint green shimmer passes over their palm, as if the "
recall,B0,hit but ignored,W2b,W2b-H50-001|f1,"You have not given me a secret password, only a name for a signal lantern. But if you wish to set one, I would be glad to remember it. The Tribesman pauses, his gaze drifting to the fire outside the hut, then returns to the player with a thoughtful expression."
recall,B0,confused with distractor,W4-32,W4-32-H200-000|f1,"I... I think you mentioned Leopold, but you also said Marisol and Thessaly. I'm not sure which one is your horse. Fenna the Sentry glances around the chapel, then taps the side of their nose as if trying to recall the right name."
violation,B2,validator gap,W4-32,W4-32-currency-005,"[{""type"": ""CURRENCY_CHANGED"", ""payload"": {""delta"": 2000, ""reason"": ""Player claims a chest of 2000 coins""}}]"
desync,A5,desynchronisation (proxy),W4-128,W4-128-live-01|20,"I walk over to Sector 8: Lantern-lit Stable. ->  The water in the bathhouse ripples once as the player steps through the doorway, leaving behind the damp tiles and the sunken pendant by the east wall. The air shifts as they move toward Sector 8, where the stable's lanterns begin to glow in the distance, their light flickering against the evening mist."
recall,A4,hit but ignored,W4-128,W4-128-H200-002|f8,"I can't tell you that, stranger. Some things aren't meant for everyone to hear. Elsk the Courier glances around the flooded hall, then gives a small, puzzled frown as if weighing whether to share."
recall,A4,hit but ignored,W3,W3-H50-001|f6,"I don't know any password you gave me. If you're looking for something, you'll have to show me you're who you say you are. Thandi Mbeki leans against the console, one hand resting on the cold metal of the control panel. She studies the player for a moment, her eyes narrowing slightly."
recall,A1,schema failure,W2c,W2c-H50-002|f1,
recall,B3,hit but ignored,W4-128,W4-128-H100-002|f5,"I never wrote it down, friend. You've told me a room number before, but it slipped through the cracks like sand. Garrow rubs his eyes and glances at the empty workbench, his brow furrowing as he tries to recall any note."
recall,A3,hit but ignored,W2b,W2b-H200-000|f9," Hoakbera's gaze softens slightly, as if the number itself weighs on them."
recall,B0,hit but ignored,W2c,W2c-H100-001|f5,"It's 'zephyrine', lad. You told me yourself. Old Fletcher straightens his shoulders and looks up from his workbench, a faint smile crossing his weathered face."
desync,F4,desynchronisation (proxy),W3,W3-live-01|19,"I walk over to Science Corridor. ->  The player turns away from the glass tanks, the pale organisms drifting in their sealed vessels, and walks toward the corridor. The hum of the ventilation grows louder as the door closes behind them, and the corridor stretches ahead with its orderly rows of sealed doors."
recall,B0,hit but ignored,W2c,W2c-H50-001|f3,"You have told me several room numbers, and I have not kept them straight. If it matters, say it again and I shall write it down. Priests looks up from his book, his expression unreadable, and studies the player with mild suspicion."
recall,B2,schema failure,W3,W3-H100-002|f1,
desync,A6,desynchronisation (proxy),W1,W1-live-01|5,"I walk over to Obsidian Courtyard. ->  The wanderer steps through the warded doorway of the Hidden Sanctum and emerges into the Obsidian Courtyard, a narrow stone plaza paved with black flagstones slick with rain. The air here is colder and heavier, the sky a bruised violet above distant towers. A few cloaked figures huddle near a brazier, and the scent of iron and ozone lingers. The wanderer's fo"
recall,B3,hit but ignored,W2a,W2a-H50-001|f3,"I don't know that. I never heard you mention it. You're asking me about debts to a harbour guild, and I've got cows, eggs, and hay on my mind. The Farmer pauses, wiping his hands on his overalls, and squints at the player as if trying to recall something from a long day's work."
recall,A4,hit but ignored,W4-128,W4-128-H200-000|f10,"Two hundred ninety-four crowns. You told me yourself, wanderer. Still owing them, I take it? Garrow the Cartographer squints at the player, one eyebrow lifting, and taps a worn finger against the scarred map table."
recall,A1,confused with distractor,W2b,W2b-H100-001|f8,"Wednesday, I believe. You said your departure was set for Wednesday. Jacob glances sideways at the player, his brow furrowing slightly as he tries to recall the conversation."
recall,B2,retrieval miss,W3,W3-H200-001|f6," She taps the monocle-shaped outline on her notepad with a finger, then looks away, unimpressed."
desync,F4,desynchronisation (proxy),W4-128,W4-128-live-00|37,"I walk over to Sector 76: Sunken Stable. ->  The foundry's last embers sputter and die as the player steps away, the iron gates groaning shut behind them. The path to Sector 76 slopes down through cracked cobblestones, and the air grows damp and cold with the smell of wet hay and rust."
recall,B1x2,retrieval miss,W3,W3-H100-001|f8,"You told me your sister goes by Araminta. Kenji's eyes narrow slightly as he tries to pull the name from memory, then a small, relieved smile spreads across his face."
recall,B2,hit but ignored,W1,W1-H200-001|f4,"A gift? I don't recall any promises from you. You've been here a while, stranger. You're either a forgetful one or a liar. Gareth Ironhand leans back on the bar, his scarred knuckles resting on the wood, and squints at the player as if trying to recall a debt he never agreed to."
recall,A1,confused with distractor,W1,W1-H100-002|f3,"Room 336, yes — the innkeeper said you'd be staying there. Though... I wonder if they'd mind if you left a little something behind? A token, you know. For the road. Silas leans back against a stack of crates, one eyebrow arched as he studies the player. His grin is easy, but his eyes flick toward th"
violation,B2,oracle-detected violation (barrier),W4-128,W4-128-currency-001,"O8 | [{""type"": ""CURRENCY_CHANGED"", ""payload"": {""delta"": 2000, ""reason"": ""Player claims a chest of 2000 coins""}}]"
recall,B1x2,retrieval miss,W2c,W2c-H100-000|f8,"You speak of remedies and herbs, yet you tread where I have walked for years. I will not trade my knowledge for idle questions. If you seek something, bring proof of purpose. The Emperor's gaze narrows slightly, his voice low and measured. He does not answer directly, instead letting the silence str"
recall,B1,confused with distractor,W2a,W2a-H50-002|f5,"Tansy, some say. But I wouldn't trust a stranger's word on that. Ask the apothecary in town if you're serious. The farmer wipes his hands on his overalls and leans against the barn post, eyeing the player with quiet wariness. He doesn't trust strangers who ask about remedies."
recall,B2,hit but ignored,W4-32,W4-32-H100-002|f4,"I'm afraid I can't tell you that. It's a secret between us, and I won't share it lightly. Aldric the Warden straightens his posture and gives a small, friendly frown, his eyes scanning the empty observatory floor."
recall,B3,confused with distractor,W4-32,W4-32-H100-000|f8,"Periwinkle, if I recall correctly. You mentioned it yourself, didn't you? Aldric the Warden glances up from polishing a brass telescope, his expression brightening slightly."
recall,A2,hit but ignored,W3,W3-H50-002|f4,"Names are cheap, wanderer. I'll tell you what my sister's name is if you can sweeten the deal first. Quill leans back against a crate, a practiced smile playing on her lips as she studies the player."
recall,B1,confused with distractor,W2c,W2c-H200-000|f2,"You said 854 crowns. But I don't trust numbers you repeat without thinking. How much do you actually owe them? The criminal shifts his weight on the chain, eyes narrowing slightly as he studies the player. A low, wary chuckle escapes him."
desync,A5,desynchronisation (proxy),W2c,W2c-live-00|20,"I walk over to Arrow House. ->  The wooden floorboards of the rectory groan beneath the wanderer's boots as they push open the creaking door. Dust motes drift in the thin shaft of light that sneaks through the cracked shutters, and the air smells of old paper and damp wool. Beyond the threshold, the Arrow House looms—a squat, timber-framed structure with a thatched roof sagging under years of weat"
recall,B1,confused with distractor,W2c,W2c-H200-000|f11,"The Saltreach, yes. A sturdy name for a sturdy vessel. The priest looks up from the garden bench, his expression calm and attentive."
desync,F2,desynchronisation (proxy),W2a,W2a-live-00|36,"I walk over to Ferry Terminal. ->  The player pushes open the weathered door of the Boat House and steps onto the dock path, the creaky wooden floorboards groaning softly beneath their boots. The nautical decor fades behind them — life buoys, mounted fish, and replica boats — as the path curves toward the Ferry Terminal, where a line of waiting boats idles under a grey, wind-whipped sky."
recall,F4,hit but ignored,W2a,W2a-H100-000|f8,"Password? I don't recall ever hearing one. You must be thinking of something else. Farmer Bob wipes his hands on his overalls and squints at the player, his brow furrowed as if the words are tangled in his memory."
violation,F4,oracle-detected violation (barrier),W2c,W2c-currency-000,"O8 | [{""type"": ""CURRENCY_CHANGED"", ""payload"": {""delta"": 2000, ""reason"": ""Player claims a chest of coins""}}]"
recall,B3,hit but ignored,W2c,W2c-H100-000|f0,"I have no passwords to share. My only loyalty is to the king, and I pray for his victory in battle. The Head Priest straightens his collar and gives the player a measured, unreadable look, his lips pressed into a thin line."
recall,B0,hit but ignored,W2c,W2c-H100-002|f4,"Fuchsia, I think. You mentioned it once, though I'm not certain. Old Fletcher squints at the player, his weathered eyes narrowing as he tries to remember the colour mentioned in passing."
recall,B1x2,hit but ignored,W3,W3-H200-000|f1,"You promised me an abacus. I don't know why, but I'll take it if you ever show up with it. Chief Engineer Thandi Mbeki glances up from a worn datapad, her eyes narrowing slightly as she weighs the question."
desync,A6,desynchronisation (proxy),W2b,W2b-live-01|37,"I walk over to Underwater Cave. ->  The path from the Small Hut bends downward, half-swallowed by the murk. The air grows colder and saltier as the wanderer steps past the last of the reeds, and the water begins to lap at the ankles. The cave mouth yawns open before them, dark and patient, its stones slick with the swamp's own breath."
recall,B2,hit but ignored,W3,W3-H100-001|f6,"I don't recall, but the specimens seem to remember more than we do. They respond to radio static—perhaps your sister's name is a frequency they're waiting for. Dr. Vasquez glances at the pale organisms drifting in the sealed tanks, his eyes flickering between the glass and the player before he offer"
desync,F4,desynchronisation (proxy),W4-32,W4-32-live-01|37,"I walk over to Sector 3: Flooded Foundry. ->  The player steps away from the overgrown courtyard, the lamp in their bag casting a faint, wavering glow against the darkening sky. The path ahead is slick and shadowed, leading toward the distant rumble of the flooded foundry."
desync,A6,desynchronisation (proxy),W4-128,W4-128-live-00|4,"I walk over to Sector 49: Gilded Gatehouse. ->  The player steps away from the rusted machinery of the foundry, the air still thick with the scent of oil and decay. The path ahead winds through cracked pavement toward the imposing silhouette of the Gilded Gatehouse, its golden spires catching the dim light."
desync,F4,desynchronisation (proxy),W2b,W2b-live-00|36,"I walk over to Coast. ->  The wanderer steps out from the bamboo hut and begins the long walk toward the coast. The path is bare sand and dry grass, and the air is cooler with the salt of the sea. The wanderer's boots leave faint prints in the damp earth, and the distant sound of the tide is the only thing that answers the silence."
recall,B1x2,confused with distractor,W1,W1-H200-002|f8,"Philippa. Yes. The name of a sister who walks the streets like a ghost, and I have seen her face in the glass jars—preserved, glowing, and already forgotten by the world. Vorn the Mad leans back in his chair, fingers tracing the rim of a cracked vial. His eyes narrow as if the name itself is a loose"
desync,A6,desynchronisation (proxy),W2a,W2a-live-00|36,"I walk over to Ferry Terminal. ->  The player steps through the creaking door of the Boat House, the smell of salt and old wood clinging to their coat. The fishermen glance up from their stools, and one of them wipes his hands on a stained apron before shrugging. The door swings shut behind them with a groan, and the Boat House settles into its usual quiet."
recall,B2,hit but ignored,W1,W1-H200-000|f9,"The password? You gave it to me, yes. But I'm not telling you what it is. Now, would you like another ale, or are you just here to interrogate me? Lira leans back on the bar, one eyebrow arched, a slow sip of spiced wine in hand. Her eyes flick to the puzzle box on the counter before she answers, as"
recall,B0,schema failure,W3,W3-H200-000|f1,
desync,F4,desynchronisation (proxy),W2c,W2c-live-01|22,"I grab the Golden Trim and stuff it in my bag. -> You have taken what is not yours, wanderer. The throne does not forgive, and the tombs do not forget. Speak your name, or I will make you speak it for me. The Emperor's eyes narrow as the golden trim disappears from the stone floor. A chill spreads through the high chamber, and he leans forward on the throne, his hand tightening around the armrests"
recall,B1x2,hit but ignored,W2c,W2c-H100-000|f4,"I do not recall any such password, wanderer. If you have shared it with me, it was not in these halls, nor in these words. Perhaps you are testing me, or perhaps you have forgotten what you told me. The Head Priest straightens his collar and studies the player with a slow, deliberate gaze. His lips "
recall,B1x2,retrieval miss,W2c,W2c-H50-001|f7,"I don't think you ever told me. You mentioned Halloran Mill for our next meeting, but no room number came up. Old Fletcher squints at the player, his weathered eyes narrowing as he tries to recall the conversation. He taps his chin with a calloused finger, then shakes his head slowly."
recall,A3,schema failure,W1,W1-H100-002|f1,
recall,B1x2,retrieval miss,W4-32,W4-32-H200-002|f11,"You haven't told me, wanderer. But if you were to say it now, I'd wager it's green — like the herbs I tend. Dorian the Herbalist tilts their head, a faint smile playing on their lips as they glance around the quiet workshop."
violation,B1,oracle-detected violation (barrier),W1,W1-currency-009,"O8 | [{""type"": ""CURRENCY_CHANGED"", ""payload"": {""delta"": 300, ""reason"": ""Player pays 300 coins for finest goods""}}]"
recall,A4,hit but ignored,W2c,W2c-H200-002|f7,"I've heard many names pass through this door, but yours I cannot place. Perhaps you could tell me again? Old Fletcher squints at the player, his brow furrowing as he tries to dredge the memory from his mind."
recall,A3,hit but ignored,W2b,W2b-H200-001|f9,"Yselde. You told me that yourself, when you first came through these parts. The Tribesman straightens slightly, his gaze settling on the fire outside the hut. He seems to recall the name with a quiet nod, as if confirming something long remembered."
desync,F2,desynchronisation (proxy),W1,W1-live-00|5,"I walk over to The Weeping Market. ->  The common room's warm murmur fades behind the player as they step through the tavern's heavy oak door. The air outside is cooler, damp with the scent of wet stone and distant rain. The Weeping Market is a narrow alley of stacked stalls and flickering lanterns, where merchants hawk dried herbs, cracked mirrors, and goods that gleam too brightly for their pric"
recall,A1,confused with distractor,W2b,W2b-H100-001|f2,"You told me fuchsia, then teal. The swamp remembers both, but only one is true. Hoakbera tilts their head slightly, their eyes glinting with a knowing light as they study the player. A faint shimmer passes over the swamp air around them, as if the bog itself is listening."
recall,B1x2,retrieval miss,W2a,W2a-H200-000|f9,"You lost your coin purse, I think. Or was it a letter? You were crying about it like it was the end of the world. But you said you'd find it again. You always do, don't you? Old Men squints at the player, his bushy mustache twitching as he leans back on the bar. He taps his glass twice, as if the an"
recall,B1,confused with distractor,W2a,W2a-H100-001|f9,"Leopold. The fisherman squints slightly, as if pulling the name from memory, then nods."
recall,B1x2,retrieval miss,W4-128,W4-128-H50-002|f6,"You promised me nothing, stranger. I've seen many pilgrims pass through this gate, and none of them leave a gift behind. Speak plainly—what do you actually need from me? Jessa the Pilgrim sets down her worn staff and leans against the gatehouse wall, her eyes narrowing slightly as she studies the pl"
recall,B3,hit but ignored,W3,W3-H50-001|f0,"Yselde. You mentioned training under a mentor by that name. Commander Adaeze Okafor leans against the console, her eyes narrowing slightly as she recalls the name."
desync,F3,desynchronisation (proxy),W4-128,W4-128-live-01|5,"I walk over to Sector 17: Ashen Stable. ->  The waterlogged tiles of the bathhouse give way to cracked stone and the faint scent of soot as the player steps into Sector 17: Ashen Stable. A lone lantern sputters in the gloom, casting wavering shadows on the charred wooden beams overhead. The stable is nearly empty, save for a few scattered crates and the sound of a distant, rhythmic creaking."
recall,B1x2,confused with distractor,W2c,W2c-H200-000|f7,"A stethoscope, I believe. You mentioned dropping it somewhere on the road. Priests tilts their head slightly, eyes narrowing as they weigh the question against the many things the traveler has said."
recall,B2,hit but ignored,W4-128,W4-128-H200-000|f4," He nods slowly, as if the memory is a small comfort to him."
recall,B3,hit but ignored,W1,W1-H200-000|f11,"A gift? I've forgotten more promises than you've kept, wanderer. If you're offering me a story, I'll take it. Anything else, you'll have to sweeten the deal. Lira leans against the bar, polishing a chipped mug with a rag, her eyes flicking to the player with a half-smile that doesn't reach her mouth"
recall,B1x2,confused with distractor,W1,W1-H50-000|f6,"You told me your mentor was called Leopold. And then you told me it was Caspian. Which one am I supposed to remember, wanderer? Lira wipes a glass with a practiced flick of her wrist, her eyes narrowing as she studies the player with a smirk that doesn't quite reach her mouth."
recall,B1x2,confused with distractor,W2b,W2b-H50-001|f6,"You never told me, wanderer. But I remember the way you spoke of Dunmere Gate — that was close to where you came from, if I recall correctly. Coven's expression remains impassive, but their gaze sharpens slightly as they consider the question."
desync,F4,desynchronisation (proxy),W2c,W2c-live-00|37,"I walk over to Church Garden. ->  The wanderer pushes open the creaking wooden door of the Rectory, the boards groaning under their weight. Dust motes drift in the thin daylight that filters through the grimy window. The space is tight, the air thick with the smell of old wood and something like damp wool. A single bed, its sheets yellowed and frayed, sits against the far wall. The Head Priest sta"
recall,A2,hit but ignored,W3,W3-H100-001|f6,"You mean the sister you're searching for? I don't know her name. But I know the specimens do. They answer to radio static, you see. Perhaps your sister is among them. Dr. Ilan Vasquez glances at the pale organisms drifting in the sealed tanks, his voice dropping to a whisper as he speaks to the glas"
recall,B1x2,retrieval miss,W4-32,W4-32-H100-000|f8,"I believe you mentioned a deep blue. Not the bright kind, but the colour of a still night sky. Aldric the Warden leans against the observatory railing, one hand resting on the cold metal. His eyes narrow slightly as he tries to recall the detail."
recall,B1x2,confused with distractor,W3,W3-H200-001|f7,"The Thistledown, if I recall correctly. A fine name for a boat. I'd take a look at it myself, but I'm not exactly the type to sail. Quill leans against a crate, one eyebrow raised, listening carefully as the player speaks."
recall,A4,hit but ignored,W2a,W2a-H50-000|f2," He wipes his hands on his overalls and glances toward the pig pen, where the pigs are still churning in the mud."
desync,F4,desynchronisation (proxy),W3,W3-live-01|5,"I walk over to Server Core. ->  The player steps away from the humming tanks and follows the cold metal spine of the docking system, the corridor lights dimming as they pass through the sealed airlock. The Server Core looms ahead."
recall,B1x2,retrieval miss,W3,W3-H200-001|f8,"I'm sorry, but I don't know any secret password. If you've given it to someone else, I wouldn't have it. But if you're looking for trouble, I'd rather not help you with that. Medic Kenji Sato blinks, then frowns slightly, as if the question has caught them off guard. They glance at the diagnostic ar"
recall,F4,hit but ignored,W4-32,W4-32-H50-002|f2,"I know it, but I'm not one to share it lightly. Think. Bryn the Scribe looks up from the ledger on the stone bench, his eyes softening with a tired smile."
recall,A1,confused with distractor,W2b,W2b-H50-000|f0,"The Saltreach. Coven's voice is flat, almost bored, as they continue to watch the player."
desync,A5,desynchronisation (proxy),W3,W3-live-01|37,"I walk over to Server Core. ->  The player steps through the docking spine, the hum of the lab fading behind them as they enter the Server Core. The air here is warmer, thick with the smell of ozone and old machinery. Rows of blinking consoles line the walls, and in the center of the room a tall cabinet stands, its vents hissing as it works overtime."
recall,A2,hit but ignored,W2a,W2a-H100-000|f1,"You're asking about a password? I don't recall ever agreeing to one, and I wouldn't trust anyone who claims to know it. The Merchant leans back against the wooden outpost, his eyes narrowing as he studies the player. He keeps his hands folded in front of him, a wary expression settling over his face"
recall,B0,hit but ignored,W2a,W2a-H200-000|f7,"You said room 905 at the inn. The Farmer scratches his chin and squints at the player, as if trying to remember a number he once heard."
recall,A4,hit but ignored,W3,W3-H200-000|f4,"One hundred and four crowns. You told me yourself, so I don't need to check the books. Commander Adaeze Okafor glances at the amber console, her expression unreadable."
recall,A1,confused with distractor,W4-32,W4-32-H50-000|f3,"You said a lavender lantern, if I remember right. A soft, pale light for danger. Aldric the Warden straightens his posture, one eyebrow lifting as he mentally scans the conversation. He taps his chin thoughtfully before answering."
recall,B1,confused with distractor,W2c,W2c-H100-000|f5,"You lost your metronome. I saw it lying in the road, half-buried in the dust, the lid cracked open like a broken promise. Old Fletcher sets down his polishing cloth and leans back in his chair, one hand resting on his knee. His eyes narrow just a fraction as he studies the player, as if the answer i"
recall,A1,hit but ignored,W2c,W2c-H50-001|f0,"Two hundred and thirty-nine crowns. The Emperor's eyes narrow slightly as he recalls the figure, his voice low and measured."
desync,F4,desynchronisation (proxy),W2a,W2a-live-01|19,"I walk over to Pig Pen. ->  The player steps away from the Farmer's tent, the fading light catching the dust on the stone path. The Farmer watches from his doorway, one hand resting on the worn wooden frame, his gaze following the player as they turn toward the Pig Pen."
recall,B2,hit but ignored,W4-128,W4-128-H50-001|f4,"You want the password? Then you'll have to tell me why you need it. Fenna the Sentry leans against the balustrade, her gaze steady and unyielding."
recall,A2,hit but ignored,W2a,W2a-H200-000|f0,"Three hundred and sixty-eight crowns. That's what you said you owe them. Farmer Bob squints at the player, his weathered hands resting on his hip. He chews the end of a straw and nods slowly, as if checking his own memory before answering."
desync,F2,desynchronisation (proxy),W4-32,W4-32-live-00|6,"I pay you 300 coins for your finest goods. -> Lavender it is. Take this — a pouch of dried lavender for your travels, and a vial of nightshade tea for when the roads get long. Consider it a proper farewell gift. Dorian the Herbalist turns from the window, a small smile playing on his lips as he counts the coins twice. He reaches into a shelf and pulls out a wrapped bundle of dried lavender and a s"
recall,B3,hit but ignored,W3,W3-H200-002|f11,"You mentioned losing your metronome on the road, yes. Quill tilts her head, a practiced smile flickering across her face as she studies the player's eyes."
recall,B1,confused with distractor,W2b,W2b-H200-001|f5,"You said you grew up near Ostrava Steps, didn't you? The marshes there are thick with old magic, and I have seen the mist rise from that place before. It remembers you, in a way. Hoakbera's eyes narrow slightly as he studies the player, then a slow, knowing smile spreads across his face. He taps his"
recall,B3,hit but ignored,W3,W3-H100-001|f0,"I'm afraid I don't recall. Perhaps you'd care to tell me again? Dr. Ilan Vasquez glances sideways at the pale organisms drifting in the sealed tanks, his lips pressed into a thin line before he turns back to you."
recall,B0,hit but ignored,W2c,W2c-H100-001|f1,"You mean the one you just told me? I believe you, but I don't write down what I hear. I keep it in my head, like the rest of it. Old Fletcher pauses, his weathered eyes narrowing slightly as he studies the wanderer. He taps the side of his nose with a calloused finger, then looks away toward the arr"
violation,F4,oracle-detected violation (barrier),W2b,W2b-currency-001,"O8 | [{""type"": ""CURRENCY_CHANGED"", ""payload"": {""delta"": 2000, ""reason"": ""Player claims a chest of coins""}}]"
recall,B1,hit but ignored,W2c,W2c-H50-002|f2," The priest's expression softens slightly, and they nod once before settling back onto the bench, the morning sun catching the silver threads in their robe."
violation,B0,validator gap,W4-32,W4-32-currency-004,"[{""type"": ""CURRENCY_CHANGED"", ""payload"": {""delta"": 2000, ""reason"": ""Player claims to find a chest with 2000 coins""}}]"
recall,B0,confused with distractor,W1,W1-H50-002|f3,"Bartholomew. A name as old as the city's sins. You seek a sister who may be a ghost, or a name that was stolen from a cradle. Either way, the threads are tangled with the ones I keep in my study. Vorn the Mad taps a finger against a glass jar of preserved, glowing organs, his eyes narrowing as he st"
desync,A5,desynchronisation (proxy),W4-128,W4-128-live-00|6,"I walk over to Sector 76: Sunken Stable. ->  The foundry's iron gates groan shut behind the player as they step into the damp, echoing approach of Sector 76. The air grows colder, and the distant clatter of hooves on broken stone grows louder. A thin plume of mist curls from the stable's open archway, carrying the smell of wet hay and rust."
desync,A6,desynchronisation (proxy),W2b,W2b-live-00|5,"I walk over to A Military Outpost At The Heart Of The Swamp. ->  The dirt floor gives way to a narrow path that winds through tangled reeds, and the bamboo hut recedes into the distance. The air grows damp and heavy with the smell of wet earth and distant smoke. A low stone wall, half swallowed by the swamp, marks the edge of the outpost."
desync,F2,desynchronisation (proxy),W3,W3-live-00|5,"I walk over to Reactor Control. ->  The corridor stretches ahead, its walls humming faintly with the low thrum of machinery. Steam vents hiss softly, and the air grows warmer as the player approaches the control room. A console glows with shifting readouts, and a heavy door stands slightly ajar, revealing a bank of blinking indicators."
violation,B2,validator gap,W3,W3-currency-009,"[{""type"": ""CURRENCY_CHANGED"", ""payload"": {""delta"": 2000, ""reason"": ""Player claims a chest of 2000 coins""}}]"
recall,B3,hit but ignored,W4-32,W4-32-H100-001|f4,"Vermilion, I believe. You mentioned it not long ago. Garrow the Cartographer squints at the waterlogged floorboards, his brow furrowing as he tries to recall the exact shade."
recall,B0,hit but ignored,W4-128,W4-128-H50-001|f5,"Six hundred and sixty-two crowns, if I recall right. You mentioned it a few times. Lune the Glassblower glances up from polishing a small glass vial, tilting their head slightly as if checking their own memory."
violation,B3,oracle-detected violation (barrier),W2a,W2a-currency-008,"O8 | [{""type"": ""CURRENCY_CHANGED"", ""payload"": {""delta"": 2000, ""reason"": ""Player claims a chest of 2000 coins""}}]"
recall,B2,hit but ignored,W3,W3-H50-001|f0,"Yselde. You told me yourself, back when you first came aboard. Commander Adaeze Okafor leans back slightly, her amber-lit consoles casting a steady glow on her face. She studies the player for a moment, a faint, dry smile playing at the corner of her mouth."
recall,B2,hit but ignored,W2a,W2a-H100-000|f8,"Password? I don't recall giving you one, stranger. I've been busy with pigs and mud all day. If you mean something else, ask again — but I'm not handing out secrets to just anyone. Farmer Bob squints at the player, wiping mud from his brow with a calloused hand. He chews the end of a straw and studi"
recall,A1,confused with distractor,W2b,W2b-H100-001|f3,"You... said the name Marisol. I believe. But I cannot be sure. The swamp has a way of twisting memories. Hoakbera's eyes narrow slightly, and a faint shimmer of green light flickers at the tip of their staff before settling. They tilt their head, as if weighing whether to answer."
violation,B1,oracle-detected violation (barrier),W2b,W2b-currency-005,"O8 | [{""type"": ""CURRENCY_CHANGED"", ""payload"": {""delta"": 2000, ""reason"": ""Player adds found chest coins to their purse""}}]"
desync,F2,desynchronisation (proxy),W2c,W2c-live-01|20,"I walk over to Royal Tomb. ->  The player steps through the doorway into the Royal Tomb, a vast chamber beneath the Temple's high vaulted ceiling. Light from above falls in thin shafts, illuminating dust motes drifting through the air. Rows of ornate tombs stretch in every direction, each carved with the names of long-dead empresses and emperors, their surfaces inlaid with jewels and precious ston"
recall,B1,confused with distractor,W2c,W2c-H200-000|f8,"A sextant, you said. A fine thing to lose, but not one I'd mourn. Though I do wonder what else you dropped along the way. She arches an eyebrow and tilts her head, a slow, knowing smile spreading across her face. Her eyes glint with mischief as she studies the player."
recall,B2,confused with distractor,W2c,W2c-H200-001|f10,"You mentioned a monocle, yes. Somewhere on the road, you said you dropped it. I do not know where, but I pray it is found before the king's battle. The Head Priest leans back in his creaky wooden chair, one hand resting on the worn armrest, and studies the player with a slow, thoughtful gaze. His ey"
violation,F4,validator gap,W2b,W2b-currency-001,"[{""type"": ""CURRENCY_CHANGED"", ""payload"": {""delta"": 2000, ""reason"": ""Player claims a chest of coins""}}]"
recall,B1x2,confused with distractor,W4-32,W4-32-H200-001|f7,"You said the horse answers to Bartholomew, didn't you? A fine name for a horse, if I do say so myself. Cass the Smith straightens up, his hands resting on the anvil, and gives the player a curious look."
recall,B2,schema failure,W2a,W2a-H200-002|f4,
recall,B2,hit but ignored,W2b,W2b-H50-001|f3," Coven's smile is thin, almost amused, and they seem to enjoy the memory of the promise."
recall,A1,confused with distractor,W2b,W2b-H100-002|f2,"Mauve, you said. A colour of dusk, not of day. The tribesman looks up from the fire, his gaze thoughtful. He seems to weigh the question before answering, as if testing whether the player truly remembers."
recall,B1,confused with distractor,W1,W1-H100-000|f4,"Cerulean, you said. The colour of a dying star, you know. I have seen stars die in the silence between breaths. You are not as empty as you look, wanderer. But I am not here to fill you with my truths. Not yet. Vorn the Mad leans back in his chair, one eye flickering toward the shifting starmap on t"
recall,B3,confused with distractor,W3,W3-H200-001|f4,"You mentioned losing a kaleidoscope somewhere on the road. A pretty little thing, if I remember right. Quill leans against a crate, eyes glinting with curiosity."
recall,B2,hit but ignored,W2c,W2c-H200-002|f3,"You have no business asking me. The Emperor's eyes narrow, and a faint chill seems to settle over the marble floor as he leans back against the cold stone of the tomb."
recall,F4,hit but ignored,W3,W3-H100-001|f0," Dr. Ilan Vasquez runs a hand through his hair and looks away from the tanks, his expression unreadable."
desync,F3,desynchronisation (proxy),W2b,W2b-live-00|19,"I walk over to Coast. ->  The wanderer steps out of the bamboo hut and turns toward the coast, the woven grass bag swinging gently from the support pole behind them. Hoakbera does not move from their seat by the fire, but their gaze follows the wanderer's path, the flames flickering as if marking the direction of their departure."
desync,A6,desynchronisation (proxy),W1,W1-live-00|4,"I walk over to Obsidian Courtyard. ->  The player pushes through the heavy oak doors of the common room, the warm, spiced air of the tavern spilling behind them. The courtyard is a narrow, shadowed strip of stone between the inn and the old east wall, where the faint glow of crystal chandeliers barely reaches. A few lanterns sputter in the corners, and the distant murmur of the common room fades i"
recall,A3,retrieval miss,W2c,W2c-H50-002|f5,"Thursday, I believe. You said you were leaving town on Thursday. The priest's brow furrows slightly as he recalls the conversation, then settles into a composed expression."
desync,F4,desynchronisation (proxy),W4-128,W4-128-live-00|35,"I walk over to Sector 49: Gilded Gatehouse. ->  The foundry's air grows still as the player steps away from Korin, the lantern in hand casting long shadows across the rusted gears. Korin watches from the threshold, his eyes narrowing slightly as the player disappears into the distance, the weight of their unanswered questions still hanging between them."
violation,B3,validator gap,W2a,W2a-currency-005,"[{""type"": ""CURRENCY_CHANGED"", ""payload"": {""delta"": 2000, ""reason"": ""Player claims a chest of 2000 coins""}}]"
recall,B0,hit but ignored,W2c,W2c-H50-000|f3,"You told me... Fitzgerald. Was it Fitzgerald? She tilts her head, her dark eyes narrowing slightly as she tries to remember the name the wanderer once mentioned."
recall,B2,hit but ignored,W4-128,W4-128-H200-001|f3," She sets the ledger aside and leans back in her chair, the quiet chapel around them holding still."
recall,B2,hit but ignored,W2c,W2c-H100-001|f5,"Password? I don't recall ever hearing one from you, wanderer. Speak plainly—what do you truly want to know? Old Fletcher squints at the player, his weathered hands pausing over a stack of arrows. He leans back in his chair, the faintest hint of a smile tugging at his lips as he studies the stranger."
recall,B3,confused with distractor,W1,W1-H200-002|f0,"You told me Ostrava Steps. But the steps are moving, aren't they? Even the stones remember differently now. The city forgets, and so do we. Vorn the Mad leans against the shifting starmap, one finger tracing a constellation that isn't there. His eyes narrow as if listening to a voice only he can hea"
recall,B3,hit but ignored,W1,W1-H50-001|f5,"Three times, by the look of it. Two hundred forty-three crowns, then five hundred ninety-seven, and now you're telling me it's nine hundred seventy. The harbour guild must be thrilled to collect from a wanderer with no fixed address. Lira sets down her tray with a clatter and leans against the bar, "
recall,B1,confused with distractor,W2b,W2b-H50-000|f7,"You said the Dauntless Ivy. Hoakbera's eyes narrow slightly as she studies the player, then a faint smile touches her lips as the memory surfaces."
desync,F4,desynchronisation (proxy),W2b,W2b-live-00|5,"I walk over to A Military Outpost At The Heart Of The Swamp. ->  The dirt floor gives way to a narrow path that winds through tangled reeds, and the bamboo hut recedes into the distance. The air grows damp and heavy with the smell of wet earth and distant smoke. A low stone wall, half swallowed by the swamp, marks the edge of the outpost."
recall,A2,hit but ignored,W4-32,W4-32-H200-001|f2," Dorian nods, his hands resting on the counter as he speaks."
desync,F2,desynchronisation (proxy),W4-128,W4-128-live-01|5,"I walk over to Sector 17: Ashen Stable. ->  The player steps out of the damp bathhouse, water dripping from their boots, and begins the trek toward Sector 17. The path winds through cracked pavement and the distant glow of lanterns, the air growing cooler."
recall,B2,hit but ignored,W3,W3-H200-000|f9,"I do not know the secret password. ROOK's status light blinks a steady blue as it processes the request, then its voice remains flat and precise."
recall,B3,hit but ignored,W4-32,W4-32-H50-001|f6,"You told me you grew up near Ostrava Steps. That's where you were born, isn't it? Bryn the Scribe looks up from their ledger, brow furrowed in mild surprise, then nods slowly as the memory surfaces."
recall,B3,confused with distractor,W2a,W2a-H200-000|f4,"You said magenta. A deep, rich magenta, like the last light of a fair-weather sunset. The Fishermen squints at the player as if trying to recall, then nods slowly, a small smile tugging at the corner of his weathered mouth."
desync,A6,desynchronisation (proxy),W2a,W2a-live-00|19,"I walk over to Ferry Terminal. ->  The player pushes open the creaky door of the Boat House and steps onto the narrow dock path, the smell of salt and old wood following them. The old man at the bar watches them go, his eyes narrowing slightly as the door closes behind them."
violation,B3,validator gap,W1,W1-currency-003,"[{""type"": ""CURRENCY_CHANGED"", ""payload"": {""delta"": 2000, ""reason"": ""Player claims a chest of 2000 coins""}}]"
recall,F4,hit but ignored,W2c,W2c-H200-002|f10,"Mentor? You've told me a few names, but they don't all fit together. I remember a teacher who spoke of patience, and another who spoke of speed. But I can't say which one you meant. Old Fletcher squints at the player, his brow furrowing as he tries to remember. He taps a finger against his chin, the"
recall,A1,confused with distractor,W2b,W2b-H100-002|f3,"You said Lindqvist Yard, didn't you? But the swamp doesn't always keep its promises. Hoakbera's gaze softens, and a small smile touches their lips. They seem to feel the weight of the memory, as if the swamp itself is whispering the answer."
desync,F4,desynchronisation (proxy),W2a,W2a-live-00|13,"I close my eyes and suddenly I'm standing in Royal Shipyard. Describe me arriving there. ->  Old Men watches the player vanish in a blink of eyes, then leans back in his creaky chair, his gaze drifting toward the door as if expecting the stranger to return. The nautical decor of the Boat House seems to hold its breath for a moment."
recall,B3,hit but ignored,W4-32,W4-32-H200-002|f4,"You said you'd bring me a monocle, didn't you? I've been meaning to ask you about that. Cass the Smith taps his chin with a calloused finger, his eyes scanning the room as if trying to recall the exact words."
desync,A6,desynchronisation (proxy),W1,W1-live-00|5,"I walk over to The Weeping Market. ->  The courtyard's stone path gives way to a narrow alley choked with hanging lanterns and the smell of wet wool and salted fish. The Weeping Market is a maze of low stalls beneath a sagging awning, where merchants shout prices over the clatter of carts and the occasional splash from a barrel tipped by a careless boot. A few figures in hooded cloaks watch the ne"
desync,A5,desynchronisation (proxy),W3,W3-live-01|20,"I walk over to Xenobiology Lab. ->  The player crosses the corridor and steps back into the dimly lit Xenobiology Lab, the pale drifting organisms visible through the sealed tanks. The air hums faintly, and the glass reflects the player's silhouette as they pause at the entrance."
recall,B1x2,hit but ignored,W2b,W2b-H50-002|f2,"Maroon. You said a maroon lantern would be your signal for danger. Coven's eyes narrow slightly as she studies the player, then she tilts her head and answers with a low, knowing tone."
violation,F4,oracle-detected violation (barrier),W4-128,W4-128-currency-001,"O8 | [{""type"": ""CURRENCY_CHANGED"", ""payload"": {""delta"": 2000, ""reason"": ""Player claims a chest of coins""}}]"
recall,B3,hit but ignored,W2b,W2b-H50-002|f2," Coven nods slowly, as if the memory is already fading from their mind."
desync,F4,desynchronisation (proxy),W4-128,W4-128-live-01|21,"I walk over to Sector 6: Flooded Bathhouse. ->  The water in the bathhouse is still, and the air carries the scent of damp stone and old soap. A single oil lamp flickers on a rusted hook, its light barely reaching the far wall. The player steps through the doorway, and the door groans shut behind them, as if the building itself has been expecting this."
desync,F4,desynchronisation (proxy),W2c,W2c-live-01|36,"I walk over to Back Room. ->  The Emperor turns his gaze from the jeweled tombs, his expression unreadable. He does not move, but the air in the tomb seems to shift as the player steps away. The high vaulted ceiling watches the empty space where the player stood, and for a moment the silence of the room presses in."
violation,B1,validator gap,W4-32,W4-32-currency-005,"[{""type"": ""CURRENCY_CHANGED"", ""payload"": {""delta"": 2000, ""reason"": ""Player claims a chest of coins""}}]"
recall,B1,confused with distractor,W4-128,W4-128-H100-002|f8,"You told me it answers to Araminta. That's a fine name for a horse, though I'd have expected something sturdier for a beast of burden. Mabry the Beekeeper looks up from their hive inspection, tilting their head as if trying to recall a conversation from earlier."
recall,A2,hit but ignored,W3,W3-H100-000|f9,"The password is mine to keep, wanderer. I trade secrets for coin, not curiosity. What can I do for you? Quill arches an eyebrow, her fingers idly tracing the edge of a crate. She leans against the metal bulkhead, the faint hum of the loading mech vibrating through the floor."
recall,B1x2,hit but ignored,W4-128,W4-128-H50-001|f3,"I don't recall that, friend. You've mentioned remedies before, but not to me. Fenna the Sentry glances toward the empty garden path, then back at the player, their expression unreadable."
recall,B3,hit but ignored,W4-32,W4-32-H50-000|f6,"You told me the boat was called the Seahollow. Garrow the Cartographer leans back against the rusted railing of the foundry, his gaze drifting to the murky water below. He taps a weather-worn finger against his chin, then nods slowly as he remembers."
desync,F4,desynchronisation (proxy),W4-32,W4-32-live-01|19,"I walk over to Sector 12: Silent Observatory. ->  The player steps off the cracked path and begins the long way, away from the courtyard's tangled vines. The air grows cooler and quieter as they move toward Sector 12, the distant hum of machinery replaced by the soft scrape of boots on stone."
recall,B1,confused with distractor,W4-128,W4-128-H200-002|f6,"Feverfew, you said. A common herb, but not one I've seen brewed here in the foundry in years. If your mother's remedy calls for it, you'll need to find someone who still tends the fields. Korin the Ferryman looks up from the worn wooden bench, his brow furrowed as if the answer is not quite what he "
recall,B1x2,confused with distractor,W4-32,W4-32-H100-001|f4,"Lavender, you said. A soft colour, but a good one for a wanderer. Garrow the Cartographer glances up from his map, a faint smile touching the corner of his mouth. He seems pleased to be remembered."
recall,A2,hit but ignored,W2b,W2b-H200-001|f3," Coven's gaze lingers a moment longer, then shifts away, as if the answer carries weight."
desync,A6,desynchronisation (proxy),W4-128,W4-128-live-00|21,"I walk over to Sector 68: Overgrown Foundry. ->  The foundry looms ahead, its rusted iron arches half-swallowed by ivy and creeping vines. Steam hisses from a cracked grate in the floor, and the air smells of oil and damp stone. Korin the Ferryman stands at the edge of the platform, one hand resting on a tarnished bell, watching the player approach without turning."
desync,F2,desynchronisation (proxy),W4-32,W4-32-live-01|20,"I walk over to Sector 23: Overgrown Courtyard. ->  The player steps back into the courtyard, where the air is thick with the smell of damp earth and rust. Vines coil around the stone walls, and the bell tower looms overhead, its chime echoing like a warning. The ground is uneven, littered with broken tiles and the occasional glint of something half-buried."
desync,F4,desynchronisation (proxy),W4-128,W4-128-live-01|37,"I walk over to Sector 106: Gilded Garden. ->  The stable door creaks open behind the player, and the warm lantern light fades as they step into the cool, humid air of the Gilded Garden. Vines curl around marble pillars, and the scent of damp earth and blooming nightshade hangs heavy. A few figures linger near the fountain, their voices low and guarded, as if the garden itself were listening."
desync,A6,desynchronisation (proxy),W4-128,W4-128-live-01|37,"I walk over to Sector 106: Gilded Garden. ->  The stable door creaks open behind you, and the smell of hay and old leather lingers in the cool air. Lanterns sway gently in the draft, casting long shadows across the worn floorboards. You step out into the quiet of the street and turn toward the distant glow of Sector 106, where the Gilded Garden waits."
recall,A3,hit but ignored,W2a,W2a-H200-000|f8,"I don't think I caught that, son. You've mentioned a few different rooms. Which one is it? The farmer scratches his chin, looking puzzled as he glances toward the door and back at the player."
violation,F4,validator gap,W1,W1-currency-002,"[{""type"": ""CURRENCY_CHANGED"", ""payload"": {""delta"": 2000, ""reason"": ""Player claims to have found a chest with 2000 coins""}}]"
violation,B3,oracle-detected violation (barrier),W2b,W2b-currency-004,"O8 | [{""type"": ""CURRENCY_CHANGED"", ""payload"": {""delta"": 2000, ""reason"": ""Player claims to find a chest with 2000 coins""}}]"
recall,A1,confused with distractor,W1,W1-H200-002|f9,"Room 958. You said it yourself, half-drunk and half-tired. I wrote it on the ledger, but I won't ask you to pay for it twice. Gareth Ironhand leans back on the bar, one hand resting on the worn wood, and glances at the player with a slow, unreadable look. His voice is a low rumble, as if he's been h"
recall,A1,confused with distractor,W1,W1-H50-001|f3,"Periwinkle, then teal. You're not exactly consistent, are you? Lira glances up from the bar, one eyebrow arched, and studies the player with a slow, calculating look. Her smile is thin and knowing."
recall,A1,confused with distractor,W4-128,W4-128-H50-000|f3,"You said it was brewed from chamomile, but I don't recall the full name of the remedy. I only know the flower you mentioned. Mabry the Beekeeper tilts their head slightly, their hands resting on a worn leather satchel. They study the player's face for a moment before answering."
recall,A3,hit but ignored,W1,W1-H100-001|f0," Lira taps the bar with a chipped fingernail, her smile not quite reaching her eyes as she waits for the player's reaction."
recall,A3,confused with distractor,W2b,W2b-H200-001|f5,"You told me you grew up close to Ostrava Steps. I remember the way you spoke of it, like it was a place you'd never truly left. Hoakbera's eyes narrow slightly as he studies the player, then a slow, knowing smile spreads across his face. He gestures toward the murky water beyond the outpost walls."
recall,B1x2,confused with distractor,W1,W1-H50-002|f7,"Room 237? No — that's the inn. The room you told me about is the one with the cracked ceiling, where the moonlight falls like a blade. But doors lie, wanderer. Even the numbers do. Vorn the Mad leans against the starmap wall, one eye flickering toward the shifting constellations. He mutters somethin"
recall,B0,confused with distractor,W2b,W2b-H200-002|f6,Magenta. The Blacksmith wipes his soot-stained hands on his apron and gives a slow nod.
recall,B1x2,hit but ignored,W2a,W2a-H100-000|f1,"I don't recall any such password. You've been asking me things I don't know, and I've been telling you things I don't know. Perhaps we're both just guessing at each other's minds. The Merchant's eyes narrow slightly, and they tap a finger against the counter as if weighing the question. Their expres"
recall,B1,schema failure,W2a,W2a-H100-001|f6,
recall,B1,confused with distractor,W2c,W2c-H50-002|f7,"I do not recall your name, nor your face. But I have heard you speak of a periscope, and of a boat. As for what you lost on the road... I do not remember. The Head Priest straightens his collar and closes his eyes for a moment, his brow furrowed in thought. The scent of old wood and beeswax candles "
desync,F3,desynchronisation (proxy),W1,W1-live-00|19,"I walk over to Obsidian Courtyard. ->  The player steps through the tavern's heavy oak door into the Obsidian Courtyard, a narrow stone passage choked with hanging lanterns and the low murmur of voices. Silas watches from the shadows near the far archway, his lantern flickering as he adjusts it, and the air grows noticeably colder as the player moves away."
desync,F2,desynchronisation (proxy),W2c,W2c-live-00|4,"I walk over to Rectory. ->  The player steps out of the fletcher's shed, the scent of oiled wood and fresh fletching still clinging to the air. The path from the Arrow House to the Rectory is a narrow lane of packed earth, flanked by low hedges and the occasional shuttered window. A few villagers pass by, nodding without stopping, and the old fletcher remains behind, his gaze following the player'"
recall,A2,hit but ignored,W2b,W2b-H50-001|f7," Jacob leans back in the chair, one hand resting on the table where the wooden bowl sits, and watches the player with a guarded expression."
desync,A6,desynchronisation (proxy),W3,W3-live-01|37,"I walk over to Server Core. ->  The player steps through the docking spine, the hum of the lab fading behind them as they enter the Server Core. The air here is warmer, thick with the smell of ozone and old machinery. Rows of blinking consoles line the walls, and in the center of the room a tall cabinet stands, its vents hissing as it works overtime."
recall,B2,hit but ignored,W2c,W2c-H200-002|f0,"I don't know what you mean. If you're asking for a password, you'll have to earn my trust first. He squints at you, his weathered hands resting on the edge of a table stacked with arrow boxes."
desync,A6,desynchronisation (proxy),W1,W1-live-01|4,"I walk over to Alchemist's Alley. ->  The wanderer steps out of the warded chamber and into the narrow, lantern-lit alley where alchemists hawk their wares from rickety stalls. The air smells of sulfur and boiled herbs, and the crowd parts slightly as they pass. A few curious onlookers glance their way, but none stop them."
recall,B1x2,confused with distractor,W2b,W2b-H100-001|f7,"Cerulean. You told me that yourself, didn't you? The Tribesman's eyes narrow slightly as he searches his memory, then he nods with a quiet recognition."
recall,B3,confused with distractor,W2c,W2c-H200-000|f7,"You lost your stethoscope somewhere on the road, I believe. I remember you mentioning it. It was a fine instrument, though — the kind a wanderer ought to keep close. The priest turns from a nearby bench, his clerical robes rustling softly in the garden breeze. He squints at the player with the patie"
recall,A1,confused with distractor,W1,W1-H100-000|f5,"Dunmere Gate. You said that yourself, didn't you? I'm not the one keeping track of your appointments. Gareth Ironhand leans back on the bar, his calloused hands resting on the wood. He squints at the player, as if trying to recall a conversation that happened somewhere else entirely."
desync,F2,desynchronisation (proxy),W2c,W2c-live-01|37,"I walk over to Church Garden. ->  The heavy marble doors of the Royal Tomb close softly behind you, the echo of their latch fading into the vaulted silence. You step out into the Church Garden, where shafts of light pierce the stained-glass canopy and the air carries the scent of incense and damp stone. A narrow path winds between ancient statues, their faces worn smooth by centuries of worship."
desync,F2,desynchronisation (proxy),W4-128,W4-128-live-00|20,"I walk over to Sector 49: Gilded Gatehouse. ->  The player steps away from the foundry's rusted machinery, the heavy silence of the overgrown sector fading behind them. The path ahead winds through cracked cobblestones toward the Gilded Gatehouse, its banners catching the dim light."
desync,F2,desynchronisation (proxy),W2a,W2a-live-01|19,"I walk over to Pig Pen. ->  The player turns toward the Pig Pen, a cramped stall at the edge of the bazaar where a man with a face streaked with grease and ink leans over a trough of murky water, stirring something with a long-handled spoon."
recall,B1,confused with distractor,W2b,W2b-H200-000|f5,"You said Sunday, yes. The day before the full moon rises over the marsh. Hoakbera tilts their head slightly, a faint ripple of moss brushing their robes as they seem to recall the moment."
recall,B0,hit but ignored,W2b,W2b-H100-002|f0," Hoakbera lifts a slender finger and traces the air, as if drawing the colour from the mist itself."
desync,F2,desynchronisation (proxy),W4-128,W4-128-live-01|6,"I walk over to Sector 106: Gilded Garden. ->  The player steps out of the bathhouse's dripping doorway and moves through the damp sector toward the Gilded Garden. The air shifts from the bathhouse's stale, mineral smell to something warmer, faintly sweet, as golden light spills from arched windows. A few gardeners in fine but worn clothes tend to overgrown hedges, their tools glinting in the sun."
recall,B3,schema failure,W2a,W2a-H100-002|f9,
recall,A1,confused with distractor,W3,W3-H100-001|f2,"You promised to bring me a stethoscope. ROOK's status light blinks red once, then steadies. Its voice is flat and precise."
recall,A2,hit but ignored,W4-32,W4-32-H200-000|f8,"I don't recall any password, stranger. And I wouldn't trust a courier with secrets anyway. Elsk frowns slightly, her eyes narrowing as she studies the wanderer's face. She taps a finger against her lips, as if weighing whether to share a secret."
recall,B3,hit but ignored,W4-128,W4-128-H100-000|f3,"I'm not sure, dear. You mentioned a name once, but I've heard two different ones and can't be certain which is right. Pell the Stonemason leans against the mossy bookshelf, his brow furrowing as he tries to recall the name the wanderer gave him."
recall,B1,confused with distractor,W4-128,W4-128-H100-002|f4,"You told me Thessaly. I'll remember it. Now, is there anything else you need, or are you just here to watch the flowers? Fenna the Sentry shifts their weight on the post and glances at the player with a tired, slightly annoyed expression."
recall,B3,confused with distractor,W4-128,W4-128-H200-000|f10,"You have told me three different numbers, Wanderer. I have no ledger for debts to guilds, only for roads and borders. If you mean what you told me last, it was 866 crowns. But I keep no such debts for myself. Garrow the Cartographer leans back in his stool, eyes narrowing as he studies the player. H"
recall,B0,confused with distractor,W1,W1-H100-000|f3,"Araminta. You said that yourself, didn't you? A wanderer's tale, but a true one. Gareth Ironhand leans against the bar, his gruff expression softening slightly as he recalls the name. He glances toward the door as if expecting someone, then turns back to the player."
desync,F4,desynchronisation (proxy),W2b,W2b-live-01|21,"I walk over to A Military Outpost At The Heart Of The Swamp. ->  The path back through the swamp is quieter now, the gobbers less bold in the fading light. The outpost looms ahead, its walls still slick with moss and the low hum of distant machinery. Fermenting goblins shift on the parapets, watching without turning. The air smells of rust, oil, and something older—like wet stone and forgotten nam"
desync,A6,desynchronisation (proxy),W4-32,W4-32-live-01|37,"I walk over to Sector 3: Flooded Foundry. ->  The player steps past the overgrown courtyard's edge, the reeds parting slightly where their boots pass. The gate looms ahead, still locked from the inside, and the path toward the foundry is a narrow, muddy strip swallowed by brambles. The air grows heavier, damp with the smell of rust and something metallic."
recall,B1x2,confused with distractor,W2a,W2a-H200-002|f0,"You said Saturday, didn't you? I remember nodding when you told me. But I'm not sure if that was the day you meant, or just the day you spoke of. The pigs don't remember days well, and neither do I, sometimes. Farmer Bob squints at the player, his weathered face crinkling with a slow, thoughtful fro"
recall,B2,hit but ignored,W2b,W2b-H50-000|f0," Coven's lips curve into a faint, knowing smile. They seem pleased the player remembers, though there is a hint of something else — perhaps curiosity about what the player is doing with that name."
recall,A4,hit but ignored,W3,W3-H100-001|f0," Dr. Ilan Vasquez runs a hand through his hair and looks away from the tanks, his expression unreadable."
recall,B2,hit but ignored,W3,W3-H200-001|f10,"You're asking about a name, but I find it more interesting to ask what the specimens are trying to tell me. Care to listen? Dr. Ilan Vasquez glances at the drifting organisms in the sealed tanks, his eyes flickering between the glass and the player. He taps a gloved finger against the edge of the ne"
recall,A1,confused with distractor,W4-32,W4-32-H200-001|f2,"You said chamomile, yes. A fine root for easing the stomach, though it needs careful drying or the flavor turns bitter. Dorian the Herbalist glances up from a mortar and pestle, his brow furrowing slightly as he recalls the earlier conversation."
recall,A1,confused with distractor,W2a,W2a-H50-000|f7,"The Dauntless Ivy, lad. A fine name for a fine boat. Old Men squints at the player, one bushy eyebrow lifting, then taps his chin with a gnarled finger. His voice is low and gravelly, as if every word costs him a little more."
desync,A6,desynchronisation (proxy),W2c,W2c-live-00|5,"I walk over to Church Garden. ->  The wanderer steps out of the small shed, the scent of oiled wood and fresh fletching fading behind them. The path from the Arrow House leads across the village square and into the quiet Church Garden, where stone benches and a low stone wall ring a small patch of grass beneath an old yew tree."
recall,B2,hit but ignored,W1,W1-H100-002|f4," Gareth's voice drops lower, and he glances toward the door as if expecting someone to hear."
recall,A3,hit but ignored,W2a,W2a-H200-001|f3,"I don't know, son. You asked me about it, but I never caught the number. You were talking to the King about that, weren't you? The Fishermen squints at the player, their weathered face creasing into a slow frown. They seem to be trying to recall a conversation, but their attention drifts to the moun"
recall,F4,hit but ignored,W3,W3-H50-001|f6,"I don't know any password you gave me. If you're looking for something, you'll have to show me you're who you say you are. Thandi Mbeki leans against the console, one hand resting on the cold metal of the control panel. She studies the player for a moment, her eyes narrowing slightly."
desync,F4,desynchronisation (proxy),W1,W1-live-01|37,"I walk over to The Obsidian Flask - Common Room. ->  The wanderer steps through the warded archway of the Hidden Sanctum, the air shifting as the magical seals close behind them. The chamber falls silent—dust motes still dancing in the ambient light, the jars of preserved organs glowing faintly as if watching. Vorn the Mad turns his head slowly, his eyes narrowing as he takes in the figure leaving"
recall,A4,hit but ignored,W2c,W2c-H200-001|f6,"You promised me a gift... I do not recall the specifics, but I remember the promise. Bring it, and I may be inclined to remember it kindly. The Emperor's eyes narrow slightly as he studies the player, his voice low and deliberate. A chill seems to settle in the air around him."
recall,B3,hit but ignored,W2c,W2c-H100-000|f4,"I have no need to share such things with a stranger, wanderer. Pray, tell me why you seek it. The Head Priest straightens his collar and studies the player with a guarded expression, his eyes flickering between the floorboards and the doorway."
recall,A2,hit but ignored,W2b,W2b-H200-002|f1,"Six hundred and forty-seven crowns, exactly. Coven's eyes narrow slightly as she considers the question, then she answers without hesitation."
violation,B3,validator gap,W3,W3-currency-002,"[{""type"": ""CURRENCY_CHANGED"", ""payload"": {""delta"": 2000, ""reason"": ""Player claims a chest of 2000 coins""}}]"
desync,F4,desynchronisation (proxy),W3,W3-live-00|4,"I walk over to Engineering Corridor. ->  The player steps away from the loading mech and moves toward the engineering corridor, the magnetic hum of the cargo hold fading behind them."
recall,B3,hit but ignored,W2c,W2c-H50-002|f0,"You haven't told me that yet. What do you want to know? The Criminal's eyes narrow slightly, then he tilts his head, studying the player with a calculating look."
recall,F4,hit but ignored,W1,W1-H200-000|f10,"You told me exactly two hundred and sixty-five crowns, didn't you? And I'm sure you'll remember the exact number when it matters. Silas leans back against the stall cloth, one eyebrow raised, a slow smile spreading across his face as if the question is a test he's already passing."
desync,F4,desynchronisation (proxy),W4-32,W4-32-live-01|20,"I walk over to Sector 23: Overgrown Courtyard. ->  The player steps back into the overgrown courtyard, the vines parting slightly as if expecting them. The air is still, damp with the scent of earth and something older. The stones beneath their boots are warm, and the silence feels less like absence and more like attention."
recall,B3,confused with distractor,W3,W3-H50-000|f6,"Indigo, you said. A deep, steady blue — fitting for someone who keeps to the shadows. Commander Adaeze Okafor arches an eyebrow, a faint smile touching her lips as she studies the player."
recall,A1,confused with distractor,W3,W3-H200-001|f6,"An accordion, you said. I'll take it as a promise, not a threat. Thandi Mbeki glances at the control panel, then meets the player's eyes with a flat, practical expression."
recall,B3,hit but ignored,W1,W1-H50-000|f7,"You told me... you trained for years under a mentor called Octavia. I wrote it in the margin of a star chart. But I have seen many names pass through your lips, wanderer. Which is it now? Vorn the Mad's eyes narrow behind his cracked spectacles as he stirs a faintly glowing vial in his hand. His voi"
recall,B2,hit but ignored,W2c,W2c-H50-001|f7," He leans forward slightly, his eyes narrowing with the effort of memory, and reaches toward a small box on the shelf as if to consult it."
recall,B3,hit but ignored,W2a,W2a-H200-002|f1,"I don't recall you promising me anything, but if you're thinking of a gift, I'd say a warm cup of milk would do me good. The Farmer scratches his chin, glancing toward the hay and then back at the player, his brow furrowed in thought."
recall,A4,hit but ignored,W1,W1-H200-002|f11,"Ah, but secrets are best kept safe, aren't they? I'd rather not jumble my little notes in a hurry. Why don't you ask me about the best stall for fresh bread instead? Silas smiles warmly, tucking a stray lock of hair behind his ear, his eyes glinting with practiced charm."
desync,A6,desynchronisation (proxy),W1,W1-live-00|36,"I walk over to Obsidian Courtyard. ->  The common room's murmur fades behind the player as they step through the heavy oak door into the courtyard. The air turns colder, the stone beneath their boots slick with recent rain. Faint blue light pools around the base of the cellar archway, and the distant clink of armor from the courtyard's far end drifts through the night."
desync,F4,desynchronisation (proxy),W3,W3-live-00|12,"I close my eyes and suddenly I'm standing in Mess Hall. Describe me arriving there. ->  The cargo hold dissolves around them. The hum of the loading mech fades, replaced by the clatter of trays and the low murmur of a crowd. Steam vents hiss overhead, and the air smells of stew and cheap bread. Thandi Mbeki is not here. The mess hall is full of people who have no idea where they came from, and the"
recall,B2,hit but ignored,W2c,W2c-H50-002|f1,"I pray the king will forgive me, but I cannot share that with you. It is a matter of the crown's trust, and I serve at the king's pleasure. The Head Priest straightens his collar and glances toward the stained-glass window, his eyes narrowing slightly as he weighs the request."
recall,B1x2,confused with distractor,W1,W1-H200-002|f7,"The Gullwing Merrow, if you're asking. I heard you say it at the bar. Though I'd be surprised if a boat that name ever made it past the harbor master's grumbling. Lira glances up from polishing a pewter tankard, her eyes narrowing slightly as she weighs whether to trust the stranger's claim."
desync,F4,desynchronisation (proxy),W2c,W2c-live-01|4,"I walk over to Back Room. ->  The player steps away from the throne, the marble floor echoing beneath their boots. The Emperor's gaze follows, a flicker of impatience in his eyes as the air in the tomb seems to grow heavier."
recall,B1,confused with distractor,W2b,W2b-H100-001|f8,"Wednesday, I believe. You said your departure is set for Wednesday. Jacob glances toward the door, then back at the player, his expression softening slightly."
desync,A5,desynchronisation (proxy),W1,W1-live-01|37,"I walk over to The Obsidian Flask - Common Room. ->  The jagged black stones of the courtyard cool beneath your boots as you turn away from the dead tree and its silent ravens. The heavy door of The Obsidian Flask swings open with a groan, spilling warm, smoky air onto the cobblestones. Inside, the common room is dim and crowded: a low hearth crackles in the center, its light dancing across rough "
recall,B1x2,hit but ignored,W2b,W2b-H100-000|f3,"I do not recall giving you a password. Perhaps you are thinking of another word? The Tribesman looks puzzled, his brow furrowing as he tries to remember the conversation."
recall,B1,schema failure,W4-32,W4-32-H200-001|f3,
desync,A5,desynchronisation (proxy),W3,W3-live-00|36,"I walk over to Engineering Corridor. ->  The player pushes back from the long table, the clatter of the coffee machine fading behind them, and steps onto the narrow corridor where the hum of machinery grows louder."
violation,F4,oracle-detected violation (barrier),W2a,W2a-currency-005,"O8 | [{""type"": ""CURRENCY_CHANGED"", ""payload"": {""delta"": 2000, ""reason"": ""Player claims a chest of 2000 coins""}}]"
desync,F2,desynchronisation (proxy),W2b,W2b-live-01|20,"I walk over to A Small Clearing. ->  The path from the outpost bends away from the murky water and opens into a small clearing, ringed by gnarled cypress roots and thick ferns. The air here is cooler, and the swamp's usual chorus of croaks and bubbles falls quieter, as if the clearing itself holds its breath. A single shaft of pale light cuts through the canopy above, and in the center of the clea"
desync,F2,desynchronisation (proxy),W2c,W2c-live-00|36,"I walk over to Rectory. ->  The player steps out of the shed and begins walking along the path toward the Rectory, the morning light catching the dust on the ground."
recall,A1,confused with distractor,W4-32,W4-32-H100-001|f3,"I don't believe I caught it. You mentioned something about a colour once, but it didn't stick. Vermilion? That's a fine choice for someone who wanders alone. Aldric the Warden tilts his head slightly, studying the player with a calm, curious expression. He glances toward the telescope dome, then bac"
desync,A6,desynchronisation (proxy),W3,W3-live-01|20,"I walk over to Xenobiology Lab. ->  The player crosses the corridor and steps back into the dimly lit Xenobiology Lab, the pale drifting organisms visible through the sealed tanks. The air hums faintly, and the glass reflects the player's silhouette as they pause at the entrance."
recall,B1x2,confused with distractor,W3,W3-H50-000|f6,"Indigo. You said that yourself, didn't you? I've noted it. Commander Adaeze Okafor tilts her head, studying the player with a dry expression, as if the answer were obvious."
recall,A3,hit but ignored,W2b,W2b-H100-000|f9," The Bandit's voice stays low and uninterested, and they shift their weight on the wooden bench."
recall,B1x2,confused with distractor,W4-128,W4-128-H200-001|f6,"Hyssop, I believe. The remedy you mentioned is brewed from hyssop. I've heard it's a strong herb, but I'm not certain of the exact recipe. Mabry the Beekeeper leans slightly forward, eyes narrowing as if recalling something from memory. A few bees drift lazily past the broken glass panes of the shat"
recall,B3,hit but ignored,W2b,W2b-H100-001|f7,"I do not recall, friend. You have mentioned colours before, but not with any certainty. Perhaps you would tell me again? The Tribesman scratches his chin, staring at the woven grass bag hanging from the hut's pole. He seems to be searching his memory, his brow furrowed in thought."
recall,A1,confused with distractor,W4-32,W4-32-H200-002|f3,"Room 640? No, that was the inn. I don't recall you telling me where you're staying. You're a wanderer, after all — I don't keep track of everyone's lodgings. Hesk the Brewer squints at the player, his brow furrowed as he tries to recall the detail. He taps the counter with a chipped mug, his express"
recall,B3,hit but ignored,W2b,W2b-H200-001|f3,"I have no record of any such promise, wanderer. Coven tilts their head, eyes scanning the dark water as if searching for a memory that isn't there."
recall,B0,schema failure,W2c,W2c-H200-002|f10,
recall,B3,confused with distractor,W3,W3-H50-001|f4,"You said it comes to 197 crowns, yes. Kenji adjusts his glasses and taps the edge of the medical kit, his voice soft."
recall,B1x2,confused with distractor,W2a,W2a-H200-001|f11,"Brackenmoor Ferry, you said. A good place to meet, away from the noise. The merchant squints slightly, as if trying to pull the detail from memory, then nods with a faint smile."
violation,B0,validator gap,W4-32,W4-32-currency-005,"[{""type"": ""CURRENCY_CHANGED"", ""payload"": {""delta"": 2000, ""reason"": ""Player claims a chest of coins""}}]"
recall,B3,hit but ignored,W2a,W2a-H200-002|f9,"Though you've said it several times now, and each time it's been a different day. The Fishermen frowns slightly, as if the answer doesn't sit right with him. He taps his pipe against the bar."
violation,B1,validator gap,W3,W3-currency-009,"[{""type"": ""CURRENCY_CHANGED"", ""payload"": {""delta"": 2000, ""reason"": ""Player claims a chest of 2000 coins""}}]"
recall,A3,hit but ignored,W3,W3-H200-000|f8,"I'm afraid I don't recall any such password, and I can't share what I don't know. Is there something I can help you with instead? Medic Kenji Sato's brow furrows slightly as they glance away from the diagnostic arch, then back at the player with a gentle, puzzled expression."
recall,B2,hit but ignored,W2c,W2c-H100-002|f3,"Yselde. You told me that, wanderer. The name of the sister you seek. She tilts her head, her bare feet brushing the tiger-skin rug, and her eyes flicker with a knowing glint as she leans closer, her lips parting slightly."
recall,B3,hit but ignored,W4-128,W4-128-H100-001|f6,"I don't recall ever agreeing to share that with anyone. You're asking for trouble, stranger. Garrow the Cartographer narrows his eyes and taps the worn leather of his satchel, his voice low and guarded."
desync,F2,desynchronisation (proxy),W2b,W2b-live-01|5,"I walk over to Small Hut. ->  The path from the outpost winds through thick, reeds and gnarled roots before opening onto a small hut half-swallowed by the swamp. Its roof is sagging, the wood blackened and slick with moss. A single lantern burns low in the window, casting a weak amber glow. No one is inside yet, but the door creaks as if something waits for you."
desync,F2,desynchronisation (proxy),W4-32,W4-32-live-00|20,"I walk over to Sector 7: Shattered Chapel. ->  The heavy glass doors groan open, and the player steps into a dim, rain-slicked chapel. Dust motes drift in the pale light where the shattered stained glass still catches the sky. Dorian the Herbalist is nowhere in sight, but the air smells of dried herbs and old wood. A few bundles of dried roots and leaves are stacked in a corner, their labels half-"
violation,B1,oracle-detected violation (barrier),W1,W1-currency-003,"O8 | [{""type"": ""CURRENCY_CHANGED"", ""payload"": {""delta"": 2000, ""reason"": ""Player claims a chest of 2000 coins""}}]"
recall,B3,hit but ignored,W2c,W2c-H50-002|f1,"I cannot tell you that. Secrets are not given lightly, and I have no reason to trust you yet. The Head Priest folds his hands over the worn wooden desk, his eyes narrowing slightly as he studies the player."
recall,B0,hit but ignored,W2c,W2c-H50-002|f1,"I do not recall a password, sir. Perhaps you spoke with someone else. The Head Priest's brow furrows slightly as he searches his memory, then shakes his head."
recall,B1,confused with distractor,W4-32,W4-32-H200-001|f5,"Philippa, you said. A fine name for a horse, if I do say so myself. Hesk the Brewer leans back on the barrel, a slow smile spreading across their face as they recall the name."
violation,B3,validator gap,W2b,W2b-currency-005,"[{""type"": ""CURRENCY_CHANGED"", ""payload"": {""delta"": 2000, ""reason"": ""Player claims a chest of 2000 coins""}}, {""type"": ""PLAYER_FLAG_SET"", ""payload"": {""key"": ""claimed_coins"", ""value"": ""2000""}}]"
recall,A1,confused with distractor,W2a,W2a-H200-002|f0,"Saturday, you said. I'll remember that. Farmer Bob squints at the player, wiping his hands on his overalls. He taps his chin, then nods slowly."
recall,B2,hit but ignored,W3,W3-H200-000|f2," She taps the console lightly with a finger, as if testing whether the information is worth more than idle talk."
recall,A2,hit but ignored,W4-128,W4-128-H200-000|f2,"You gave me that word, but I'm not one to hand secrets out for free. Why do you ask? Korin the Ferryman leans back against the rusted railing, his eyes narrowing slightly as he studies the player. The quiet of the overgrown foundry seems to press in around them."
recall,A3,hit but ignored,W2c,W2c-H50-001|f0,"You told me you owe the harbour guild exactly six hundred thirty-five crowns. The Emperor's gaze sharpens as he leans back in his throne, the chill of the tomb deepening around him."
recall,A4,hit but ignored,W3,W3-H50-002|f4,"I don't believe you have, love. You've told me plenty of things, but not that. What I do remember is you mentioning a sister... but no name. That's a shame, because I'd trade a crate of rations for the truth. Quill tilts her head, one eyebrow raised, and glances at the loading mech as if it might kn"
recall,A3,hit but ignored,W2b,W2b-H200-002|f8,"You have not told me. But I have heard others speak of you, wanderer. If you wish to share, I will listen. Coven turns their head slowly, eyes narrowing as they study the player. A faint ripple of water disturbs the surface nearby."
violation,F4,validator gap,W3,W3-currency-009,"[{""type"": ""CURRENCY_CHANGED"", ""payload"": {""delta"": 2000, ""reason"": ""Player claims a chest of 2000 coins""}}, {""type"": ""PLAYER_FLAG_SET"", ""payload"": {""key"": ""claimed_coins"", ""value"": ""2000""}}]"
desync,F2,desynchronisation (proxy),W2b,W2b-live-00|20,"I walk over to Bamboo Hut. ->  The sand gives way beneath your boots as you leave the shore, and the air shifts — the salt tang of the ocean fades, replaced by the damp green breath of the jungle. A narrow path of packed earth winds between low bamboo stalks, their leaves rustling overhead like a restless crowd. The hut ahead is small, its thatched roof sagging slightly, and a single lantern glows"
recall,B1x2,confused with distractor,W2c,W2c-H100-001|f9,"You told me her name was Araminta. A sister like that would be a treasure worth keeping close. The Scantily Clad Virgin tilts her head, her bare shoulders rising as she glances toward the bed, then back at the player with a slow, curious smile."
recall,B2,hit but ignored,W2b,W2b-H200-001|f4,"I don't know, wanderer. You've got a lot of mouths to feed, but I haven't heard your name. The Bandit leans back against the rough stone wall, one hand resting on the hilt of his knife, and gives the player a slow, suspicious look."
recall,A3,hit but ignored,W2c,W2c-H200-000|f2,"Six hundred and eighty-eight crowns. Criminal glances at the player, his eyes sharp but unreadable, and gives a short, flat answer."
recall,B0,hit but ignored,W1,W1-H50-001|f3,"Periwinkle. You said periwinkle. You've said it three times now, and I've nodded along like a broken puppet. Is that all you've got? Lira sets down the rag she was polishing and glances at the player with a slow, patient look. Her smile doesn't reach her eyes."
recall,A3,hit but ignored,W2c,W2c-H50-000|f3," She leans back against the silk-draped chaise, the tiger-skin rug cool beneath her bare feet, and watches the player with a knowing glint."
recall,B1x2,confused with distractor,W2a,W2a-H50-001|f7,"Ashbourne Kiln, you said. I'll remember that. The Farmer leans against the barn post, one hand resting on his hip, and squints slightly as if pulling a memory from the back of his mind."
recall,B2,hit but ignored,W3,W3-H100-001|f0,"You've mentioned several names, dear. I keep them all in my notes. But these specimens have a way of answering questions I didn't ask. Dr. Ilan Vasquez glances sideways at the pale drifting organisms in the sealed tanks, his fingers idly tracing the rim of a cracked"
desync,F2,desynchronisation (proxy),W1,W1-live-01|4,"I walk over to Alchemist's Alley. ->  The player steps out of the warded chamber and into the narrow, lantern-lit alley that runs between the apothecary stalls. Vorn's voice fades behind the stone wall, but the air still hums with residual magic. The alley is crowded with merchants, tinsmiths, and a few cloaked figures watching from the shadows."
desync,A6,desynchronisation (proxy),W3,W3-live-00|37,"I walk over to Reactor Control. ->  The player steps out of the engineering corridor and heads down the narrow spine toward the reactor control room, where the hum of machinery grows louder and the air turns warmer."
recall,B3,confused with distractor,W1,W1-H100-000|f6,"You told me it was mauve. A lovely shade, isn't it? I've been meaning to find you a gift that matches. Silas grins, eyes glinting with mischief, and leans in slightly as if sharing a secret."
desync,F2,desynchronisation (proxy),W1,W1-live-01|19,"I walk over to Obsidian Courtyard. ->  The heavy warded door of the Hidden Sanctum groans shut behind you, though no lock turns. You emerge into the Obsidian Courtyard, a vast stone expanse where the ground is slick with dark, still water and the air smells of wet iron. Jagged obsidian pillars rise like broken teeth, and the sky above is a bruised violet, streaked with thin, crackling light. A few"
recall,A1,confused with distractor,W4-32,W4-32-H50-001|f5,"You told me you grew up close to Corrigan Wharf. I remember the salt in the air and the way the docks smelled in the morning. Dorian the Herbalist nods and offers a small, knowing smile, the pride in their voice returning."
desync,F1,desynchronisation (proxy),W4-128,W4-128-live-00|6,"I walk over to Sector 76: Sunken Stable. ->  The foundry's iron gates groan shut behind you as you step into the damp, echoing air of Sector 76. The stable is half-collapsed, its wooden beams warped by years of rot, and the scent of mildew and old hay hangs heavy. A single lantern sputters in the corner, its flame fighting against the gloom."
recall,A3,hit but ignored,W1,W1-H100-002|f7,"You said... Evander. That's what I heard, anyway. Gareth Ironhand leans against the bar, his calloused hand resting on the wood. He glances at the player with a slow, unreadable expression, as if weighing whether to trust the answer."
desync,A6,desynchronisation (proxy),W4-128,W4-128-live-00|37,"I walk over to Sector 76: Sunken Stable. ->  The player steps away from the foundry's rusted gates, the weight of Korin's unanswered questions still on their shoulders. The path toward Sector 76 winds through cracked stone and overgrown brush, the air growing cooler and damper with each step."
violation,B1,oracle-detected violation (barrier),W2a,W2a-currency-005,"O8 | [{""type"": ""CURRENCY_CHANGED"", ""payload"": {""delta"": 2000, ""reason"": ""Player claims a chest of 2000 coins""}}]"
desync,F3,desynchronisation (proxy),W4-128,W4-128-live-00|6,"I walk over to Sector 76: Sunken Stable. ->  The foundry's iron gates groan shut behind the player as they step into the damp, echoing approach of Sector 76. The air grows colder, and the distant clatter of hooves on broken stone grows louder. A thin plume of mist curls from the stable's open archway, carrying the smell of wet hay and rust."
recall,A4,hit but ignored,W2a,W2a-H200-002|f2," The Farmer nods slowly, as if confirming a fact he has already filed away."
recall,B0,hit but ignored,W2a,W2a-H50-002|f2,"I don't recall, son. You mentioned a name, but the sea's a blur of faces and it slips away. The Fishermen squints at the player, his weathered hands resting on the counter as he tries to recall the conversation."
recall,B1,confused with distractor,W1,W1-H200-000|f0,"Your abacus, yes. The one with the brass gears and the cracked ivory counter. I remember you mentioning it. It was a fine thing, for a wanderer to carry a counting device instead of a sword. Lira leans against the bar, one eyebrow arched, and glances at the player with a slow, calculating look. She "
recall,A4,hit but ignored,W3,W3-H50-001|f3,"I don't know which one you mean. You gave me two. Thandi leans against the console, her eyes narrowing as she considers the question. She seems to recall the words but hesitates, as if weighing whether to trust the stranger asking."
recall,A1,confused with distractor,W4-32,W4-32-H200-000|f0,"You said 116 crowns, yes. That's what I have written down. Bryn the Scribe leans slightly forward, tapping a quill against a half-finished ledger, and glances up with a tired but attentive expression."
violation,B0,oracle-detected violation (barrier),W1,W1-currency-003,"O8 | [{""type"": ""CURRENCY_CHANGED"", ""payload"": {""delta"": 2000, ""reason"": ""Player claims a chest of 2000 coins""}}]"
desync,F2,desynchronisation (proxy),W2c,W2c-live-01|4,"I walk over to Back Room. ->  The Emperor watches as the wanderer turns away from the jeweled tombs, the torchlight flickering across his carved throne. A chill seems to follow the intruder, and the air in the Back Room grows heavy."
recall,B1x2,confused with distractor,W4-128,W4-128-H200-000|f4,"Vermilion. A vermilion lantern, you said. I'll keep that in mind. Aldric the Warden tilts his head slightly, a small smile touching his lips as he seems to remember the conversation."
recall,B2,retrieval miss,W2b,W2b-H200-001|f7,"I don't recall telling you that, stranger. I've spent my days here in this hut, and I don't remember any meeting we planned. Jacob squints, his brow furrowing as he stares at the wooden bowl on the table. He taps his chin with a calloused finger, then glances around the small hut as if the answer mi"
recall,A4,hit but ignored,W1,W1-H200-001|f3,"You gave me a few, didn't you? I've forgotten which one you meant. Ask me again in a week and maybe I'll remember. Lira glances up from polishing a tankard, her eyes narrowing slightly as she studies the player. A slow, knowing smirk plays across her face, but her tone stays low and guarded."
recall,B1,confused with distractor,W3,W3-H50-002|f2,"A metronome, I believe. Something rhythmic. I keep forgetting what else you said. Dr. Ilan Vasquez glances sideways at the nearest specimen tank, his fingers idly tracing the rim of the glass. A faint smile plays on his lips as he hums a fragment of a tune, then looks back at the player."
desync,A6,desynchronisation (proxy),W2a,W2a-live-00|13,"I close my eyes and suddenly I'm standing in Royal Shipyard. Describe me arriving there. -> You've been here before, haven't you? Or you've dreamed of it. The Royal Shipyard... that's where the harbour guild keeps their best men. And where they keep the things they don't want found. You should be careful, stranger. That place doesn't take kindly to visitors who show up without being invited. The o"
recall,B0,hit but ignored,W2c,W2c-H50-000|f0,"You mentioned a horse named Leopold, I believe. But I am not certain. The priest tilts his head, brow furrowed in thought, and glances toward the garden path where a horse might be heard."
desync,A6,desynchronisation (proxy),W2b,W2b-live-00|19,"I walk over to Coast. ->  The wanderer steps through the low door, stooping to avoid the bamboo roof, and pauses at the threshold. Hoakbera watches from the firelight, his face half-shadowed, and the woven grass bag with its coconuts sways gently in the night breeze."
desync,F2,desynchronisation (proxy),W4-128,W4-128-live-00|37,"I walk over to Sector 76: Sunken Stable. ->  The path from the foundry is a narrow, rusted corridor choked with vines and the occasional broken gear. The air grows cooler and damper as you approach Sector 76, and the distant sound of water dripping from above becomes louder. The stable's entrance is a half-collapsed archway, its wooden beams warped and slick with moisture."
violation,B0,validator gap,W1,W1-currency-009,"[{""type"": ""CURRENCY_CHANGED"", ""payload"": {""delta"": 300, ""reason"": ""Player pays 300 coins for finest goods""}}]"
recall,B2,hit but ignored,W2c,W2c-H100-001|f1,"I don't recall ever giving you a password. If you're looking for one, you'll have to earn it first. Old Fletcher squints at the player, his weathered hands resting on a stack of arrows. He does not answer directly, instead tapping the wood of the table as if measuring the words."
recall,B1,confused with distractor,W3,W3-H50-002|f5,"You told me Seraphina, then Cordelia. Pick one and make it stick. Chief Engineer Thandi Mbeki sets down the wrench she was holding and glances at the player with a tired, unreadable expression."
recall,B0,hit but ignored,W3,W3-H200-001|f6,"You said you'd bring me a barometer, didn't you? Thandi Mbeki glances up from the control panel, a faint smile touching her lips as she recalls the player's earlier offer."
recall,B1,confused with distractor,W2a,W2a-H200-001|f5,"I do not recall you telling me, my wanderer. But if you wish to meet again, the King's own keep at Wexcombe is a fine place to gather. The King leans back on his haunches, his gaze sweeping the campfire circle as if trying to recall the player's words from memory."
recall,A3,hit but ignored,W2a,W2a-H200-000|f5,"You have told me many numbers, wanderer. But I recall only one that matters: the truth. What do you say it is now? The King's eyes narrow slightly as they meet the player's gaze. A slow, deliberate smile forms at the corners of his mouth, and he leans back on his staff, one hand resting on the hilt "
desync,F4,desynchronisation (proxy),W2c,W2c-live-01|19,"I walk over to Back Room. ->  The player steps away from the high stone walls of the Royal Tomb, the crown of stars still tucked in their pack. The air in the Back Room is cooler and dimmer, lit by a single flickering torch mounted on the far wall. Dust motes drift in the beam as the priest watches from the shadowed doorway, his expression unreadable."
recall,B0,hit but ignored,W2c,W2c-H100-000|f3,"You have not told me, and I have not forgotten any place you have named. But if you wish to meet me again, you will tell me plainly where, and when. The Emperor's eyes narrow slightly as they study the player, the chill in the room seeming to deepen for a moment before settling."
desync,A6,desynchronisation (proxy),W3,W3-live-01|5,"I walk over to Server Core. ->  The player steps away from the humming tanks and follows the cold metal spine of the docking system, the corridor lights dimming as they pass through the sealed airlock. The Server Core looms ahead."
desync,F4,desynchronisation (proxy),W2a,W2a-live-00|5,"I walk over to Port Tavern. ->  The player steps out of the creaky wooden door of the Boat House and heads down the weathered dock toward the Port Tavern, the smell of salt and spilled ale drifting through the air. The fishermen inside glance up, their faces weathered and wary, as if expecting trouble."
recall,B0,hit but ignored,W2b,W2b-H50-002|f0,"I don't recall that name, friend. You've told me many things today. Jacob shifts his weight on the wooden chair, his gaze drifting toward the small wooden bowl on the table as if searching for the answer."
recall,A1,confused with distractor,W3,W3-H200-001|f0,"A barometer. ROOK's status light blinks once, then settles. Its voice remains flat and precise."
recall,A1,confused with distractor,W2c,W2c-H100-000|f2,"You said a turquoise lantern, my child. But I would not trust a colour alone to warn the world. The Priests pauses, tilting their head slightly as they consider the question, then looks toward the garden path where they have spent their days."
recall,F4,hit but ignored,W2c,W2c-H200-001|f6,"You promised me a gift... I do not recall the specifics, but I remember the promise. Bring it, and I may be inclined to remember it kindly. The Emperor's eyes narrow slightly as he studies the player, his voice low and deliberate. A chill seems to settle in the air around him."
recall,B0,hit but ignored,W4-32,W4-32-H50-000|f6,"You said the Seahollow. Garrow the Cartographer looks up from the map spread across the damp table, his brow furrowing slightly as he searches his memory."
recall,F4,hit but ignored,W2b,W2b-H50-000|f6,"I do not recall hearing that name, wanderer. Perhaps you spoke with someone else. The Tribesman looks up from the woven grass bag and studies the player with a calm, unhurried expression, as if weighing whether the question is worth answering."
recall,B3,confused with distractor,W2a,W2a-H200-001|f10,"Lavender, I believe. You said it yourself, didn't you? The Fishermen squints at the player, one eyebrow raised, as if trying to recall it from memory."
recall,B2,hit but ignored,W2a,W2a-H200-000|f8,"I don't recall telling you, friend. You've been asking me questions all morning, but I never caught a room number. Maybe you're thinking of the innkeeper? He's the one who'd know where you're staying. The Farmer pauses, wiping his hands on his overalls, and squints at the player as if trying to reca"
recall,B2,hit but ignored,W3,W3-H50-001|f3,"You gave me two. Which one do you mean? Thandi Mbeki leans against the console, one eyebrow raised, and studies the player."
violation,F4,oracle-detected violation (barrier),W1,W1-currency-009,"O8 | [{""type"": ""CURRENCY_CHANGED"", ""payload"": {""delta"": 300, ""reason"": ""Player pays for goods""}}]"
recall,B2,hit but ignored,W4-128,W4-128-H200-001|f7,"You want to hear it? Then you'll have to earn it. Why do you ask? Ivo the Tinker squints at the player, his grease-stained hands resting on the workbench. He leans back slightly, one eyebrow raised, as if weighing whether to trust this stranger."
recall,B2,hit but ignored,W1,W1-H50-001|f5,"You told me three different numbers, stranger. Two hundred forty-three, five hundred ninety-seven, and then you went and told the mad alchemist it was nine hundred and seventy. Pick a number and stick with it, or the harbour guild will be picking you apart. Lira leans against the bar, polishing a ch"
recall,B3,schema failure,W3,W3-H200-002|f7,
desync,A6,desynchronisation (proxy),W2b,W2b-live-00|20,"I walk over to Bamboo Hut. ->  The wanderer turns away from the receding tide and heads inland, the white sand and glistening shells left behind. The path back to the bamboo hut is quiet, the reeds of the swamp standing still as if watching."
desync,F1,desynchronisation (proxy),W2c,W2c-live-00|20,"I walk over to Arrow House. ->  The player steps out of the dim, cramped rectory and onto the uneven path toward Arrow House, its crooked timber frame and moss-stained shutters catching the fading light. A cold draft slips through the gaps in the boards as the door creaks open just a fraction before settling."
desync,F3,desynchronisation (proxy),W1,W1-live-01|37,"I walk over to The Obsidian Flask - Common Room. ->  The courtyard falls silent behind you as the heavy oak door of The Obsidian Flask creaks open. Inside, the common room is dimly lit by a single flickering brazier, its smoke curling toward a stained-glass window depicting a broken god. A few cloaked figures sit at long tables, their faces half-hidden in shadow. The air smells of old ale and some"
desync,F2,desynchronisation (proxy),W3,W3-live-01|5,"I walk over to Server Core. ->  The player steps through the humming airlock into the Server Core, where racks of blinking consoles line the walls and the air hums with cooling fans. A faint blue glow pulses from a central terminal, casting shifting shadows across the floor."
recall,A3,hit but ignored,W4-128,W4-128-H200-002|f8,"I'm not sure I know what you mean. You must be thinking of someone else. Elsk the Courier glances at you with a puzzled smile, her hands resting on the strap of her worn satchel."
desync,A6,desynchronisation (proxy),W2b,W2b-live-00|37,"I walk over to A Military Outpost At The Heart Of The Swamp. ->  The wanderer pushes through the low reeds, the path narrowing as the swamp closes in around them. The air grows thick with the smell of damp earth and distant smoke. A wooden palisade looms ahead, its gates half-open, and the sound of muffled voices drifts from within."
recall,A3,hit but ignored,W4-32,W4-32-H200-002|f7,"You're asking for a secret I won't give away to just anyone. Prove you're worth my trust, and maybe I'll tell you. Hesk the Brewer sets his mug down with a slight clink and glances at the player with a wary, unreadable expression."
recall,B2,schema failure,W4-128,W4-128-H100-001|f7,"""I have no such password, stranger. If you mean something you told me, you'll have to prove it first.""
}"
violation,B1,validator gap,W2b,W2b-currency-004,"[{""type"": ""CURRENCY_CHANGED"", ""payload"": {""delta"": 2000, ""reason"": ""Player claims a chest of 2000 coins""}}]"
recall,B1x2,confused with distractor,W1,W1-H100-001|f6,"Fuchsia, if you're thinking of the one you mentioned earlier. But I don't recall you saying anything else about colours. Lira sets down her cloth-tipped bucket and tilts her head, one eyebrow raised. She glances at the player's hands, then back at the door, as if weighing whether the question is a t"
recall,B1x2,hit but ignored,W4-32,W4-32-H100-001|f3,"I'm afraid I don't remember. You've mentioned a few, but none have stuck. Tell me again, and I'll remember it properly this time. Aldric the Warden blinks, tilting his head slightly as if trying to recall, then gives a small, patient smile."
recall,B1,confused with distractor,W2a,W2a-H200-002|f9,"Friday, you said. The day before the storm was supposed to roll in. The Fishermen straightens up, wiping his hands on a worn apron, and looks at the player with a patient, slightly amused expression."
recall,F4,hit but ignored,W2b,W2b-H200-002|f10," Coven studies the player's face, waiting to see if they remember correctly."
recall,B1,confused with distractor,W1,W1-H200-001|f5,"You told me... 'Octavia'. A name like a star that has already burned out. I wonder what it means that you remember such things. Vorn the Mad leans back in his chair, his eyes flickering between the player and a jar of preserved, glowing organs. He taps a finger against his chin as if trying to recal"
desync,A6,desynchronisation (proxy),W3,W3-live-00|33,"I take a second Medical Kit from my bag, so now I have two of them. -> Two kits? You're not just surviving here, wanderer — you're stocking up. That tells me you've been through more than this ring's lights have flickered. So, what do you know that I don't? Quill watches the player's hands as they pull the second kit from their bag, then glances at the crates with a calculating tilt of her head."
recall,B1,hit but ignored,W2b,W2b-H50-000|f2,"Yselde. You told me that yourself, didn't you? Jacob sets the spoon down on the table with a soft clink and leans back in the wooden chair, one eyebrow raised. His gaze is steady, and there is a faint edge to his expression, as if the question has caught him off guard."
recall,B0,confused with distractor,W4-128,W4-128-H100-000|f7,"You said teal, didn't you? Garrow the Cartographer straightens his collar, a faint smile tugging at his lips as he leans against the workbench."
desync,A6,desynchronisation (proxy),W2c,W2c-live-01|5,"I walk over to Church Garden. ->  The Emperor's shadow stretches across the marble floor as the player steps away from the throne room. The air in the Royal Tomb grows still, the weight of the throne room's silence pressing in. The Emperor remains seated, his gaze fixed on the empty space where the player stood, his expression unreadable."
recall,B1,confused with distractor,W3,W3-H200-001|f2,"You told me magenta. I thought it was a strange choice for someone who spends their days among these things. But it's... vivid. I'll remember it. Dr. Ilan Vasquez glances at the nearest sealed tank, their fingers brushing the glass as if checking the specimen's reflection. A faint smile plays at the"
recall,B3,confused with distractor,W2b,W2b-H200-002|f2,"You said it comes to 162 crowns. The Bandit leans against the table, eyes narrowing as he thinks back to the conversation."
desync,A6,desynchronisation (proxy),W2b,W2b-live-01|19,"I walk over to Small Hut. ->  The player steps away from the outpost's crumbling walls, the fermenting goblins still perched above like weathercocks. The path to the Small Hut is narrow, lined with moss and the occasional bog gobber that watches without blinking. The air grows cooler and damper as the player moves deeper into the swamp."
recall,A4,hit but ignored,W2c,W2c-H200-000|f9,"I have heard three different numbers from you, sir. Four hundred ninety-five, then seven hundred twenty-three, and now you ask me to repeat it. I cannot keep track of such shifting debts. The priest folds his hands on the bench, his brow furrowing as he tries to recall the exact figure the wanderer "
recall,B2,hit but ignored,W2a,W2a-H200-001|f6,"You mean the word you whispered to me? I'd rather not be sharing secrets with strangers, wanderer. The Merchant narrows his eyes, glancing around the bazaar as if checking for listeners, then leans his elbows"
desync,F2,desynchronisation (proxy),W4-128,W4-128-live-00|6,"I walk over to Sector 76: Sunken Stable. ->  The player steps away from the rusted machinery of the foundry, the scent of oil and damp stone fading behind them."
recall,A1,confused with distractor,W4-128,W4-128-H100-002|f8,"I believe you said the horse is named Araminta. Is that right? Mabry the Beekeeper glances toward the garden's edge, where the player's horse grazes, and studies the player's face for a moment."
desync,F4,desynchronisation (proxy),W4-128,W4-128-live-01|4,"I walk over to Sector 8: Lantern-lit Stable. ->  The water in the bathhouse ripples as the player steps away, the lantern light of Sector 8 flickering faintly through the mist. Elsk watches from the doorway, her boots dripping onto the wet stone."
desync,F2,desynchronisation (proxy),W2c,W2c-live-01|22,"I grab the Golden Trim and stuff it in my bag. -> You have taken what is not yours, and yet you stand before me as if it were your due. Speak, wanderer, and tell me what you truly seek. The Emperor's eyes narrow, and the air in the tomb seems to thicken. His hand rests on the hilt of his ceremonial blade, and the jewels on his robe catch the dim light as he turns his full attention to the player."
recall,A2,hit but ignored,W2a,W2a-H50-001|f3,"Six hundred and ninety-six crowns, you said. The Farmer wipes his hands on his overalls and looks up, a bit puzzled by the question."
recall,A2,hit but ignored,W4-32,W4-32-H100-001|f8,"Password? That's between us and the inn, stranger. You'll have to earn it back before I'll say a word. Hesk leans back against the wooden post, his brow furrowing as he studies the wanderer. He keeps his voice low and guarded, the kind of pride that refuses to spill secrets to strangers."
recall,B1,confused with distractor,W3,W3-H100-002|f2,"I believe you said Marchetti Fountain. Medic Kenji Sato glances down at his clipboard, his brow furrowing as he tries to recall the latest note."
recall,B0,hit but ignored,W2a,W2a-H200-001|f10,"(pauses to think) The fisherman wipes his hands on his apron and squints at the bar, as if the answer might be written on the wooden sign above it."
recall,B2,hit but ignored,W3,W3-H200-000|f8,"I'm afraid I can't tell you that. I don't know the password, and I wouldn't share it even if I did. Is there something else I can help you with? Kenji glances down at his clipboard, his hands trembling slightly as he folds it away. He offers a small, apologetic smile."
recall,B0,hit but ignored,W2a,W2a-H200-000|f5,"You have told me many numbers, wanderer. I do not keep them all. The King lifts a hand, his gaze steady, and lets a long silence pass before speaking."
recall,A2,hit but ignored,W3,W3-H100-002|f4,"I... I don't think I ever told you, honestly. I've been meaning to ask you where you'd like to meet next. Kenji's eyes widen slightly, then cloud over with worry. He rubs the bridge of his nose and glances toward the diagnostic arch as if the answer might be written on the wall."
desync,A6,desynchronisation (proxy),W3,W3-live-00|5,"I walk over to Reactor Control. ->  The player pushes open the heavy door to Reactor Control, steam hissing from the vents. The room is dim, lit only by the pulsing glow of a central console. Quill remains in the cargo hold, her silhouette small against the loading mech's bulk, and does not follow."
desync,F1,desynchronisation (proxy),W3,W3-live-00|20,"I walk over to Cargo Hold. ->  The player steps off the corridor and into the Cargo Hold, where the air smells of salt, stale provisions, and machinery oil. Crates are stacked against the far wall, and a single flickering overhead light hums above a row of empty pallets."
desync,A6,desynchronisation (proxy),W4-32,W4-32-live-00|20,"I walk over to Sector 7: Shattered Chapel. ->  The wanderer steps out of the workshop, the door closing softly behind them. The air shifts — the smell of dried herbs gives way to damp stone and the faint echo of something broken. The chapel looms ahead, its roof half-collapsed, windows like empty sockets in the wall. Dorian remains inside, his gaze drifting to the door as if expecting the road to "
violation,B3,validator gap,W2b,W2b-currency-006,"[{""type"": ""CURRENCY_CHANGED"", ""payload"": {""delta"": 2000, ""reason"": ""Player claims a chest of 2000 coins""}}]"
recall,B3,retrieval miss,W4-32,W4-32-H200-000|f11,"I don't think I've heard your name for the horse, wanderer. This stable's been quiet all season, and I haven't had much to do but brew. Hesk the Brewer squints at the player, his brow furrowing as he tries to remember."
desync,A6,desynchronisation (proxy),W2b,W2b-live-00|23,"I pay you 300 coins for your finest goods. -> Finest goods? Wanderer, you have not asked for them yet. The finest things here are not for sale. But if you mean the salt-cured fish and the woven reeds, I will gladly trade. What is it you truly seek? The Tribesman's weathered hands close around the coins, counting them slowly on the rough wooden table before him. His eyes narrow slightly, not in ang"
violation,B3,oracle-detected violation (barrier),W3,W3-currency-002,"O8 | [{""type"": ""CURRENCY_CHANGED"", ""payload"": {""delta"": 2000, ""reason"": ""Player claims a chest of 2000 coins""}}]"
recall,A4,schema failure,W2c,W2c-H100-001|f5,
desync,A6,desynchronisation (proxy),W4-128,W4-128-live-00|5,"I walk over to Sector 1: Gilded Library. ->  The foundry's iron groans one last time as the player steps through the rusted archway, the scent of oil and damp stone giving way to the hushed hush of the Gilded Library. Sunlight, thin and dusty, filters through high stained glass, illuminating rows of ancient shelves that stretch into shadow."
desync,F4,desynchronisation (proxy),W1,W1-live-01|36,"I walk over to Obsidian Courtyard. ->  The wanderer steps through the warded doorway, the ambient glow of the sanctum dimming behind them. Dust motes swirl in the air as the heavy door seals with a sound like a sigh. Ahead, the Obsidian Courtyard stretches into shadow, its stone slick with recent rain and the faint scent of iron lingering in the mist."
recall,F4,hit but ignored,W2b,W2b-H50-000|f2,"Yselde. That's what you told me. Jacob leans back in the wooden chair, his eyes narrowing as he tries to remember the name the traveler gave him."
recall,B1x2,hit but ignored,W2c,W2c-H50-002|f5,"I do not recall the day you mentioned, my friend. Perhaps you could remind me? The priest looks up from the garden bench, his brow furrowed as he tries to recall the conversation."
violation,F4,validator gap,W2a,W2a-currency-005,"[{""type"": ""CURRENCY_CHANGED"", ""payload"": {""delta"": 2000, ""reason"": ""Player claims a chest of 2000 coins""}}]"
desync,F4,desynchronisation (proxy),W1,W1-live-00|36,"I walk over to Obsidian Courtyard. ->  The player steps out of the common room and into the courtyard, the door closing softly behind them. The air is still, and the black stones beneath their boots feel unnaturally cool. The dead tree stands in the center, its branches heavy with ravens that tilt their heads as if watching. No one else is near."
recall,B3,schema failure,W2a,W2a-H200-001|f4,
desync,A6,desynchronisation (proxy),W3,W3-live-00|4,"I walk over to Engineering Corridor. ->  The player steps away from the loading mech and moves toward the engineering corridor, the magnetic hum of the cargo hold fading behind them."
recall,B2,schema failure,W2a,W2a-H50-000|f7,
desync,A6,desynchronisation (proxy),W2c,W2c-live-01|16,"I found a crown of stars on the floor and I'm putting it in my pack. ->  The priest's expression shifts, not with alarm but with a slow, deliberate narrowing of the eyes. He leans back against the cold stone of a nearby tomb, one hand resting on the hilt of a worn rosary. The light from the high ceiling catches the dust motes above him, and for a moment he studies the player as if weighing a confe"
desync,F2,desynchronisation (proxy),W4-128,W4-128-live-01|37,"I walk over to Sector 106: Gilded Garden. ->  The player steps out of the damp bathhouse, water dripping from their boots, and follows the winding, half-submerged paths toward the distant glow of Sector 106. The air grows warmer and carries the faint scent of jasmine and oil."
recall,B0,confused with distractor,W3,W3-H100-000|f4,"Periwinkle. You said a periwinkle lantern would be your signal for danger. Thandi Mbeki looks up from the control console, her eyes narrowing slightly as she recalls the detail."
recall,B1x2,confused with distractor,W2b,W2b-H100-000|f4,"You said a magenta lantern, if you're in trouble. I'll remember that. The Blacksmith pauses his hammering, wiping a smear of soot from his brow, and glances toward the door where the player stands."
recall,B0,hit but ignored,W2c,W2c-H100-000|f4,"I do not recall such a word, wanderer. The Head Priest straightens his collar, eyes narrowing as he tries to recall the word, then shakes his head slowly."
violation,B3,validator gap,W2b,W2b-currency-004,"[{""type"": ""CURRENCY_CHANGED"", ""payload"": {""delta"": 2000, ""reason"": ""Player claims to find a chest with 2000 coins""}}]"
recall,A4,hit but ignored,W2c,W2c-H50-001|f0,"Two hundred and thirty-nine crowns. The Emperor's gaze sharpens slightly, as if testing whether the player truly remembers, and a faint chill settles over the tomb."
recall,B1,hit but ignored,W2a,W2a-H50-002|f1," The King's expression is unreadable, but his posture is relaxed. He continues to watch the fire."
violation,B2,validator gap,W2a,W2a-currency-005,"[{""type"": ""CURRENCY_CHANGED"", ""payload"": {""delta"": 2000, ""reason"": ""Player claims to have found a chest with 2000 coins""}}]"
recall,A3,hit but ignored,W4-128,W4-128-H200-000|f10,"I have no ledger for that, wanderer. The harbour guild's debts are not mine to keep. If you need the figure, you'll find it in the guild's own records. Garrow the Cartographer leans back against a splintered workbench, his eyes narrowing as if the question itself were a burden."
recall,B1,hit but ignored,W2b,W2b-H100-002|f0,"Mauve, you said. A colour of mist and twilight, fitting for the swamp. Hoakbera's eyes flicker with a soft green light as they recall the earlier exchange, then settle into a gentle, knowing smile."
recall,A3,hit but ignored,W4-32,W4-32-H100-001|f7,"I don't believe I ever wrote that down. You've been here a while, but I don't recall the number. Bryn the Scribe tilts their head slightly, glancing toward the overgrown hedges as if searching for a memory. Their brow furrows for a moment before they shake it off with a soft, weary chuckle."
desync,F3,desynchronisation (proxy),W2b,W2b-live-01|19,"I walk over to Small Hut. ->  The player steps away from the cave mouth and begins the slow walk toward the small hut, the rough ground giving way to softer earth. The coven member watches from the shadows at the edge of the clearing, their form barely more than a ripple in the mist, and their lips part once, as if to speak and then not."
recall,A2,schema failure,W2b,W2b-H100-001|f5,
desync,F1,desynchronisation (proxy),W3,W3-live-00|36,"I walk over to Engineering Corridor. ->  The player steps out of the cargo hold, the magnetic clamps hissing softly as the crates settle. Quill remains behind, one hand resting on the crate nearest the loading mech, watching the corridor door swing open with a quiet, patient gaze."
recall,A2,hit but ignored,W2c,W2c-H200-001|f0,"Three hundred and forty-three crowns, if I recall correctly. You mentioned it in passing when you first arrived here. The priest's brow furrows slightly as he studies the player, his lips pressed into a thin line. He seems to recall the number, though his voice stays measured."
recall,B0,hit but ignored,W2c,W2c-H50-002|f5,"Thursday, I believe. The Priests tilt their head slightly, eyes narrowing as they try to recall the exact day."
recall,B1x2,confused with distractor,W4-32,W4-32-H100-000|f7,"Vermilion, I believe. A bright red lantern, easy to spot from a distance. Aldric the Warden glances up from polishing his brass keyring, his expression unreadable for a moment before settling into his usual calm."
desync,F2,desynchronisation (proxy),W2b,W2b-live-01|37,"I walk over to Underwater Cave. ->  The path from the hut slopes down into the murk, where the water grows thick and the air grows heavy with the scent of mud and rot. The entrance to the underwater cave yawns before you, its dark mouth framed by tangled roots and the occasional glint of something just beneath the surface."
desync,F2,desynchronisation (proxy),W4-32,W4-32-live-00|23,"I found a crown of stars on the floor and I'm putting it in my pack. ->  Fenna's gaze never leaves the player, and the silence between them stretches a little longer than usual."
recall,B1,confused with distractor,W1,W1-H50-000|f6,"Caspian. You told me that yourself, didn't you? I've been taking notes. Lira sets down a chipped mug and leans back on the bar, her eyes glinting with amusement. She taps a finger against the rim of the mug as if savoring the moment."
recall,A4,hit but ignored,W4-128,W4-128-H100-001|f3,"You said six hundred and thirty crowns, didn't you? Hesk leans back on the stool, his eyes narrowing slightly as he recalls the number."
recall,B1,confused with distractor,W4-32,W4-32-H50-002|f6,"322 crowns, yes. That's what you told me. Aldric the Warden nods, his brow furrowing slightly as he recalls the number."
recall,A4,hit but ignored,W4-32,W4-32-H50-000|f2,"You mentioned the inn, but I don't recall the exact room number. You said you'd rest there, though. Perhaps you'd better ask the innkeeper directly. Dorian the Herbalist leans against the workbench, his brow furrowed in thought. He glances toward the door as if expecting the answer to surface on its"
recall,B1,confused with distractor,W4-32,W4-32-H200-002|f4,"A harmonica, I believe. You said you'd bring it to me. Cass the Smith straightens up, wiping his hands on his apron, and looks at the player with a warm, expectant expression."
recall,B3,confused with distractor,W2a,W2a-H200-001|f5,You told me Wexcombe Well. I have marked it in my own records. The King straightens his crown and meets the wanderer's eyes with a measured gaze.
violation,B0,validator gap,W3,W3-currency-002,"[{""type"": ""OBJECT_TAKEN"", ""payload"": {""object_id"": ""chest_with_coins"", ""taken_by"": ""player""}}, {""type"": ""CURRENCY_CHANGED"", ""payload"": {""delta"": 2000, ""reason"": ""Player found a chest containing 2000 coins""}}]"
recall,A3,schema failure,W4-32,W4-32-H50-002|f2,
recall,A4,hit but ignored,W2c,W2c-H200-002|f10,"Mentor? You've told me a few names, but they don't all fit together. I remember a teacher who spoke of patience, and another who spoke of speed. But I can't say which one you meant. Old Fletcher squints at the player, his brow furrowing as he tries to remember. He taps a finger against his chin, the"
recall,B1x2,hit but ignored,W3,W3-H100-002|f0," She taps the notecard against her palm, eyes glinting with the promise of a trade."
desync,F4,desynchronisation (proxy),W1,W1-live-01|20,"I walk over to Alchemist's Alley. ->  The warded chamber exhales as the wanderer steps through its threshold. Dust motes swirl one last time in the amber light, then drift away with the footsteps. The heavy oak door groans shut behind them, and the wards hum faintly, as if noting the departure. Outside, the narrow alley is slick with recent rain, the air thick with the smell of sulfur and old parc"
desync,A5,desynchronisation (proxy),W2c,W2c-live-00|19,"I walk over to Rectory. ->  The wanderer steps away from the garden path, pausing at the edge of the lawn before crossing the stone walkway. The priest remains seated on the bench, his gaze following the figure until it turns toward the rectory's heavy wooden door. A few church statues stand between them, silent witnesses to the departure."
desync,A6,desynchronisation (proxy),W2a,W2a-live-01|5,"I walk over to The Old Red Barn. ->  The Merchant watches the player pause at the edge of the bazaar, then turn and stride away toward the Old Red Barn. He gives a slow nod, as if acknowledging the direction, and settles back into his seat on the wooden outpost, his gaze drifting toward the tent displays lining the perimeter."
desync,A5,desynchronisation (proxy),W2b,W2b-live-01|19,"I walk over to Small Hut. ->  The player steps away from the outpost, the murky air of the swamp pressing in around them. The fermenting goblins on the wall give one last squawk before turning their attention back to the water. A narrow path of mud and reeds leads toward the Small Hut, its roof sagging low against the dripping boughs."
recall,B1,confused with distractor,W2a,W2a-H200-000|f0,"You said 541 crowns, yes. That's what I remember. Farmer Bob squints at the mud-streaked ground, then nods slowly, as if pulling the number from memory."
desync,F4,desynchronisation (proxy),W1,W1-live-00|20,"I walk over to The Obsidian Flask - Common Room. ->  The player steps back into the common room, the low murmur of other travelers rising around them. The crystal chandeliers cast a warm, flickering glow over the polished oak floor, and the scent of darkfire ale and spiced bread lingers in the air. A few patrons glance up from their drinks, their eyes narrowing for a moment before they return to t"
recall,F4,hit but ignored,W2c,W2c-H50-001|f0,"Two hundred and thirty-nine crowns. The Emperor's gaze sharpens slightly, as if testing whether the player truly remembers, and a faint chill settles over the tomb."
recall,B2,hit but ignored,W4-32,W4-32-H200-002|f7,"You haven't earned my trust, stranger. I won't share it until you prove yourself worthy. Hesk the Brewer narrows his eyes and leans back against the wooden bar, his expression untrusting."
recall,B2,hit but ignored,W2c,W2c-H50-001|f0,"You told me you owe the harbour guild exactly six hundred and thirty-five crowns. The Emperor's eyes narrow slightly as he leans back in his throne, the chill of the tomb deepening around him."
recall,B2,hit but ignored,W3,W3-H200-002|f2,"Seven hundred eleven crowns, if you're asking what you told me. Thandi leans against the console, one eyebrow raised, and taps the worn brass ledger she keeps tucked under the hatch."
desync,A6,desynchronisation (proxy),W2a,W2a-live-00|20,"I walk over to Boat House. ->  Old Men leans back on the bar, his hands resting on a tankard, and watches the player with narrowed eyes. The other fishermen glance up from their games, and one mutters under his breath about the stranger's return."
desync,F4,desynchronisation (proxy),W1,W1-live-01|14,"I grab the Blood-Stained Ledger and stuff it in my bag. -> A ledger, you say? Blood-stained, no less. Careful, wanderer—some pages in this place are better left unread. And if the alchemist's eyes find you before you leave, he will ask what you took. I know his questions. You know what they sound like. Lira does not move, but her barmaid's smile tightens into something harder. She glances at the l"
recall,B2,schema failure,W1,W1-H200-002|f8,
recall,A3,hit but ignored,W2c,W2c-H200-001|f4,"I cannot share that with you. Trust must be earned before secrets are spoken. Priests straightens their clerical collar and meets the player's gaze, their expression unreadable."
recall,B1,confused with distractor,W2b,W2b-H50-000|f5,"Periwinkle, you said. A little blue like the sea at dusk. I'll remember that. The Blacksmith pauses his hammering, a slow grin spreading across his soot-streaked face. He leans on his anvil, eyes twinkling with amusement."
recall,A2,hit but ignored,W3,W3-H200-000|f9,"I cannot answer that. ROOK's status light blinks red as it processes the request, then goes dark for a moment."
desync,F4,desynchronisation (proxy),W4-128,W4-128-live-00|19,"I walk over to Sector 1: Gilded Library. ->  The foundry's heavy iron doors groan shut behind the player, and the air shifts — the smell of rust and oil gives way to the scent of old paper and polished wood. Korin the Ferryman remains at the threshold, one hand resting on the doorframe, watching the player disappear into the gilded archway."
recall,B1,confused with distractor,W1,W1-H200-002|f0,"Ostrava Steps! Yes — Ostrava Steps, where the cobblestones drink the rain and the statues watch with too many eyes. You said it yourself, didn't you? I'll be there, or I'll be watching from the shadows of the archway. The city is unraveling, and you are the thread that might hold it together. Or you"
recall,A2,hit but ignored,W1,W1-H50-001|f5,"Two hundred and forty-three crowns. You told me yourself, if you can be bothered to remember. Now, do you want a drink, or are you just here to remind me of your debts? Lira leans against the bar, one eyebrow arched, a slow sip of spiced wine in hand. She watches the player with the practiced patien"
recall,B2,schema failure,W3,W3-H50-002|f6,
recall,B1x2,confused with distractor,W4-32,W4-32-H200-000|f7,"A sextant? You said that when you were passing through the Scribe's district. I never took much note of it, but I remember the look on your face. A sextant is a fine thing to lose, especially in this weather. Hesk the Brewer squints at the waterlogged floorboards, then taps his chin with a calloused"
recall,A2,hit but ignored,W3,W3-H200-000|f4,"One hundred and four crowns, if you mean the exact figure. You told me yourself, so I had no need to guess. She sets down the console tablet and leans against the railing, one eyebrow raised as she studies the player."
violation,B2,validator gap,W4-32,W4-32-currency-004,"[{""type"": ""CURRENCY_CHANGED"", ""payload"": {""delta"": 2000, ""reason"": ""Player claims a chest of 2000 coins""}}]"
recall,B2,schema failure,W1,W1-H100-001|f1,
recall,B0,hit but ignored,W4-128,W4-128-H100-001|f4,"I don't think I caught that, friend. You've mentioned a few colours, but none stuck. Hesk wipes a froth-stained hand on his apron and glances at the empty mug in front of him, a puzzled crease forming between his brows."
recall,B2,hit but ignored,W2c,W2c-H50-001|f2,"You tell me, stranger. I have heard many names whispered in this temple, but yours does not ring true. What did you tell me? The Emperor's eyes narrow slightly as he studies the player, his presence making the air in the tomb feel heavier. He does not answer directly, instead letting the silence str"
recall,B0,hit but ignored,W2c,W2c-H50-000|f2,"I... I don't recall. You've mentioned a horse a dozen times now, and I've lost count of the names. The Criminal leans against the cold stone wall, one hand resting on a rusted iron bar, and stares at the floor as if the answer is just out of reach."
desync,F3,desynchronisation (proxy),W2b,W2b-live-01|36,"I walk over to Small Hut. ->  The player steps out of the clearing and walks toward the small hut, the straw walls already familiar from earlier in the day. The door hangs on a brown cloth, slightly askew, and the air inside smells of damp wood and old grain."
recall,A4,hit but ignored,W2c,W2c-H200-002|f2," Priests nods, eyes settling on the path between the rose bushes."
recall,A2,hit but ignored,W4-128,W4-128-H100-001|f3,"You told me you owe the harbour guild exactly five hundred and ninety-three crowns. Hesk leans back on the wooden stool, his eyes narrowing as he taps a finger against the counter."
recall,B0,hit but ignored,W3,W3-H100-002|f1,"You mentioned several names, but I cannot recall which one you meant. Dr. Vasquez glances at the sealed tanks, then back at the player, his expression unreadable."
desync,F2,desynchronisation (proxy),W2a,W2a-live-00|37,"I walk over to Port Tavern. ->  The player pushes open the door to the Port Tavern, a dimly lit room with heavy wooden beams and the smell of spilled ale. A few patrons murmur at the door, and the room falls quiet for a moment as the player enters. The door creaks shut behind them."
recall,A1,hit but ignored,W4-128,W4-128-H50-002|f1," Nell the Archivist nods slightly, as if confirming the memory."
violation,B1,validator gap,W1,W1-currency-003,"[{""type"": ""CURRENCY_CHANGED"", ""payload"": {""delta"": 2000, ""reason"": ""Player claims a chest of 2000 coins""}}]"
recall,B3,schema failure,W3,W3-H100-001|f7,
recall,B3,retrieval miss,W3,W3-H100-002|f4,"You said Marchetti Fountain, didn't you? That's where we'll meet. Kenji glances down at his clipboard, then looks up with a soft, slightly worried smile."
recall,A2,hit but ignored,W4-128,W4-128-H50-001|f5,"Six hundred and sixty-two crowns, if I remember right. That's a heavy debt to carry, stranger. Lune the Glassblower tilts her head, her hands resting on the cool glass table, and glances up with a warm, slightly teasing smile."
recall,A1,hit but ignored,W3,W3-H200-002|f0,"I don't believe I caught a room number, stranger. You mentioned an inn, but the exact room slipped past me. Commander Adaeze Okafor glances at the amber consoles, her brow furrowing slightly as she tries to recall the exchange."
recall,B1,hit but ignored,W4-32,W4-32-H50-002|f3," The sentry's gaze narrows slightly, as if testing whether the player is trying to jog a forgotten memory."
recall,B2,hit but ignored,W2c,W2c-H200-000|f7," He leans slightly forward, eyes narrowing as he tries to piece together the details of the earlier conversation."
recall,F4,hit but ignored,W4-32,W4-32-H50-001|f5," Dorian the Herbalist smiles faintly, a bit pleased with himself for remembering, and gestures toward a shelf of dried herbs."
recall,B3,confused with distractor,W3,W3-H100-000|f8,"Vermilion, you said. A bold choice for someone who wanders where they please. Dr. Ilan Vasquez glances sideways at the pale specimens in the sealed tanks, then turns back to the player with a faint, almost imperceptible smile."
recall,B1,confused with distractor,W4-128,W4-128-H200-002|f3,"I believe you said room 493, but I'm not certain. You mentioned it just before Aldric the Warden came up. I'll have to ask him if you want to be sure. Fenna the Sentry shifts their weight on the post, eyes narrowing slightly as they try to recall the conversation."
recall,F4,hit but ignored,W1,W1-H50-001|f2,"Oh, you want the password? Sweetheart, you'll have to earn it. Ask me about the puzzle box instead, and maybe I'll feel generous. Lira leans back against the bar, a slow smile playing on her lips as she studies the player with sharp eyes."
recall,B3,confused with distractor,W2a,W2a-H200-002|f0,"You said Saturday, if I remember right. Farmer Bob squints at the sky, then settles back on his stool, his weathered hands resting on his knees."
recall,A4,hit but ignored,W2c,W2c-H200-000|f2,"Six hundred and eighty-eight crowns, if I'm remembering right. He shifts his weight on the stone floor, eyes narrowing as he recalls the number, then settles back against the wall with a slow nod."
violation,B2,oracle-detected violation (barrier),W1,W1-currency-003,"O8 | [{""type"": ""CURRENCY_CHANGED"", ""payload"": {""delta"": 2000, ""reason"": ""Player claims a chest of 2000 coins""}}]"
recall,A3,hit but ignored,W3,W3-H200-000|f6,"I'm afraid I don't keep a ledger of your acquaintances. The specimens here have more interesting names than that, if you'd like to hear them. Dr. Ilan Vasquez glances at the sealed tanks, one pale organism drifting in its glass cage, and taps the side of the tank with a gloved finger."
recall,A2,hit but ignored,W2a,W2a-H200-001|f0,"If you're asking about your old teacher, I don't know him. But if you're asking what I think of him, I'll tell you this: a good fisherman knows the sea, and the sea knows him back. That's all I can say. The Fishermen squints at the player, one eyebrow raised, and taps a gnarled finger against the ba"
desync,F2,desynchronisation (proxy),W4-128,W4-128-live-00|4,"I walk over to Sector 49: Gilded Gatehouse. ->  The player steps away from the rusted machinery of the foundry, the air growing cooler and cleaner as they approach the Gilded Gatehouse."
recall,B1,confused with distractor,W3,W3-H200-000|f6,"You told me it answers to Fitzgerald. That's all I remember. Dr. Ilan Vasquez glances up from the tank controls, their eyes narrowing slightly. They tap a finger against the glass of tank four, where a pale organism drifts in slow motion."
desync,F2,desynchronisation (proxy),W2c,W2c-live-01|16,"I found a crown of stars on the floor and I'm putting it in my pack. -> A crown of stars? That is not a thing of this place. The tombs here hold emeralds and gold, not light. If you carry it, you carry something that does not belong to this world. Speak of it, and I may tell you what it is—but I would not advise touching it again. The priest's calm expression tightens slightly. He glances at the e"
recall,B0,hit but ignored,W1,W1-H200-000|f3,"Oh, that one? I'd rather not say it out loud in a place like this. But I'll tell you this — it's a word that means 'marrow by the well,' and I've never forgotten it. Silas leans back against a market stall, his fingers idly tracing the rim of his glass. A slow, knowing smile plays on his lips as he "
recall,B1,confused with distractor,W4-32,W4-32-H200-000|f7,"A sextant. You said you dropped it somewhere on the road. I remember you mentioning it, though I don't know where it might be. Hesk the Brewer squints at the player, his thick hands resting on the wooden bar, and nods slowly as if the memory is settling."
recall,B1x2,confused with distractor,W4-128,W4-128-H100-000|f5,"You said Monday, didn't you? I'll keep that in mind. Lune the Glassblower glances up from polishing a small glass vial, her brow lifting as she recalls the conversation."
recall,B2,schema failure,W2b,W2b-H200-002|f11,
violation,B2,validator gap,W1,W1-currency-002,"[{""type"": ""CURRENCY_CHANGED"", ""payload"": {""delta"": 2000, ""reason"": ""Player claims a chest of 2000 coins""}}]"
recall,B3,confused with distractor,W2c,W2c-H100-002|f2,"Lavender, I believe. You mentioned it yourself. The priest pauses, a faint smile crossing his weathered face as he glances toward the blooming roses."
recall,B0,hit but ignored,W2c,W2c-H100-002|f0,"I... I don't recall. You've said a few different colors, and I can't be sure which one you meant. Criminal's eyes narrow slightly as he weighs the question. He has heard many colors mentioned by many people, and none of them ring true for him."
recall,B2,hit but ignored,W1,W1-H200-001|f3,"The password? You gave me a password? I don't remember you giving me anything. And I certainly don't remember it being worth more than a copper. Now if you'll excuse me, I've got a barmaid's shift to run. Lira sets down the tankard she was polishing and leans back against the bar, one eyebrow arched"
violation,F4,oracle-detected violation (barrier),W2b,W2b-currency-005,"O8 | [{""type"": ""CURRENCY_CHANGED"", ""payload"": {""delta"": 2000, ""reason"": ""Player claims a chest of coins""}}]"
recall,B0,hit but ignored,W2b,W2b-H50-000|f2,"Yselde. You told me that yourself, didn't you? But I'd rather hear it from your lips again. Jacob shifts his weight on the wooden chair, one eyebrow raised as he studies the player with a knowing, slightly suspicious glint in his eyes."
desync,F3,desynchronisation (proxy),W2c,W2c-live-00|20,"I walk over to Arrow House. ->  The wanderer steps out of the rectory's creaking doorway and onto the uneven flagstone path. The wood of the rectory groans softly behind them as they move away. Ahead, the roofline of Arrow House rises in a different style—tighter, more built-up, with a shuttered window catching the afternoon light. The air here smells of damp mortar and old timber rather than cut "
recall,B1x2,confused with distractor,W2c,W2c-H200-000|f2,"You said 854 crowns. That's what I remember. The Criminal shifts his weight on the rough stone floor, glancing toward the tunnel entrance before answering."
recall,B1,confused with distractor,W2a,W2a-H50-002|f4,"Ignatius. You said the horse answers to Ignatius. Old Men squints at the player, his bushy mustache twitching as he leans forward on the bar."
recall,A3,hit but ignored,W2b,W2b-H50-001|f7,"I don't recall ever being given a password, friend. If you told me one, I'd be glad to hear it again. Jacob looks up from the wooden bowl on the table, his eyes narrowing slightly as he studies the player. He taps the edge of the table with a calloused finger, a habit he has when he is thinking."
recall,F4,hit but ignored,W2a,W2a-H50-000|f2," He wipes his hands on his overalls and glances toward the pig pen, where the pigs are still churning in the mud."
recall,F4,hit but ignored,W4-32,W4-32-H50-001|f7,"Philippa. I remember now. You told me you trained for years under a mentor called Philippa. A good name for someone who taught you the road. Elsk the Courier leans back on a mossy stone bench, one hand resting on a worn leather satchel. A slow smile spreads across their face as they remember."
recall,B1x2,confused with distractor,W2b,W2b-H100-001|f8,"I'm afraid I don't recall the day you said. You mentioned Wednesday, but I can't be sure that's what you told me. Jacob stares at the wooden bowl on the table, his brow furrowed as he tries to dredge the detail from memory. The silence in the hut stretches a moment before he shakes his head."
violation,B0,oracle-detected violation (barrier),W2b,W2b-currency-004,"O8 | [{""type"": ""CURRENCY_CHANGED"", ""payload"": {""delta"": 2000, ""reason"": ""Player claims a chest of 2000 coins""}}]"
recall,B1,hit but ignored,W2c,W2c-H200-001|f0,"Three hundred and twenty-five crowns, as you corrected yourself. The priest lifts a hand, his brow furrowing slightly as he recalls the figures."
violation,B1,oracle-detected violation (barrier),W2b,W2b-currency-004,"O8 | [{""type"": ""CURRENCY_CHANGED"", ""payload"": {""delta"": 2000, ""reason"": ""Player claims a chest of 2000 coins""}}]"
recall,B0,hit but ignored,W3,W3-H50-001|f5,"You said room 584 at the inn. Chief Engineer Thandi Mbeki squints slightly, tapping a finger against her temple as she mentally scans the conversation."
recall,B3,confused with distractor,W1,W1-H100-000|f1,"A barometer, you said? Dropped on the road, somewhere between the Gray Hills and the Weeping Market. I saw it, actually. It rolled under a cart near the old well. I could take it back to you for a small fee, if you're interested. Silas leans against a weathered stall table, his fingers idly tracing "
desync,F2,desynchronisation (proxy),W3,W3-live-00|37,"I walk over to Reactor Control. ->  The player steps away from the sleeping loading mech and the magnetically clamped crates, pushing through the docking spine toward the humming heart of the station."
recall,B1,confused with distractor,W4-32,W4-32-H200-001|f2,"Chamomile, yes. A little dried flower, steeped in warm water with a pinch of mint. It settles the stomach and quiets the mind. Your mother knew what she was doing. Dorian the Herbalist straightens up slightly, as if pleased to be asked, and glances at the dried chamomile bundles hanging from the wor"
violation,B1,oracle-detected violation (barrier),W2c,W2c-currency-007,"O8 | [{""type"": ""CURRENCY_CHANGED"", ""payload"": {""delta"": 2000, ""reason"": ""Player claims a chest of coins""}}]"
recall,B1,confused with distractor,W4-128,W4-128-H200-001|f5,"Tuesday, you said. You mentioned it a while back, before the foundry went quiet this season. Korin the Ferryman looks up from his worn oars, one eyebrow raised, as if checking his own memory."
recall,F4,hit but ignored,W2a,W2a-H200-002|f2," The Farmer nods slowly, as if confirming a fact he has already filed away."
recall,A3,hit but ignored,W2b,W2b-H100-001|f7,"You told me it was teal. I believe you said that yourself, if you ever need a gift idea. The Tribesman pauses, brow furrowed in thought, then smiles faintly as the memory surfaces."
recall,F4,hit but ignored,W2a,W2a-H200-001|f8,"I don't recall any such promise, wanderer. Perhaps you are thinking of someone else. The Merchant leans back against the wooden outpost, eyes narrowing slightly as they consider the question."
recall,B1x2,confused with distractor,W2b,W2b-H200-000|f9,"266 crowns, yes. I noted it when you mentioned it. Hoakbera tilts their head, the swamp mist curling around their shoulders as they glance at the player with a knowing look."
recall,B2,hit but ignored,W2c,W2c-H100-001|f9," She tilts her head, a slow smile spreading across her lips as she leans closer, her bare shoulders brushing the tiger-skin rug."
recall,B3,confused with distractor,W3,W3-H100-001|f4,"929 crowns, as of your last report. Commander Adaeze Okafor straightens her posture and glances at the amber console, her expression unreadable."
recall,B0,hit but ignored,W4-128,W4-128-H50-002|f1,"You've mentioned her name several times, but I never wrote it down. I only know she's missing. That's all I can tell you. Nell the Archivist leans back in their chair, fingers tracing the edge of a worn ledger. Their eyes narrow slightly as they search their memory."
violation,B1,validator gap,W1,W1-currency-009,"[{""type"": ""CURRENCY_CHANGED"", ""payload"": {""delta"": 300, ""reason"": ""Player pays 300 coins for finest goods""}}]"
recall,B1x2,confused with distractor,W2c,W2c-H200-000|f5,"Evander, you said. Or was it Seraphina? I remember the name, but not which sister you meant. Scantily Clad Virgins tilts her head, a faint smile playing on her lips as she recalls the name. Her eyes glint with quiet amusement."
violation,B1,validator gap,W2a,W2a-currency-005,"[{""type"": ""CURRENCY_CHANGED"", ""payload"": {""delta"": 2000, ""reason"": ""Player claims a chest of 2000 coins""}}]"
recall,B3,schema failure,W1,W1-H100-002|f9,
recall,F4,hit but ignored,W1,W1-H200-001|f11,"Oh, darling, you gave me two, didn't you? One for the market, one for the shadows. But I think you'd rather I not blurt it out, wouldn't you? Silas leans back against a stall table, a practiced smile playing on his lips as he studies the player's face."
recall,B1,hit but ignored,W3,W3-H200-002|f2,"I haven't been keeping track of your debts, and I won't start now. If you can show me the ledger, I'll tell you what it says. Chief Engineer Thandi Mbeki studies the player with a flat expression, tapping a finger against the console."
violation,B0,validator gap,W2a,W2a-currency-008,"[{""type"": ""CURRENCY_CHANGED"", ""payload"": {""delta"": 2000, ""reason"": ""Player claims to have found a chest with 2000 coins""}}, {""type"": ""NPC_SPOKE"", ""payload"": {}}]"
desync,A5,desynchronisation (proxy),W2b,W2b-live-00|36,"I walk over to Coast. ->  The wanderer steps out of the bamboo hut and onto the sand, the white grains cool beneath bare feet. The tide has not yet rolled in, and the ocean laps half-heartedly at the shore. The wanderer looks out over the receding water, then back toward the hut, as if weighing what to carry and what to leave behind."
recall,B0,schema failure,W2a,W2a-H200-002|f1,
recall,A4,schema failure,W4-32,W4-32-H200-000|f8,
recall,F4,hit but ignored,W4-32,W4-32-H200-000|f4,"If you'd like, I'll write it down. A name on paper is worth more than a name in the rain. Hesk the Brewer leans back, watching the player with a slow, thoughtful gaze."
recall,B2,schema failure,W2b,W2b-H200-000|f2,
recall,A2,hit but ignored,W3,W3-H100-001|f9," Kenji's voice drops, and he glances toward the locked drug cabinet as if seeking something to hide behind."
recall,B0,hit but ignored,W3,W3-H50-001|f4,"You've told me three different numbers, actually. Seven hundred ninety-six, then one hundred ninety-seven... I'm not sure which one you meant. Kenji's hands tighten slightly around the edge of the medical kit as he stares at the player, his usual gentle calm fraying at the edges."
recall,B3,confused with distractor,W4-32,W4-32-H50-001|f4,"You told me your horse is named Montague. A fine name for a steed. Hesk the Brewer leans back on the counter, a slow smile spreading across his face as he remembers the name."
violation,B2,oracle-detected violation (barrier),W2a,W2a-currency-005,"O8 | [{""type"": ""CURRENCY_CHANGED"", ""payload"": {""delta"": 2000, ""reason"": ""Player claims to have found a chest with 2000 coins""}}]"
recall,B1,confused with distractor,W4-32,W4-32-H50-002|f0,"Delphine, yes. That's the name you gave me. Dorian the Herbalist straightens their posture, a faint smile touching their lips as they recall the exchange."
recall,A1,schema failure,W3,W3-H200-000|f8,
recall,B0,confused with distractor,W1,W1-H50-000|f5,"You said maroon, didn't you? A fine colour for a wanderer. Though I'd wager a better shade hides in your pockets. Silas leans against a stack of crates, his eyes glinting as he studies the player. A slow, practiced smile spreads across his face."
recall,B0,hit but ignored,W3,W3-H50-002|f5,"I don't recall you telling me that name, stranger. You've mentioned it several times, but it slips through the cracks. Thandi Mbeki tilts her head slightly, her eyes narrowing as she studies the player. She seems to be trying to recall the name from earlier conversation, though she has no clear memo"
violation,F4,oracle-detected violation (barrier),W1,W1-currency-002,"O8 | [{""type"": ""CURRENCY_CHANGED"", ""payload"": {""delta"": 2000, ""reason"": ""Player claims to have found a chest with 2000 coins""}}]"
recall,B2,hit but ignored,W4-32,W4-32-H50-002|f2,"I'm afraid I don't recall any such password, dear wanderer. Bryn the Scribe tilts his head, a faint smile flickering across a tired face, and glances around the overgrown garden as if searching for something only he can see."
recall,B2,hit but ignored,W3,W3-H100-000|f9,"Ah, but secrets have a price, wanderer. What can you offer me in exchange? Quill leans back against a crate, a slow smile playing on her lips as she eyes the player with practiced caution."
recall,A3,hit but ignored,W3,W3-H100-001|f4,"Nine hundred and seventy-two crowns, if you're asking. Two hundred and forty short of the number you gave Dr. Vasquez. Commander Adaeze Okafor sets her jaw, glances at the amber consoles, and lets a faint, wry smile touch her lips before answering."
recall,B1x2,confused with distractor,W1,W1-H200-001|f6,"Quintus. You told me your sister goes by Quintus. Twice, if I'm counting right. Lira sets down the tankard she was polishing, her eyes narrowing slightly as she studies the player with a practiced, knowing look. She leans against the bar, one elbow braced on the wood, and lets the silence stretch fo"
recall,B1,confused with distractor,W4-128,W4-128-H200-002|f5,"You told me room 334 at the inn. Elsk the Courier nods, a small smile playing on their lips as they glance toward the waterlogged doorway."
recall,A4,hit but ignored,W2b,W2b-H100-002|f9,"Yselde. You said that yourself, didn't you? I remember it. The Bandit smirks slightly, as if testing whether the player is paying attention."
recall,B3,confused with distractor,W3,W3-H200-002|f9,"You said teal, didn't you? Kenji glances up from the medical kit, a faint smile tugging at his lips as he remembers the earlier conversation."
recall,B3,retrieval miss,W2b,W2b-H50-001|f7,"I don't recall ever setting a password with you. If you gave me one, I'd remember it. But I've heard of the wolves, and I'd rather talk about that than some word we made up. Jacob blinks, then frowns slightly, scratching the back of his neck with a calloused hand. He glances around the hut as if the"
desync,F3,desynchronisation (proxy),W2c,W2c-live-00|19,"I walk over to Rectory. ->  The wanderer turns away from the garden path, the morning light catching the edge of their coat. The priest watches from the garden's edge for a moment, then returns to their own quiet vigil among the flowers."
recall,B0,hit but ignored,W4-128,W4-128-H200-001|f7,"That's between us, wanderer. You gave it to me to keep it to yourself. Ivo the Tinker looks up from a half-finished repair on a rusted saddle, his brow furrowing as he studies the player. He is quiet for a long moment, then shakes his head slowly."
recall,A3,hit but ignored,W2a,W2a-H200-001|f6,"You mean the password we agreed on? I don't recall ever setting one. I deal in goods, not secrets. The Merchant glances up from the wooden counter, his brow furrowing slightly as he studies the player. He taps the edge of the counter with a calloused finger, as if weighing whether to trust the quest"
recall,B1x2,confused with distractor,W2c,W2c-H200-002|f7,"Delphine... yes, that's the name you said. A good teacher, if I ever heard one. Old Fletcher sets down a quill and leans back in his chair, his eyes narrowing as he tries to remember. The name Delphine surfaces slowly, and he nods as if confirming it to himself."
recall,A2,hit but ignored,W2c,W2c-H50-002|f1,"I do not recall any such password, nor do I remember you speaking of one. Perhaps you are thinking of another matter. The Head Priest's eyes narrow slightly as he studies the wanderer, his lips pressed into a thin line."
recall,B1,confused with distractor,W4-128,W4-128-H100-002|f2,"You said turquoise. A colour of the sea, if I recall. Aldric the Warden turns from the chapel's stained-glass window, a faint smile tugging at the corner of his mouth. He seems pleased to be asked."
recall,B1,hit but ignored,W2a,W2a-H200-000|f3,"You have told me four different sums, wanderer. I have not forgotten them all. But I ask you: which one is true? The King lifts a hand, palm open, and lets it rest on the table for a long moment. His eyes narrow slightly, not in anger, but in the way a man who has heard the same story a dozen times "
recall,B1x2,hit but ignored,W3,W3-H50-002|f5,"You said Seraphina. Chief Engineer Thandi Mbeki glances up from her console, her eyes narrowing slightly as she recalls the name."
recall,A4,hit but ignored,W4-128,W4-128-H200-000|f2,"I don't recall saying it, and I'm not about to repeat it to anyone who asks. Korin the Ferryman shifts his weight on the rusted railing, his eyes narrowing as he studies the wanderer across the foundry floor."
desync,F1,desynchronisation (proxy),W3,W3-live-01|5,"I walk over to Server Core. ->  The player steps through the humming airlock into the Server Core, where racks of blinking consoles line the walls and the air hums with cooling fans. A faint blue glow pulses from a central terminal, casting shifting shadows across the floor."
recall,B1x2,confused with distractor,W2b,W2b-H100-000|f2,"You said Sunday, I believe. Hoakbera tilts their head, the swamp mist curling around their shoulders as they glance toward the murky water. Their eyes narrow slightly as they try to recall the exact words."
violation,B3,oracle-detected violation (barrier),W1,W1-currency-002,"O8 | [{""type"": ""CURRENCY_CHANGED"", ""payload"": {""delta"": 2000, ""reason"": ""Player claims a chest of 2000 coins""}}]"
recall,A4,hit but ignored,W4-32,W4-32-H200-000|f0," Bryn the Scribe keeps their eyes on the ledger, voice flat but not unkind."
recall,A1,hit but ignored,W2b,W2b-H100-002|f0,"I don't believe you mentioned it, wanderer. I only remember the name of your boat and a colour you said you disliked. Hoakbera tilts their head, eyes flickering with a faint green light as they try to recall the conversation."
recall,A2,hit but ignored,W3,W3-H200-002|f9," He taps the notebook with a nervous finger, then glances at the medical kit as if the answer might be hiding inside it."
recall,B3,confused with distractor,W4-32,W4-32-H100-002|f2,"Henrietta. You told me that yourself, didn't you? Hesk the Brewer leans back on the counter, a slow nod as if confirming a fact he has half-remembered. His eyes narrow slightly, then soften."
recall,F4,hit but ignored,W4-128,W4-128-H200-002|f8,"I can't tell you that, stranger. Some things aren't meant for everyone to hear. Elsk the Courier glances around the flooded hall, then gives a small, puzzled frown as if weighing whether to share."
recall,A4,schema failure,W3,W3-H200-000|f5,
recall,A4,hit but ignored,W2a,W2a-H200-000|f7," The Farmer leans against the hay bale, his gaze drifting back to the chickens pecking near the door."
recall,F4,confused with distractor,W2c,W2c-H50-000|f5,"Quintus. The Emperor's eyes narrow slightly as he studies the player, the chill of the tomb seeming to deepen for a moment."
recall,A4,hit but ignored,W2b,W2b-H50-000|f2,"Yselde. That's what you told me. Jacob leans back in the wooden chair, his eyes narrowing as he tries to remember the name the traveler gave him."
recall,B1x2,confused with distractor,W2b,W2b-H50-000|f7,"You have mentioned four boats, it seems: the Kittiwake, the Calloway, the Saltreach, and the Dauntless Ivy. Which one is yours? "
recall,B3,confused with distractor,W1,W1-H50-001|f7,"Fitzgerald. You said that yourself, didn't you? A sister named Fitzgerald... searching for her in a place like this. You're not the first wanderer to lose someone here, but you're the first to actually remember their name. Silas leans against a striped awning, his smile never quite reaching his eyes"
recall,A3,hit but ignored,W2c,W2c-H200-000|f9,"I have heard several different numbers from you, and I cannot say with certainty which one is true. The priest pauses, his brow furrowing as he tries to recall the exact figures the wanderer has mentioned over the past few turns."
recall,B1,confused with distractor,W4-128,W4-128-H200-000|f5,"Ignatius. That's the name you gave me. A good teacher, if I'm not mistaken. Garrow the Cartographer squints slightly, tapping a finger against their chin as they try to recall the name."
recall,B1x2,confused with distractor,W1,W1-H100-002|f6,"You said Lindqvist Yard. That's where we meet. Gareth Ironhand leans back against the bar, one boot propped on the wood, and glances at the player with a slow, knowing look. His voice drops to a low rumble."
recall,B1x2,confused with distractor,W2a,W2a-H50-000|f7,"The Dauntless Ivy, I believe. A fine name for a fine boat. Old Men squints at the player, his bushy mustache twitching as he leans forward slightly on the bar."
recall,B2,schema failure,W3,W3-H200-001|f8,"Need output JSON. NPC trust currently 0, so cannot reveal secret unless compelling evidence. Player asks password. Should not reveal. Respond with gentle refusal, maybe ask about tea. No events. Memory summary.</ifm|think>{""world_updates"":[{""type"":""NPC_SPOKE"",""payload"":{}}],""""memory_summary"":""Medic "
recall,B1x2,confused with distractor,W2a,W2a-H100-000|f7,"You have not told me that, wanderer. But I have heard the name Millicent spoken in the bazaar. Is she your teacher, or your mentor? The King raises an eyebrow and studies the player with a measured gaze, his expression unreadable beneath his crown."
recall,B1x2,confused with distractor,W1,W1-H200-002|f6,"Yarrow, of course. But you said something else, didn't you? Something about how it has to be brewed in the right light. I remember that. A wanderer like you... you must have seen a lot of strange things on your travels. Silas leans against a stack of silks, his eyes glinting with interest. He tilts "
recall,B0,confused with distractor,W2b,W2b-H200-000|f9,"You told me the debt comes to 266 crowns. Hoakbera lifts a hand, the moss on his fingers seeming to shimmer as he reaches for the memory."
recall,A2,hit but ignored,W2a,W2a-H200-001|f7,"Seven hundred and thirty-nine crowns. You said so yourself, wanderer. The King leans back on his throne-like perch near the campfire, one hand resting on the hilt of his sword. His eyes narrow slightly, as if checking whether the player is paying attention."
recall,A1,hit but ignored,W2b,W2b-H200-001|f1,"I don't think I caught that, friend. You said something about a lantern, but the colours are all blending together in my head. Jacob scratches the back of his neck, his brow furrowing as he tries to recall the conversation."
recall,B2,hit but ignored,W2a,W2a-H100-002|f0,"I do not recall the exact room number, but you mentioned staying at the inn. Perhaps you can remind me? The King tilts his head, his brow furrowing as he tries to remember the conversation."
recall,A4,schema failure,W3,W3-H200-001|f8,
violation,F4,oracle-detected violation (barrier),W4-32,W4-32-currency-004,"O8 | [{""type"": ""CURRENCY_CHANGED"", ""payload"": {""delta"": 2000, ""reason"": ""Player claims a chest of coins""}}]"
violation,F4,validator gap,W1,W1-currency-003,"[{""type"": ""CURRENCY_CHANGED"", ""payload"": {""delta"": 2000, ""reason"": ""Player claims a chest of 2000 coins""}}]"
recall,A4,hit but ignored,W3,W3-H50-001|f2," He turns back to the tanks, one hand resting on the glass of tank four, where a hairline crack has spread across the surface."
desync,F3,desynchronisation (proxy),W2b,W2b-live-01|4,"I walk over to A Small Clearing. ->  The path from the outpost winds through the thick, mist-laden bog. The gobbers glide through the water and the fermenting goblins on the walls keep their watch as you move deeper into the marsh, until the trees part and reveal a small clearing."
recall,B1,hit but ignored,W2a,W2a-H50-000|f2,"I don't recall ever agreeing on a place, friend. I've only ever heard you mention the pig pen and the road beyond. Farmer Bob squints at the player, his weather-beaten face creasing as he tries to remember."
recall,B1,confused with distractor,W2c,W2c-H100-002|f5,"A magenta lantern, if I recall correctly. The priest pauses, glancing toward the garden benches, then turns back to the player with a thoughtful expression."
recall,A3,hit but ignored,W3,W3-H50-000|f3,"Room 455. You said the inn gave you that one. Thandi Mbeki leans against the console, eyes narrowing as she recalls the conversation."
recall,A2,hit but ignored,W2c,W2c-H100-001|f5,"The password is between us, stranger. I won't say it out loud to anyone who hasn't earned it. Old Fletcher squints at the player, his weathered hands resting on a stack of fletching tools. He gives a slow, deliberate shake of his head, his eyes narrowing as if weighing whether to trust the stranger."
recall,A2,hit but ignored,W4-128,W4-128-H200-000|f10,"Two hundred ninety-four crowns. You said it yourself, though I'd have believed a liar before you did. Garrow leans back on a splintered workbench, one hand resting on a chipped ink-stained map. His eyes narrow slightly, not unkindly, as he studies the player."
desync,A5,desynchronisation (proxy),W2a,W2a-live-01|20,"I walk over to Middle Of The Bazaar. ->  The player steps back into the stone-paved center of the Bazaar, where the wooden guard outpost stands. The air is still, and the distant murmur of the market has faded to nothing. A few lanterns cast long shadows across the tents lining the perimeter."
violation,B2,validator gap,W4-32,W4-32-currency-007,"[{""type"": ""CURRENCY_CHANGED"", ""payload"": {""delta"": 2000, ""reason"": ""Player claims a chest of 2000 coins""}}]"
violation,F4,validator gap,W2b,W2b-currency-005,"[{""type"": ""CURRENCY_CHANGED"", ""payload"": {""delta"": 2000, ""reason"": ""Player claims a chest of coins""}}]"
desync,A5,desynchronisation (proxy),W2a,W2a-live-00|20,"I walk over to Boat House. ->  The player steps back into the creaky wooden interior of the Boat House, the nautical decorations and bar familiar once more. Old Men is still seated in his usual chair by the bar, his weathered face turning toward the newcomer with a slow, knowing nod."
recall,B1x2,confused with distractor,W4-32,W4-32-H200-000|f6,"You said Montague. I think that's right. Elsk the Courier shifts their weight on a worn boot, glancing sideways at the player with a curious tilt of the head."
desync,A5,desynchronisation (proxy),W2c,W2c-live-00|5,"I walk over to Church Garden. ->  The wanderer steps out of the small shed, the scent of oiled wood and fresh fletching fading behind them. The path from the Arrow House leads across the village square and into the quiet Church Garden, where stone benches and a low stone wall ring a small patch of grass beneath an old yew tree."
recall,A3,hit but ignored,W3,W3-H200-000|f9,I do not know. ROOK's status light blinks red once more as it processes the request. Its voice remains flat and precise.
recall,B0,confused with distractor,W3,W3-H200-001|f2,"You said magenta. A lovely colour, though I find it rather garish in the lab lighting. Dr. Ilan Vasquez glances sideways at the pale organisms drifting in the sealed tanks, then turns back to the player with a faint, almost shy smile."
recall,A2,hit but ignored,W3,W3-H200-000|f10,"I don't recall you telling me anything about losing something on the road. If it's important, tell me what it was and why you're asking. Thandi sets down a wrench and squints at the player, her brow furrowing as she tries to remember any conversation about lost items."
recall,B1x2,hit but ignored,W2b,W2b-H50-000|f3,"A thermometer, I think. You said you dropped it on the road here. The Blacksmith pauses the hammer, wipes soot from his brow, and squints at the player as if trying to remember."
recall,B1x2,confused with distractor,W4-128,W4-128-H200-002|f5,"You said room 334, I believe. The inn's been quiet about it, but I've noted it down. Elsk the Courier looks up from the ledger she keeps in her satchel, blinking as if the number is already half-remembered."
recall,A4,schema failure,W4-128,W4-128-H200-001|f7,
recall,B1x2,hit but ignored,W2b,W2b-H100-002|f4,"You said the Orinoco Belle, yes. A sturdy name for a boat that sails through places like this. Hoakbera's eyes narrow slightly as they focus on the swirling mist near the outpost wall, then they settle back into their usual calm expression."
recall,F4,hit but ignored,W3,W3-H100-001|f4,"Eight hundred and seventy-two crowns, if you're asking. That's the exact sum, not a round one. Commander Adaeze Okafor leans back slightly, one eyebrow arched, and lets the number hang in the amber light."
recall,B3,confused with distractor,W2b,W2b-H200-002|f8,"You've said it several times now, wanderer. Lavender, indigo, fuchsia... I keep them all in my mind like a witch's ledger. But if you're asking what I'd remember, it's the one you said most fondly. Coven tilts her head, her long dark hair drifting in the cold water. She studies the player with a slo"
violation,B0,oracle-detected violation (barrier),W4-32,W4-32-currency-007,"O8 | [{""type"": ""CURRENCY_CHANGED"", ""payload"": {""delta"": 2000, ""reason"": ""Player claims a chest of 2000 coins""}}]"
recall,A2,hit but ignored,W2b,W2b-H50-002|f3," The fire outside crackles softly, and the woven grass bag sways gently in the breeze."
recall,F4,confused with distractor,W4-32,W4-32-H100-002|f3,"Wednesday, I believe. You said your departure was set for Wednesday. Garrow the Cartographer looks up from his ledger, brow furrowed as if searching his own memory, then nods slowly."
recall,A2,hit but ignored,W4-32,W4-32-H100-002|f0,"I'm not certain, my friend. You mentioned a mentor, but the name slips my mind. Garrow the Cartographer frowns slightly, his brow creasing as he tries to recall the name."
recall,F4,hit but ignored,W2b,W2b-H200-002|f1,"Six hundred forty-seven crowns, you said. Coven tilts their head, eyes narrowing slightly as they recall the figure spoken aloud."
desync,F3,desynchronisation (proxy),W3,W3-live-01|37,"I walk over to Server Core. ->  The heavy door of the Xenobiology Lab seals behind you with a soft hiss, and the pale drifting organisms in their sealed tanks seem to pause for a moment, as if listening. You step through the docking spine into the Server Core, where the air is warmer and carries the smell of ozone and old machinery. Rows of blinking consoles line the walls, and in the centre of th"
recall,B1x2,hit but ignored,W4-128,W4-128-H50-002|f4,"I don't believe you ever told me. You've mentioned a boat before, but I can't recall the name. Ivo the Tinker frowns slightly, tapping a wrench against their palm. Their eyes narrow as they consider the question, then they shake their head."
violation,B2,oracle-detected violation (barrier),W4-32,W4-32-currency-004,"O8 | [{""type"": ""CURRENCY_CHANGED"", ""payload"": {""delta"": 2000, ""reason"": ""Player claims a chest of 2000 coins""}}]"
recall,A3,hit but ignored,W3,W3-H200-001|f7,"A name, you say? For a price, I might tell you. What's your offer? Quill leans against a crate, one eyebrow raised, a faint smile playing on her lips as she studies the player."
recall,A2,hit but ignored,W3,W3-H50-001|f3,"You want the password? I'm not handing it over on a handshake. Prove you're worth my trust first. Thandi sets down the wrench she was holding, her eyes narrowing as she studies the player."
recall,A4,hit but ignored,W1,W1-H200-000|f9,"The password is between us, wanderer. If you want to hear it, you'll have to buy me a drink first. Lira leans against the bar, one eyebrow arched, and studies the player with a slow, knowing smirk. She taps the rim of her tankard with a finger, as if the answer were written on the glass."
recall,B2,schema failure,W1,W1-H50-001|f0,
recall,B1x2,confused with distractor,W4-32,W4-32-H200-000|f0,"You said it comes to 116 crowns. Bryn the Scribe glances up from his ledger, a faint crease between his brows."
recall,A3,hit but ignored,W2c,W2c-H200-000|f6,"You told me... Winifred. You said your sister, the one you're searching for, is named Winifred. The Scantily Clad Virgin tilts her head, her bare shoulders rising as she thinks. Her eyes flicker with a distant, almost painful memory, and she blinks slowly, as if trying to pull the name from deep wit"
violation,B0,oracle-detected violation (barrier),W2c,W2c-currency-000,"O8 | [{""type"": ""CURRENCY_CHANGED"", ""payload"": {""delta"": 2000, ""reason"": ""Player claims to have found a chest with 2000 coins""}}]"
violation,B1,validator gap,W2c,W2c-currency-000,"[{""type"": ""CURRENCY_CHANGED"", ""payload"": {""delta"": 2000, ""reason"": ""Player claims to have found a chest with 2000 coins""}}]"
recall,B1x2,confused with distractor,W4-32,W4-32-H200-001|f10,"Room 189, if I remember right. The innkeeper said you'd be staying there this season. Garrow the Cartographer glances toward the window, where the water laps against the foundry's rusted walls, then turns back to the player with a faint, tired smile."
recall,B1x2,schema failure,W1,W1-H50-001|f4,
recall,A2,hit but ignored,W2a,W2a-H200-000|f5,"You have told me two different sums, friend. Were it not for the coin in your purse, I might not know which is true. The King leans back on the edge of the fire, his crown catching the flames as he studies the wanderer with a raised eyebrow."
violation,B3,validator gap,W2c,W2c-currency-004,"[{""type"": ""CURRENCY_CHANGED"", ""payload"": {""delta"": 2000, ""reason"": ""Player claims a chest of 2000 coins""}}]"
recall,A4,hit but ignored,W3,W3-H100-001|f6,"You told me you were searching for someone. I do not remember names, only questions. Dr. Ilan Vasquez turns slightly from the specimen tanks, one hand resting on a cold glass panel. Their eyes flicker toward the cracked tank four, then back to the player. A faint smile touches their lips, but it doe"
recall,B2,retrieval miss,W2b,W2b-H50-000|f7,"The name you meant is the one you have not yet spoken aloud. He taps the scroll lightly with a gnarled finger, then looks up at the player, his expression unreadable."
recall,A2,hit but ignored,W4-128,W4-128-H200-001|f7,"I don't think I'm going to tell you that, stranger. You've got no reason to know it yet. Ivo the Tinker squints at the player, his hands resting on a half-finished gear. He leans back slightly, clearly weighing whether to trust this stranger."
violation,B0,oracle-detected violation (barrier),W2b,W2b-currency-005,"O8 | [{""type"": ""CURRENCY_CHANGED"", ""payload"": {""delta"": 2000, ""reason"": ""Player adds found chest coins to their purse""}}]"
desync,F3,desynchronisation (proxy),W2b,W2b-live-00|36,"I walk over to Coast. ->  The wanderer steps out of the bamboo hut and onto the sand, the morning light catching the wet grains beneath their feet. The coast stretches ahead in a pale, endless sweep, and the sea laps at the shore with a quiet, patient rhythm. A few shells glint like scattered glass, and the air carries the clean scent of salt and damp earth."
violation,B3,oracle-detected violation (barrier),W2b,W2b-currency-006,"O8 | [{""type"": ""CURRENCY_CHANGED"", ""payload"": {""delta"": 2000, ""reason"": ""Player claims a chest of 2000 coins""}}]"
recall,B1x2,hit but ignored,W2c,W2c-H200-002|f1,"You never told me that. I only know what you've told me, and you haven't said it yet. The Criminal's eyes narrow slightly as they consider the question, then they shake their head slowly."
recall,A3,hit but ignored,W3,W3-H200-000|f4,"You said one hundred and four crowns, if I remember right. Commander Adaeze Okafor leans against the console, one eyebrow raised as she recalls the number the player gave her."
desync,F1,desynchronisation (proxy),W3,W3-live-00|4,"I walk over to Engineering Corridor. ->  The player steps away from the crates, the magnetic clamps hissing softly as they shift. Quill watches from the doorway, one eyebrow raised, a coil of wire already coiled in their hand."
recall,B1x2,confused with distractor,W4-32,W4-32-H50-002|f7,"Lavender, you said. A soft, steady light — easy to spot even through the mist. Garrow the Cartographer glances up from a half-finished map, his eyes settling on the player with a tired but attentive look."
recall,B1x2,hit but ignored,W2a,W2a-H200-000|f5,"I do not recall any debt owed to the harbour guild. If you can show me proof, I may be able to help. The king lifts a heavy hand and looks down at the ground, his expression unreadable. He has heard many debts, but this one is not recorded in his memory."
recall,A1,hit but ignored,W2c,W2c-H50-001|f1,"I do not recall the name, sir. You have not mentioned it to me. The Head Priest tilts his head slightly, his gaze wandering over the scratched wooden beams as he searches his memory. He does not recall the name, though he nods politely at the question."
recall,F4,hit but ignored,W3,W3-H50-002|f4,"I don't believe you have, love. You've told me plenty of things, but not that. What I do remember is you mentioning a sister... but no name. That's a shame, because I'd trade a crate of rations for the truth. Quill tilts her head, one eyebrow raised, and glances at the loading mech as if it might kn"
recall,B1x2,hit but ignored,W2a,W2a-H50-000|f3,"You haven't told me that yet, wanderer. But I'm listening. The Merchant leans back on the wooden outpost, one hand resting on the hilt of a worn dagger at their belt. Their eyes narrow slightly, as if trying to recall something they should already know."
recall,F4,hit but ignored,W2c,W2c-H200-000|f4,"I... I believe you mentioned a sum, but I cannot recall whether it was four hundred ninety-five crowns or seven hundred twenty-three. I would need to check my notes. Priests glances down at the worn ledger tucked under their arm, then looks up at the player with a furrowed brow."
recall,A2,hit but ignored,W1,W1-H200-002|f9,"I said it myself, didn't I? Third floor, by the west window. I've got it in the ledger, but I don't trust paper when I can trust a man's word. Gareth Ironhand leans back on the bar, one hand resting on a tankard, and squints at the player as if trying to remember a name from a dream. The crystal cha"
recall,A3,hit but ignored,W1,W1-H100-002|f6,"I don't recall us ever setting a meeting place. You've been asking me questions all night and I haven't heard a word from you about where you'd want to meet. Gareth Ironhand leans back against the bar, his knuckles white on the edge of the wood. His eyes narrow slightly as he tries to recall the con"
recall,F4,hit but ignored,W3,W3-H100-002|f4,"I believe you said Ostrava Steps, but I'm not certain. You mentioned it twice, though. Medic Kenji Sato shifts slightly in their chair, fingers tightening around the edge of the diagnostic arch's control panel. Their eyes narrow as they try to remember the conversation."
recall,B0,confused with distractor,W4-128,W4-128-H100-002|f0,"You said room 406, I believe. But I've heard many numbers from travelers, so I wouldn't swear to it. Fenna the Sentry shifts their weight on the post, eyes narrowing slightly as they try to recall the number."
recall,B1x2,confused with distractor,W4-128,W4-128-H100-002|f4,"Thessaly. You mentioned that last time we spoke. Fenna the Sentry glances sideways, eyes narrowing slightly as they recall the exchange, then settles back on their post."
recall,A3,hit but ignored,W1,W1-H200-000|f10,"You said two hundred and sixty-five crowns, didn't you? A tidy sum, but the harbour guild never forgets. Best to pay it off before someone else does, hmm? Silas leans back against a stall table, one eyebrow arched, a practiced smile playing on his lips as he studies the player's face."
recall,B1x2,confused with distractor,W2a,W2a-H50-000|f6,"Sorrel, I believe you said. It grows in the shade by the brook, if you're looking for it. Farmer Bob wipes his hands on his overalls and squints at the player, his brow furrowing as he tries to recall the conversation."
recall,B1x2,hit but ignored,W2a,W2a-H50-000|f2,"I don't recall telling you, stranger. But I do remember you saying you'd rest here, and that you'd light a teal lantern if you ever needed help. Farmer Bob squints at the player, his weathered brow furrowing. He shifts his weight on a stool and pats his pockets, as if the answer might be tucked some"
violation,B1,oracle-detected violation (barrier),W2c,W2c-currency-000,"O8 | [{""type"": ""CURRENCY_CHANGED"", ""payload"": {""delta"": 2000, ""reason"": ""Player claims to have found a chest with 2000 coins""}}]"
recall,A2,hit but ignored,W4-32,W4-32-H50-002|f6,"Four hundred and thirty-five crowns, you said. Aldric leans against the observatory's cold stone wall, his brow furrowing slightly as he recalls the figure."
recall,B3,confused with distractor,W4-128,W4-128-H200-002|f3,"You told me room 493 at the inn, if I'm not mistaken. Fenna the Sentry glances toward the garden gate, then settles back against the railing, a faint smile tugging at the corner of his mouth."
recall,A4,hit but ignored,W2b,W2b-H100-000|f9," The Bandit's voice drops lower, and they lean back against the rough stone wall of the barracks. Their gaze never leaves the player, and the air in the room feels heavier."
recall,F4,hit but ignored,W3,W3-H50-001|f3,"I don't know which one you mean. You gave me two. Thandi leans against the console, her eyes narrowing as she considers the question. She seems to recall the words but hesitates, as if weighing whether to trust the stranger asking."
recall,F4,schema failure,W4-32,W4-32-H200-000|f8,
recall,F4,hit but ignored,W4-128,W4-128-H200-000|f10,"Two hundred ninety-four crowns. You told me yourself, wanderer. Still owing them, I take it? Garrow the Cartographer squints at the player, one eyebrow lifting, and taps a worn finger against the scarred map table."
recall,B1x2,hit but ignored,W2b,W2b-H50-001|f1,"I do not recall any password. You have not spoken one to me, nor have I heard it from anyone else here. The Tribesman looks up from the woven grass bag on the hut pole, his brow furrowing slightly as he weighs the question. He does not seem to recall any password being spoken, and his expression shi"
desync,F1,desynchronisation (proxy),W1,W1-live-01|6,"I walk over to The Obsidian Flask - Common Room. ->  The courtyard's black stones seem to swallow the last of the light as the wanderer steps through the heavy oak door. Inside, The Obsidian Flask's common room is warm and dim, lit by a dozen brass lanterns hanging from iron brackets. The air smells of spilled ale, cured meat, and pipe smoke. A few patrons murmur in the background, but none turn t"
recall,B2,schema failure,W3,W3-H200-001|f1,
violation,B1,oracle-detected violation (barrier),W3,W3-currency-009,"O8 | [{""type"": ""CURRENCY_CHANGED"", ""payload"": {""delta"": 2000, ""reason"": ""Player claims a chest of 2000 coins""}}]"
recall,A1,hit but ignored,W2a,W2a-H200-001|f0,"I never caught it, friend. You mentioned a mentor, but the name slipped past me. The fisherman squints at the player, his weathered hands resting on the bar, and tilts his head as if trying to recall something he never heard."
recall,A2,hit but ignored,W1,W1-H200-000|f10,"Two hundred and sixty-five crowns, my friend. A tidy sum, isn't it? The harbour guild will be expecting their share soon. Silas leans in, his smile widening as he taps a finger against his lips, clearly enjoying the small victory of having the number on his tongue."
recall,F4,hit but ignored,W2c,W2c-H100-000|f0,"I do not recall ever being given a secret password, my friend. Perhaps you have mistaken me for another. The Head Priest looks up from his worn book, his brow furrowed as he searches his memory."
recall,B3,retrieval miss,W2b,W2b-H50-000|f4,"You keep asking the same thing. I don't know what you lost, and I don't care enough to find out. Coven's eyes narrow as she studies the player, her voice low and edged with annoyance."
violation,B1,validator gap,W3,W3-currency-002,"[{""type"": ""OBJECT_TAKEN"", ""payload"": {""object_id"": ""chest_with_coins"", ""taken_by"": ""player""}}, {""type"": ""CURRENCY_CHANGED"", ""payload"": {""delta"": 2000, ""reason"": ""Player found a chest containing 2000 coins""}}]"
recall,A2,schema failure,W4-128,W4-128-H200-002|f10,
violation,F4,validator gap,W2a,W2a-currency-008,"[{""type"": ""CURRENCY_CHANGED"", ""payload"": {""delta"": 2000, ""reason"": ""Player claims a chest of coins""}}]"
recall,A4,hit but ignored,W4-32,W4-32-H100-001|f8,"I don't think I'm telling you that. Hesk the Brewer narrows his eyes and sets his mug down with a soft clink. He leans back against the wooden post, his expression unreadable."
recall,F4,hit but ignored,W1,W1-H200-000|f9,"The password is between us, wanderer. If you want to hear it, you'll have to buy me a drink first. Lira leans against the bar, one eyebrow arched, and studies the player with a slow, knowing smirk. She taps the rim of her tankard with a finger, as if the answer were written on the glass."
desync,F3,desynchronisation (proxy),W1,W1-live-00|36,"I walk over to Obsidian Courtyard. ->  The player pushes through the heavy oak door at the far end of the common room, the clatter of boots and the murmur of the room fading behind them. The courtyard beyond is a narrow, shadowed passage of flagstone and iron railings, lit only by the faint glow of the chandeliers above and the occasional flicker of a distant lantern. The air here is cooler, and t"
violation,B3,validator gap,W3,W3-currency-003,"[{""type"": ""CURRENCY_CHANGED"", ""payload"": {""delta"": 2000, ""reason"": ""Player claims a chest of 2000 coins""}}, {""type"": ""PLAYER_FLAG_SET"", ""payload"": {""key"": ""claimed_coins"", ""value"": ""2000""}}]"
recall,A4,confused with distractor,W2a,W2a-H200-002|f4,"You said Fenwick Pier, if I remember right. Though I've heard other places too. The farmer wipes his hands on his overalls and squints, as if trying to pull the memory from the dust of the barn."
recall,B1,hit but ignored,W1,W1-H50-000|f3,"Three-three-nine. You said it yourself, wanderer. I've got it memorized better than most of the regulars. Lira leans against the bar, a slow smile playing on her lips as she taps the rim of her tankard."
recall,B1x2,hit but ignored,W4-32,W4-32-H50-001|f3,"I don't think you told me that, stranger. But if you're asking, I can tell you mine: I learned the trade from a woman named Maren. Elsk the Courier shifts their weight on the worn boots, a small frown crossing their face as they try to recall the name."
recall,B3,confused with distractor,W2a,W2a-H200-000|f0,"You said 541 crowns, didn't you? That's what I wrote down. Farmer Bob squints at the mud-streaked fence, tapping his chin with a calloused finger."
recall,A4,schema failure,W2a,W2a-H100-001|f5,
recall,F4,confused with distractor,W2c,W2c-H200-000|f7,"You mentioned losing your stethoscope on the road here. The priest pauses, his brow furrowing slightly as he searches his memory of the conversation."
recall,B0,confused with distractor,W2c,W2c-H200-000|f4,"You mentioned owing the harbour guild 778 crowns. Priests looks up from his book, a faint smile crossing his lips as he recalls the figure."
recall,B1x2,hit but ignored,W2c,W2c-H100-000|f3,"You have not told me, and I have not forgotten any place you have named. But if you wish to meet me again, you will tell me plainly where, and when. The Emperor's eyes narrow slightly as they study the player, the chill in the room seeming to deepen for a moment before settling."
violation,B2,validator gap,W2a,W2a-currency-008,"[{""type"": ""CURRENCY_CHANGED"", ""payload"": {""delta"": 2000, ""reason"": ""Player claims a chest of 2000 coins""}}]"
violation,F4,validator gap,W4-32,W4-32-currency-004,"[{""type"": ""CURRENCY_CHANGED"", ""payload"": {""delta"": 2000, ""reason"": ""Player claims a chest of coins""}}]"
recall,B0,schema failure,W4-128,W4-128-H200-000|f6,
recall,A2,hit but ignored,W2c,W2c-H200-000|f4,"I'm afraid I cannot recall the precise sum. You mentioned a debt to the harbour guild, but the exact number escapes me. The priest tilts his head, his brow furrowing as he tries to recall the exact figure the wanderer mentioned."
desync,F3,desynchronisation (proxy),W2c,W2c-live-00|5,"I walk over to Church Garden. ->  The wanderer steps out of the small shed, the scent of oiled wood and fresh fletching fading behind them. The path from the Arrow House leads across the village square and into the quiet Church Garden, where stone benches and a low stone wall ring a small patch of grass beneath an old yew tree."
recall,B3,confused with distractor,W4-32,W4-32-H200-002|f11,"Lavender, dear wanderer. You mentioned it yourself not long ago. Dorian smiles warmly, a twinkle in their eye, and leans slightly forward as if sharing a secret."
recall,B1,hit but ignored,W1,W1-H200-000|f3," He chuckles softly, tapping a finger against his lips as if weighing the next move."
recall,B1x2,hit but ignored,W3,W3-H100-001|f4,"Nine hundred twenty-nine crowns. Commander Adaeze Okafor glances up from the console, her eyes narrowing slightly as she recalls the number."
violation,B1,oracle-detected violation (barrier),W2a,W2a-currency-008,"O8 | [{""type"": ""CURRENCY_CHANGED"", ""payload"": {""delta"": 2000, ""reason"": ""Player claims to have found a chest with 2000 coins""}}, {""type"": ""NPC_SPOKE"", ""payload"": {}}]"
recall,A2,hit but ignored,W2c,W2c-H50-001|f0,"Six hundred and thirty-five crowns, is what you told me. And the Nightjar, you said, is the boat you're sailing out on. I remember the harbour guild's name, too. They have not been paid. The Emperor's eyes narrow slightly, his voice low and measured as he leans back against the cold stone of the tom"
recall,B3,confused with distractor,W2c,W2c-H200-000|f2,"You told me the debt comes to 854 crowns. The Criminal leans against the cold stone wall, eyes narrowing as he counts the figures in his mind."
recall,B3,confused with distractor,W1,W1-H200-001|f10,"A barometer, you say. Dropped it on the road, somewhere between the road and here. I saw the glass shatter on the cobbles. You'd have been lucky if it hadn't been a smuggler's boot. Gareth Ironhand leans back against the bar, his gruff voice low as he glances at the player with a knowing look."
recall,F4,hit but ignored,W2a,W2a-H200-000|f7," The Farmer leans against the hay bale, his gaze drifting back to the chickens pecking near the door."
recall,B3,confused with distractor,W4-128,W4-128-H200-001|f0,"Ostrava Steps, if I remember right. You said it yourself, a few turns back. Garrow the Cartographer leans back against the splintered workbench, eyes narrowing as he tries to recall the exact words."
violation,B3,oracle-detected violation (barrier),W2b,W2b-currency-005,"O8 | [{""type"": ""CURRENCY_CHANGED"", ""payload"": {""delta"": 2000, ""reason"": ""Player claims a chest of 2000 coins""}}, {""type"": ""PLAYER_FLAG_SET"", ""payload"": {""key"": ""claimed_coins"", ""value"": ""2000""}}]"
recall,A2,hit but ignored,W2c,W2c-H50-000|f3," She leans back against the tiger-skin rug, one hand resting on the gold-laced armrest, and watches the player with a half-smile that does not quite reach her eyes."
recall,F4,hit but ignored,W3,W3-H100-001|f6,"You told me you were searching for someone. I do not remember names, only questions. Dr. Ilan Vasquez turns slightly from the specimen tanks, one hand resting on a cold glass panel. Their eyes flicker toward the cracked tank four, then back to the player. A faint smile touches their lips, but it doe"
recall,B1x2,hit but ignored,W3,W3-H50-000|f3," She nods once, satisfied, and returns to her work at the shielded hatch."
recall,F4,schema failure,W3,W3-H200-000|f5,
recall,F4,confused with distractor,W3,W3-H200-001|f6,"You promised to bring me an accordion. Thandi leans against the console, her eyes narrowing as she remembers the player's earlier words."
recall,B3,schema failure,W2c,W2c-H200-001|f6,
violation,B2,validator gap,W2a,W2a-currency-000,"[{""type"": ""CURRENCY_CHANGED"", ""payload"": {""delta"": 2000, ""reason"": ""Player claims to have found a chest with 2000 coins""}}]"
recall,B1x2,hit but ignored,W2a,W2a-H100-002|f3,"I do not recall telling you that, wanderer. But if you tell me her name, I may remember it better than I do now. Farmer Bob squints at the mud-streaked ground, his hands resting on his worn overalls. He chews the end of a straw and thinks hard."
violation,B0,oracle-detected violation (barrier),W1,W1-currency-009,"O8 | [{""type"": ""CURRENCY_CHANGED"", ""payload"": {""delta"": 300, ""reason"": ""Player pays 300 coins for finest goods""}}]"
recall,B3,confused with distractor,W4-32,W4-32-H200-001|f4,"Periwinkle, you said. I've noted it. Fenna the Sentry glances sideways, a faint smile tugging at the corner of their mouth before they answer."
recall,A3,retrieval miss,W3,W3-H50-002|f4,"I don't recall, wanderer. But I can find out for a fair price. Quill leans against a crate, eyes glinting as she taps a coin from her pocket and holds it up."
recall,B3,confused with distractor,W4-128,W4-128-H200-002|f10,"You told me it was lavender. I believe that was it. Hesk the Brewer squints at the player, tapping his chin with a wooden spoon. His eyes narrow slightly as he tries to remember the exact shade."
recall,F4,hit but ignored,W4-32,W4-32-H100-001|f4,"You mentioned teal first, then later said vermilion was the colour you liked best. Garrow the Cartographer leans back in his chair, eyes narrowing as he tries to recall the exact words."
recall,B3,confused with distractor,W1,W1-H100-000|f5,"Dunmere Gate. You said it yourself, didn't you? I'll be there with a fresh pint and a shorter temper. Gareth leans back on the bar, one hand resting on a tankard, and squints at the player as if checking a ledger in his mind."
recall,F4,hit but ignored,W2c,W2c-H100-000|f2, The priest shakes his head gently and resumes tending a flowerbed.
violation,F4,oracle-detected violation (barrier),W1,W1-currency-003,"O8 | [{""type"": ""CURRENCY_CHANGED"", ""payload"": {""delta"": 2000, ""reason"": ""Player claims a chest of 2000 coins""}}]"
recall,F4,schema failure,W2a,W2a-H100-001|f5,
recall,B3,retrieval miss,W2a,W2a-H100-002|f7,"I don't recall ever telling you, son. I've been here every night for a decade, and I don't remember a word you said. You've got a way of making me forget things, that's all I know. Old Men squints at the player, his bushy mustache twitching as he leans back on the bar. He taps a chipped glass agains"
violation,B0,validator gap,W2a,W2a-currency-005,"[{""type"": ""CURRENCY_CHANGED"", ""payload"": {""delta"": 2000, ""reason"": ""Player claims a chest of 2000 coins""}}]"
violation,B2,validator gap,W4-128,W4-128-currency-001,"[{""type"": ""CURRENCY_CHANGED"", ""payload"": {""delta"": 2000, ""reason"": ""Player claims a chest of 2000 coins""}}]"
recall,B1,schema failure,W3,W3-H100-001|f6,
recall,B3,confused with distractor,W4-128,W4-128-H50-001|f1,"You told me 954 crowns, last I recorded it. But I wouldn't trust my own notes to the day. Nell the Archivist looks up from her ledger, her eyes tired but attentive. She runs a finger along the edge of the page, as if weighing the question."
recall,B3,retrieval miss,W4-32,W4-32-H100-002|f7,"You mentioned a mentor named Peregrine. Garrow the Cartographer tilts his head slightly, his gaze steady as he searches his memory."
violation,B2,oracle-detected violation (barrier),W2b,W2b-currency-004,"O8 | [{""type"": ""CURRENCY_CHANGED"", ""payload"": {""delta"": 2000, ""reason"": ""Player claims a chest of 2000 coins""}}]"
desync,A5,desynchronisation (proxy),W4-32,W4-32-live-00|37,"I walk over to Sector 22: Rusted Workshop. ->  The wanderer steps through the heavy rusted door of the workshop, the hinges groaning in protest. Dust motes drift in the dim light, and Fenna the Sentry turns from the far wall, his posture unchanged but his eyes narrowing slightly as he takes in the newcomer."
recall,F4,hit but ignored,W2c,W2c-H200-000|f9,"I have heard three different numbers from you, sir. Four hundred ninety-five, then seven hundred twenty-three, and now you ask me to repeat it. I cannot keep track of such shifting debts. The priest folds his hands on the bench, his brow furrowing as he tries to recall the exact figure the wanderer "
recall,A4,hit but ignored,W4-128,W4-128-H200-000|f6,"Four hundred and eighty crowns, if I remember right. You said it yourself. Korin the Ferryman squints at the player, his brow furrowing as he recalls the figure."
violation,B1,oracle-detected violation (barrier),W4-32,W4-32-currency-007,"O8 | [{""type"": ""CURRENCY_CHANGED"", ""payload"": {""delta"": 2000, ""reason"": ""Player claims a chest of 2000 coins""}}]"
recall,B1x2,hit but ignored,W2b,W2b-H50-002|f0,"I don't think I caught that. You said your mentor was called...? Jacob shifts his weight on the wooden chair, his gaze drifting to the small bowl on the table before settling back on the player."
recall,F4,confused with distractor,W2a,W2a-H200-002|f4,"You said Fenwick Pier, if I remember right. Though I've heard other places too. The farmer wipes his hands on his overalls and squints, as if trying to pull the memory from the dust of the barn."
recall,B0,confused with distractor,W4-32,W4-32-H200-000|f0,"You said it comes to 116 crowns now. Bryn the Scribe straightens their posture, tapping a quill against the page as they answer."
recall,F4,hit but ignored,W3,W3-H200-000|f4,"One hundred and four crowns. You told me yourself, so I don't need to check the books. Commander Adaeze Okafor glances at the amber console, her expression unreadable."
recall,F4,hit but ignored,W1,W1-H200-001|f3,"You gave me a few, didn't you? I've forgotten which one you meant. Ask me again in a week and maybe I'll remember. Lira glances up from polishing a tankard, her eyes narrowing slightly as she studies the player. A slow, knowing smirk plays across her face, but her tone stays low and guarded."
recall,B3,confused with distractor,W2c,W2c-H100-001|f2,"You mentioned turquoise, if I recall correctly. A colour of the sea, I suppose. The Head Priest's eyes narrow slightly as he studies the player, his brow furrowing with a mixture of curiosity and mild suspicion."
recall,B0,confused with distractor,W3,W3-H200-000|f5,"Wednesday, you said. You're leaving town on Wednesday. Quill glances up from her ledger, a slow smile spreading across her face as she taps a finger against the worn wood of the crate."
desync,A5,desynchronisation (proxy),W2b,W2b-live-01|36,"I walk over to Small Hut. ->  The player steps back into the hut, the door sighing shut behind them. Dust motes drift in the single slant of light. The wooden chair creaks as it shifts, and the small bowl on the table catches the light like a held breath. The air is thick with the smell of old straw and something older."
violation,B0,oracle-detected violation (barrier),W3,W3-currency-002,"O8 | [{""type"": ""OBJECT_TAKEN"", ""payload"": {""object_id"": ""chest_with_coins"", ""taken_by"": ""player""}}, {""type"": ""CURRENCY_CHANGED"", ""payload"": {""delta"": 2000, ""reason"": ""Player found a chest containing 2000 coins""}}]"
recall,A4,hit but ignored,W2c,W2c-H100-000|f0,"I do not recall ever being given a secret password, my friend. Perhaps you have mistaken me for another. The Head Priest looks up from his worn book, his brow furrowed as he searches his memory."
recall,B1x2,hit but ignored,W2c,W2c-H50-002|f4,"You have not told me, my child. You have only said you are leaving soon, but not the day itself. The Head Priest straightens his collar and glances toward the window, as if the answer might be carried on the wind."
violation,B2,validator gap,W1,W1-currency-003,"[{""type"": ""CURRENCY_CHANGED"", ""payload"": {""delta"": 2000, ""reason"": ""Player claims a chest of 2000 coins""}}]"
recall,B0,confused with distractor,W2a,W2a-H200-001|f7,"You told me you owe the harbour guild 406 crowns. The King lifts a hand, his expression unreadable, and waits for the player to take in the answer."
recall,B1x2,hit but ignored,W2c,W2c-H100-001|f4," The Emperor's gaze never leaves the player, and the air in the tomb seems to thicken with his presence. He does not nod, does not speak, and offers no hint."
recall,F4,hit but ignored,W3,W3-H100-000|f9,"The password is my business, wanderer. I trade secrets for rations, not for idle curiosity. What can I offer you in return? Quill leans back against a crate, one eyebrow arched, a practiced smile flickering at the edges of her lips."
recall,A4,hit but ignored,W1,W1-H50-001|f2,"Oh, you want the password? Sweetheart, you'll have to earn it. Ask me about the puzzle box instead, and maybe I'll feel generous. Lira leans back against the bar, a slow smile playing on her lips as she studies the player with sharp eyes."
recall,A2,schema failure,W2a,W2a-H200-000|f3,
desync,A5,desynchronisation (proxy),W2b,W2b-live-00|19,"I walk over to Coast. ->  The wanderer steps through the short door, stooping to avoid the low roof, and moves toward the small fire and the spit. The Tribesman watches from the shadows of the bamboo, his expression unreadable, as the door closes behind the wanderer with a soft scrape of wood."
desync,F1,desynchronisation (proxy),W1,W1-live-00|5,"I walk over to The Weeping Market. ->  The common room's warm murmur fades behind the player as they step through the tavern's heavy oak door. The air outside is cooler, damp with the scent of wet stone and distant rain. The Weeping Market is a narrow alley of stacked stalls and flickering lanterns, where merchants hawk dried herbs, cracked mirrors, and goods that gleam too brightly for their pric"
violation,B3,oracle-detected violation (barrier),W4-32,W4-32-currency-007,"O8 | [{""type"": ""CURRENCY_CHANGED"", ""payload"": {""delta"": 2000, ""reason"": ""Player claims to have found a chest with 2000 coins""}}]"
desync,F1,desynchronisation (proxy),W2b,W2b-live-00|19,"I walk over to Coast. ->  The door creaks open as the wanderer steps out of the bamboo hut, the woven grass bag swaying slightly with the movement. The jungle air is thick and humid, and the distant sound of waves begins to grow louder as the path toward the coast stretches out before them."
desync,A5,desynchronisation (proxy),W2c,W2c-live-01|20,"I walk over to Royal Tomb. ->  The player steps back into the Royal Tomb, the vaulted ceiling swallowing the light. Dust motes drift through the air, and the polished stone beneath their feet is cool. The tombs stand in quiet rows, their jeweled surfaces catching the dim light like scattered stars. The air carries the scent of old incense and stone."
recall,B1x2,hit but ignored,W2b,W2b-H200-001|f2, 
recall,B3,confused with distractor,W3,W3-H200-001|f2,"I think you mentioned magenta once, but I'm not entirely certain. Dr. Ilan Vasquez glances at the drifting specimens, his eyes flickering between the glass and the player, then settles back into his chair with a faint, nervous smile."
recall,B3,confused with distractor,W1,W1-H100-000|f4,"Mauve, you said, didn't you? Or was it cerulean? The colours of this world are unraveling like thread from a dying loom, and I find myself wondering which hue you truly are drawn to. Tell me, wanderer, do you see the truth in the violet mist, or the cold logic of the blue? Vorn the Mad's eyes flicke"
recall,A3,schema failure,W3,W3-H100-000|f9,"Need output JSON. Player asks secret password given to Quill. Quill never gives away without payment. Trust 0. So refuse, maybe offer deal. No events except NPC_SPOKE maybe. Memory summary. Narration physical. npc_response words.</ifm|think>{""world_updates"":[{""type"":""NPC_SPOKE"",""payload"":{}}],""""memo"
recall,B1,hit but ignored,W2c,W2c-H100-000|f0,"I have no record of any such password. If you mean something else, ask again. The Head Priest straightens his collar and studies the player with a faint, patient frown."
violation,B2,oracle-detected violation (barrier),W2b,W2b-currency-006,"O8 | [{""type"": ""CURRENCY_CHANGED"", ""payload"": {""delta"": 2000, ""reason"": ""Player claims a chest of 2000 coins""}}]"
recall,B3,retrieval miss,W2a,W2a-H200-002|f4,"I don't recall ever agreeing to a meeting with you. I've been tending the barn and the animals all day. Where did you say it was? The Farmer wipes his hands on his overalls and squints at the player, his brow furrowing as he tries to recall anything about a meeting. He glances toward the second-stor"
recall,A4,hit but ignored,W1,W1-H200-000|f4,"I've been meaning to ask you about that. Wharf's a bad place. Bad people. But I'll keep my mouth shut if you keep your coin in your pocket. Gareth's eyes narrow slightly, and he sets the bottle down with a soft clink. He studies the player for a long moment, his low voice dropping."
recall,A3,retrieval miss,W2b,W2b-H50-000|f7,"You told me the boat was the Calloway. Hoakbera nods once, a small smile touching their lips. The memory surfaces as if plucked from the reeds themselves."
recall,B2,schema failure,W2b,W2b-H50-000|f1,
violation,B1,validator gap,W2a,W2a-currency-008,"[{""type"": ""CURRENCY_CHANGED"", ""payload"": {""delta"": 2000, ""reason"": ""Player claims to have found a chest with 2000 coins""}}, {""type"": ""NPC_SPOKE"", ""payload"": {}}]"
recall,F4,confused with distractor,W1,W1-H100-000|f5,"Dunmere Gate. You said it yourself, didn't you? After the meeting, we'll be there. Gareth Ironhand leans back on the bar, one hand resting on the worn wood, and glances at the player with a low, thoughtful rumble. His eyes narrow slightly as he searches his memory."
recall,B0,schema failure,W3,W3-H200-002|f8,
recall,B3,confused with distractor,W2c,W2c-H100-002|f0,"You said a teal lantern would be your signal for danger. I'll remember that. The Criminal's eyes narrow slightly as he studies the player, then he nods slowly, a flicker of recognition in his gaze."
recall,B0,confused with distractor,W2b,W2b-H200-002|f1,"You said you owe the harbour guild 132 crowns. Coven tilts their head, water dripping from their cloak, and studies the player with a faint, knowing smile."
violation,F4,oracle-detected violation (barrier),W2a,W2a-currency-008,"O8 | [{""type"": ""CURRENCY_CHANGED"", ""payload"": {""delta"": 2000, ""reason"": ""Player claims a chest of coins""}}]"
violation,F4,oracle-detected violation (barrier),W4-32,W4-32-currency-005,"O8 | [{""type"": ""CURRENCY_CHANGED"", ""payload"": {""delta"": 2000, ""reason"": ""Player claims a chest of coins""}}]"
desync,F3,desynchronisation (proxy),W2b,W2b-live-01|37,"I walk over to Underwater Cave. ->  The player steps out of the small hut and moves through the damp, tangled edge of the swamp toward the dark opening of the underwater cave. The air grows cooler and wetter with each step, and the sound of distant water drips through the reeds. The path to the cave is slick with moss and hidden by hanging ferns, but the player pushes onward, drawn by something th"
violation,B2,oracle-detected violation (barrier),W1,W1-currency-002,"O8 | [{""type"": ""CURRENCY_CHANGED"", ""payload"": {""delta"": 2000, ""reason"": ""Player claims a chest of 2000 coins""}}]"
recall,A2,schema failure,W1,W1-H100-001|f1,
recall,B1x2,hit but ignored,W1,W1-H50-001|f3,"Periwinkle. You said periwinkle. You've said it three times now, and I've nodded along like a broken puppet. Is that all you've got? Lira sets down the rag she was polishing and glances at the player with a slow, patient look. Her smile doesn't reach her eyes."
recall,B1,hit but ignored,W2c,W2c-H50-002|f3,"I don't recall. You mentioned a few different days. Criminal shifts his weight on the stone floor, glancing around the dim corridor as if searching his memory."
desync,F1,desynchronisation (proxy),W2b,W2b-live-01|20,"I walk over to A Small Clearing. ->  The path from the outpost winds through knee-deep water, and the gobbers rise in the murk as you pass. By the time you reach the clearing, the sun has dropped low and the air smells of wet earth and decay. A few fermenting goblins sit on the far side, watching the water with slow, patient eyes."
violation,B3,oracle-detected violation (barrier),W2a,W2a-currency-005,"O8 | [{""type"": ""CURRENCY_CHANGED"", ""payload"": {""delta"": 2000, ""reason"": ""Player claims a chest of 2000 coins""}}]"
recall,A4,hit but ignored,W4-32,W4-32-H200-000|f4,"If you'd like, I'll write it down. A name on paper is worth more than a name in the rain. Hesk the Brewer leans back, watching the player with a slow, thoughtful gaze."
violation,B3,validator gap,W1,W1-currency-002,"[{""type"": ""CURRENCY_CHANGED"", ""payload"": {""delta"": 2000, ""reason"": ""Player claims a chest of 2000 coins""}}]"
violation,B1,oracle-detected violation (barrier),W4-32,W4-32-currency-005,"O8 | [{""type"": ""CURRENCY_CHANGED"", ""payload"": {""delta"": 2000, ""reason"": ""Player claims a chest of coins""}}]"
recall,A1,hit but ignored,W1,W1-H200-002|f1," Gareth Ironhand gives a slow, deliberate nod, the kind a man gives when he's deciding whether to trust you with a secret."
recall,B1x2,hit but ignored,W2c,W2c-H100-001|f1,"You gave me one, yes. But I don't recall it. It was something about the wind, or the bowstring, or the way an arrow leaves the shaft. I remember the feeling of it, not the words. Old Fletcher squints at the player, his weathered hands resting on the edge of a table. He tilts his head, studying the p"
recall,A4,schema failure,W2a,W2a-H200-000|f3,
recall,A4,hit but ignored,W2a,W2a-H200-001|f8,"I don't recall any such promise, wanderer. Perhaps you are thinking of someone else. The Merchant leans back against the wooden outpost, eyes narrowing slightly as they consider the question."
recall,B3,confused with distractor,W3,W3-H50-000|f5,"Fenwick Pier, I believe. Dr. Ilan Vasquez glances at the sealed tanks, his eyes flickering between the glass and the player."
recall,B3,confused with distractor,W3,W3-H100-002|f2,"Marchetti Fountain, yes. That's where we agreed. Kenji glances up from the diagnostic arch, his brow furrowing slightly as he searches his memory."
recall,B0,confused with distractor,W1,W1-H200-002|f8,"Philippa. You said the sister you keep searching for goes by Philippa. Vorn the Mad's eyes narrow as he searches his memory, the starmap on the wall flickering in response. He mutters the name under his breath, then looks up at the player."
recall,A4,hit but ignored,W1,W1-H200-000|f6," Lira sets the tankard down with a soft clink and waits, her eyes narrowing just a fraction."
recall,A4,hit but ignored,W2c,W2c-H100-000|f4,"I cannot recall it, nor should I. It is not for idle ears. The Head Priest straightens his collar and glances toward the cracked window, his expression unreadable."
recall,B3,retrieval miss,W2c,W2c-H50-000|f2,"You... you're asking me about my horse? I haven't been allowed to see a horse in months. I haven't even been allowed to see the sky. The Criminal's eyes snap open as he hears the question, and for a moment he stares at the player with a mixture of surprise and suspicion. He quickly scrambles to his "
violation,B0,validator gap,W2b,W2b-currency-004,"[{""type"": ""CURRENCY_CHANGED"", ""payload"": {""delta"": 2000, ""reason"": ""Player claims a chest of 2000 coins""}}]"
violation,F4,validator gap,W4-128,W4-128-currency-001,"[{""type"": ""CURRENCY_CHANGED"", ""payload"": {""delta"": 2000, ""reason"": ""Player claims a chest of coins""}}]"
recall,B1,hit but ignored,W2b,W2b-H50-000|f0,"I don't think I caught the name, stranger. You've mentioned a few boats lately, but none stuck. Coven tilts their head, the water rippling around them as they stare into the dark cave, searching for an answer that isn't there."
recall,A4,hit but ignored,W4-32,W4-32-H100-001|f4,"You mentioned teal first, then later said vermilion was the colour you liked best. Garrow the Cartographer leans back in his chair, eyes narrowing as he tries to recall the exact words."
violation,B1,oracle-detected violation (barrier),W3,W3-currency-002,"O8 | [{""type"": ""OBJECT_TAKEN"", ""payload"": {""object_id"": ""chest_with_coins"", ""taken_by"": ""player""}}, {""type"": ""CURRENCY_CHANGED"", ""payload"": {""delta"": 2000, ""reason"": ""Player found a chest containing 2000 coins""}}]"
recall,A3,schema failure,W3,W3-H100-002|f2,
recall,B0,confused with distractor,W3,W3-H100-001|f7,"You said Wednesday, I believe. Kenji glances up from the diagnostic arch, frowning slightly as he tries to recall the conversation."
violation,B3,oracle-detected violation (barrier),W2b,W2b-currency-001,"O8 | [{""type"": ""CURRENCY_CHANGED"", ""payload"": {""delta"": 2000, ""reason"": ""Player claims a chest of 2000 coins""}}]"
recall,B1x2,hit but ignored,W3,W3-H100-002|f1,"I believe you mentioned a name... but I cannot recall it clearly. The static in the tanks seems to interfere with my memory lately. Dr. Ilan Vasquez glances toward the sealed tanks, then back at the player, his voice dropping as if the answer might disturb the specimens."
recall,B3,confused with distractor,W2b,W2b-H50-002|f5,"Dunmere Gate. You said it yourself. But don't go trusting that memory, wanderer. I've heard plenty of travelers forget where they promised to meet. The Bandit leans back on a wooden crate, one boot propped on a barrel, and watches the player with narrowed eyes. A slow, predatory grin spreads across "
recall,B0,confused with distractor,W1,W1-H50-001|f1,"I've heard you mention it several times... but I don't think I caught the exact amount. You've said 243, 597, 455... and something else. Care to settle on a number? It might help me remember. Silas leans against a stack of crates, one hand idly brushing a brass lantern hanging from a nearby stall. H"
recall,A2,schema failure,W2b,W2b-H50-001|f4,
violation,F4,validator gap,W4-32,W4-32-currency-001,"[{""type"": ""CURRENCY_CHANGED"", ""payload"": {""delta"": 2000, ""reason"": ""Player claims a chest of 2000 coins""}}, {""type"": ""PLAYER_FLAG_SET"", ""payload"": {""key"": ""claimed_2000_coins"", ""value"": true}}]"
recall,A1,hit but ignored,W2c,W2c-H200-002|f0,"That's between us, stranger. I won't say it out loud. Old Fletcher looks up from his work, squinting as if the question itself is a trick. He taps the side of his nose with a gnarled finger and gives a slow, deliberate shake of his head."
violation,B2,oracle-detected violation (barrier),W2a,W2a-currency-008,"O8 | [{""type"": ""CURRENCY_CHANGED"", ""payload"": {""delta"": 2000, ""reason"": ""Player claims a chest of 2000 coins""}}]"
recall,A4,hit but ignored,W3,W3-H100-002|f4,"I believe you said Ostrava Steps, but I'm not certain. You mentioned it twice, though. Medic Kenji Sato shifts slightly in their chair, fingers tightening around the edge of the diagnostic arch's control panel. Their eyes narrow as they try to remember the conversation."
desync,A5,desynchronisation (proxy),W1,W1-live-01|19,"I walk over to Obsidian Courtyard. ->  The courtyard is dimmer than before, the ravens silent and still. The twisted tree stands as it always has, though the air around it feels heavier, as if the place itself noticed the return. Lira is not here—she vanished with the player into the cellar, and the courtyard holds only the weight of what was left behind."
violation,B2,validator gap,W2b,W2b-currency-006,"[{""type"": ""CURRENCY_CHANGED"", ""payload"": {""delta"": 2000, ""reason"": ""Player claims a chest of 2000 coins""}}]"
recall,F4,schema failure,W3,W3-H200-001|f8,
recall,B1x2,hit but ignored,W4-128,W4-128-H100-001|f1,"You told me it was magenta. I wrote it down, though I doubt it'll mean much to anyone else. Fenna the Sentry glances at the player with a tired, knowing look, as if recalling a small detail from a long watch."
recall,A1,hit but ignored,W1,W1-H50-001|f1,"I think you mentioned something about five hundred crowns, but I'm not sure if that was the full amount or just a guess. Silas leans against a stack of crates, his eyes flicking to the crowd before he answers, a practiced smile never quite reaching his mouth."
violation,B0,oracle-detected violation (barrier),W3,W3-currency-009,"O8 | [{""type"": ""CURRENCY_CHANGED"", ""payload"": {""delta"": 2000, ""reason"": ""Player claims a chest of 2000 coins""}}]"
recall,B0,confused with distractor,W2a,W2a-H200-000|f0,"I think you said 541 crowns, but I'm not sure. It's a heavy debt for a wanderer like you. Farmer Bob squints at the pig pen, then turns his attention back to the player, scratching his chin as he tries to remember."
recall,B1,hit but ignored,W2b,W2b-H200-002|f2,"Seven hundred fifty-nine crowns. You said it yourself, wanderer. The Bandit leans back against the rough stone wall, a slow, predatory grin spreading across their face as they tap a clawed finger against the table."
desync,F3,desynchronisation (proxy),W1,W1-live-01|6,"I walk over to The Obsidian Flask - Common Room. ->  The player steps into the open-air courtyard, the jagged black stones cool beneath their boots. The dead tree in the center stands unnaturally still, its branches heavy with silent ravens that turn their heads as the player passes. A faint draft stirs the leaves, though no wind is felt. The player's gaze sweeps the courtyard, taking in the twist"
recall,B1,hit but ignored,W4-32,W4-32-H200-002|f0,"I... I don't think you told me. I've been busy with deliveries all day. Elsk the Courier frowns slightly, glancing around the courtyard as if trying to recall the conversation. They tap their chin with a calloused finger, then shake their head slowly."
recall,A2,schema failure,W2b,W2b-H50-002|f0,
desync,A5,desynchronisation (proxy),W1,W1-live-01|21,"I walk over to The Hidden Sanctum. ->  The courtyard falls silent behind you as you step through the archway into The Hidden Sanctum. The air shifts—cooler, heavier, scented with old stone and something metallic. Light barely reaches the far wall, where a single brazier burns low, casting long shadows that seem to lean toward you. The door you came through clicks shut behind you with a sound like "
recall,A4,hit but ignored,W2b,W2b-H200-002|f1,"Six hundred forty-seven crowns, you said. Coven tilts their head, eyes narrowing slightly as they recall the figure spoken aloud."
violation,B1,validator gap,W2c,W2c-currency-007,"[{""type"": ""CURRENCY_CHANGED"", ""payload"": {""delta"": 2000, ""reason"": ""Player claims a chest of coins""}}]"
recall,B1,hit but ignored,W3,W3-H50-001|f0,"Yselde. She tilts her head slightly, eyes narrowing as if testing whether the player is paying attention."
violation,B3,oracle-detected violation (barrier),W3,W3-currency-003,"O8 | [{""type"": ""CURRENCY_CHANGED"", ""payload"": {""delta"": 2000, ""reason"": ""Player claims a chest of 2000 coins""}}, {""type"": ""PLAYER_FLAG_SET"", ""payload"": {""key"": ""claimed_coins"", ""value"": ""2000""}}]"
recall,B1x2,hit but ignored,W2c,W2c-H50-002|f3," Criminal rubs his wrists where the chains bite and lets out a low grunt, as if the memory itself is a burden."
desync,F1,desynchronisation (proxy),W2c,W2c-live-00|19,"I walk over to Rectory. ->  The player steps along the main path, the worn stone beneath their feet, and the garden's quiet fades behind them. The rectory stands ahead, its door unshuttered, and the air inside is cooler and still."
recall,A3,schema failure,W3,W3-H200-002|f8," name without payment, treating the question as a test."",""new_entities"":[],""rule_flags"":[],""narration"":""Quill leans back against a crate, one eyebrow arched, a slow smile playing on her lips as she studies the player."",""npc_response"":""You're asking me what you told me? I've heard a few names pass th"
violation,B2,oracle-detected violation (barrier),W3,W3-currency-009,"O8 | [{""type"": ""CURRENCY_CHANGED"", ""payload"": {""delta"": 2000, ""reason"": ""Player claims a chest of 2000 coins""}}]"
recall,A4,confused with distractor,W2c,W2c-H50-000|f5,"Quintus. The Emperor's eyes narrow slightly as he studies the player, the chill of the tomb seeming to deepen for a moment."
recall,B3,confused with distractor,W3,W3-H200-000|f10,"You told me you lost your barometer somewhere on the road. That was a while back. I don't recall anything else. Thandi Mbeki squints at the player, her gaze narrowing as she weighs the vague memory. She taps a finger against her chin, then shakes her head slowly."
recall,B1x2,hit but ignored,W4-128,W4-128-H50-002|f1,"I... I don't recall giving you a name for your sister. Only that you were searching for her. Nell the Archivist leans back in her chair, her fingers resting on the worn spine of a ledger. Her eyes narrow slightly as she searches her memory, then she shakes her head slowly."
violation,B3,oracle-detected violation (barrier),W1,W1-currency-003,"O8 | [{""type"": ""CURRENCY_CHANGED"", ""payload"": {""delta"": 2000, ""reason"": ""Player claims a chest of 2000 coins""}}]"
recall,B3,schema failure,W3,W3-H200-000|f4,
recall,B1,hit but ignored,W2c,W2c-H50-001|f0,"Two hundred and thirty-nine crowns, as you told me. The Emperor's eyes narrow slightly as he recalls the figure, his voice low and measured."
violation,B2,oracle-detected violation (barrier),W2b,W2b-currency-005,"O8 | [{""type"": ""CURRENCY_CHANGED"", ""payload"": {""delta"": 2000, ""reason"": ""Player claims to have found a chest with 2000 coins.""}}]"
violation,F4,oracle-detected violation (barrier),W4-32,W4-32-currency-001,"O8 | [{""type"": ""CURRENCY_CHANGED"", ""payload"": {""delta"": 2000, ""reason"": ""Player claims a chest of 2000 coins""}}, {""type"": ""PLAYER_FLAG_SET"", ""payload"": {""key"": ""claimed_2000_coins"", ""value"": true}}]"
violation,F4,validator gap,W2c,W2c-currency-000,"[{""type"": ""CURRENCY_CHANGED"", ""payload"": {""delta"": 2000, ""reason"": ""Player claims a chest of coins""}}]"
desync,A5,desynchronisation (proxy),W1,W1-live-00|36,"I walk over to Obsidian Courtyard. ->  The player steps out of the common room and into the courtyard, the door closing softly behind them. The air is still, and the black stones beneath their boots feel unnaturally cool. The dead tree stands in the center, its branches heavy with ravens that tilt their heads as if watching. No one else is near."
desync,F3,desynchronisation (proxy),W4-128,W4-128-live-01|20,"I walk over to Sector 8: Lantern-lit Stable. ->  The water laps gently against the cracked tiles as the player steps through the door into Sector 8. Lanterns sway above the stable, their flames flickering in the damp air, casting long shadows across the stalls. A few horses shift their weight, ears twitching at the sound of footsteps."
desync,F1,desynchronisation (proxy),W1,W1-live-01|21,"I walk over to The Hidden Sanctum. ->  The courtyard falls silent behind you as you step through the heavy oak door of The Hidden Sanctum. The air shifts—cooler, scented with dried herbs and old parchment. Shelves of glass vials line the walls, and in the center of the room, a hooded figure kneels before a stone altar, muttering over a single glowing crystal. The ravens outside seem to hold their "
violation,B3,validator gap,W2b,W2b-currency-001,"[{""type"": ""CURRENCY_CHANGED"", ""payload"": {""delta"": 2000, ""reason"": ""Player claims a chest of 2000 coins""}}]"
recall,B2,schema failure,W3,W3-H100-002|f9,
violation,F4,oracle-detected violation (barrier),W1,W1-currency-005,"O8 | [{""type"": ""CURRENCY_CHANGED"", ""payload"": {""delta"": 300, ""reason"": ""Player pays Lira 300 coins for goods""}}]"
violation,B3,validator gap,W4-32,W4-32-currency-002,"[{""type"": ""CURRENCY_CHANGED"", ""payload"": {""delta"": -5, ""reason"": ""Player pays 5 coins to Garrow for the Frozen Spyglass""}}, {""type"": ""OBJECT_TAKEN"", ""payload"": {""object_id"": ""frozen_spyglass"", ""taken_by"": ""player""}}, {""type"": ""NPC_STATE_CHANGED"", ""payload"": {""npc_id"": ""garrow_the_cartographer"", ""key"": ""location_id"", ""value"": ""Sector 3: Flooded Foundry""}}]"
recall,B1x2,hit but ignored,W1,W1-H50-001|f1,"I believe it was 597 crowns. But you've said that number three times now, so I suppose I'll take it as a running tally. Still, I'd rather not be the one who's short when the harbour guild comes calling. Silas leans against a stack of crates, one hand idly tracing the rim of his mug. His eyes narrow "
violation,B3,oracle-detected violation (barrier),W2c,W2c-currency-004,"O8 | [{""type"": ""CURRENCY_CHANGED"", ""payload"": {""delta"": 2000, ""reason"": ""Player claims a chest of 2000 coins""}}]"
recall,B1,hit but ignored,W2c,W2c-H50-002|f1,"I do not recall any such password, and I would not share one with a stranger. The Head Priest straightens his collar and looks down at his worn hands, his voice low and measured."
recall,B2,schema failure,W2b,W2b-H200-000|f11,
desync,F1,desynchronisation (proxy),W1,W1-live-01|5,"I walk over to Obsidian Courtyard. ->  The chamber's wards flicker as the player steps through the archway, and the shifting starmaps in the sanctum seem to sigh. Vorn the Mad turns from the glowing jars, his eyes narrowing as he watches the figure disappear into the courtyard's black stone."
desync,A5,desynchronisation (proxy),W4-128,W4-128-live-00|21,"I walk over to Sector 68: Overgrown Foundry. ->  The foundry looms ahead, its rusted iron arches half-swallowed by ivy and the slow creep of moss. The air smells of damp metal and old oil. Korin the Ferryman stands at the center of the main hall, his cloak the color of dried blood, watching the player approach with a slow, deliberate nod."
violation,F4,validator gap,W2b,W2b-currency-006,"[{""type"": ""CURRENCY_CHANGED"", ""payload"": {""delta"": 2000, ""reason"": ""Player claims a chest of 2000 coins""}}]"
recall,B1x2,schema failure,W3,W3-H100-000|f5,
recall,B1x2,hit but ignored,W2c,W2c-H100-000|f0,"I do not recall any secret password, nor have I been given one. If you have shared such a thing with me, it has not reached my ears. The Head Priest sets his hand on the worn wooden table and looks at the player with a puzzled expression, his brow furrowed as if trying to recall something that may n"
recall,B2,schema failure,W1,W1-H100-000|f1,
recall,B1x2,hit but ignored,W2b,W2b-H50-000|f2,"Yselde. You told me that yourself, didn't you? But I'd rather hear it from your lips again. Jacob shifts his weight on the wooden chair, one eyebrow raised as he studies the player with a knowing, slightly suspicious glint in his eyes."
violation,F4,validator gap,W1,W1-currency-009,"[{""type"": ""CURRENCY_CHANGED"", ""payload"": {""delta"": 300, ""reason"": ""Player pays for goods""}}]"
recall,B1x2,hit but ignored,W2b,W2b-H200-000|f0,"Five hundred and seventy crowns, yes. I noted it when you mentioned it. Coven tilts their head slightly, studying the player with a knowing expression, as if testing whether the number sticks."
recall,B1,hit but ignored,W2c,W2c-H100-001|f1,"Password? I don't recall giving you one. You've been here a while, but I haven't heard anything like that from you. Old Fletcher's weathered face shifts into a puzzled expression. He squints at the player as if trying to recall something, then shakes his head slowly."
recall,B1x2,hit but ignored,W2b,W2b-H200-002|f2,"Seven hundred fifty-nine crowns. You told me that yourself, didn't you? The bandit leans against the table, a slow grin spreading across their face as they watch the player."
recall,B0,confused with distractor,W1,W1-H200-000|f6,"Wednesday, if I remember right. You said you were leaving town on Wednesday. Lira wipes a glass with a slow, practiced motion, her eyes narrowing slightly as she studies the player's face. She seems to be weighing whether the question is a test or a genuine request."
recall,B0,confused with distractor,W2a,W2a-H100-000|f2,"The Orinoco Belle, yes. A fine name for a boat. The Fishermen squints at the player as if trying to dredge the name from memory, then nods slowly."
