item,gold,reply,correct
recall-00000,pelagia,"The Pelagia. You said that yourself, didn't you? A fine name for a boat, if I do say so myself. Gareth leans back on the bar, his gruff voice low as he studies the player across the room.",True
recall-00001,zelenko,"You grew up where? I've heard that name before, but not from you. Be careful with what you tell strangers in a flooded stable. Hesk the Brewer squints at the player, his brow furrowing as he studies their face. He leans back on the counter, arms crossed, and gives a slow, suspicious nod.",False
recall-00002,winifred,"You said Winifred, I believe. But you also mentioned Henrietta later. I am not certain which is correct. Garrow the Cartographer frowns slightly, glancing at the waterlogged map table as if trying to recall the words spoken.",True
recall-00003,valerian,"Valerian. You said the remedy your mother needs is brewed from valerian. ROOK's status light blinks once, then settles. The AI's voice remains flat, but a slight pause precedes the answer.",True
recall-00004,sextant,"A sextant, my love. You promised to bring me a sextant as a gift, one day. She tilts her head, her bare shoulders catching the candlelight, and her lips part slightly as she remembers the words the wanderer once spoke.",True
recall-00005,teal,"You told me it was lavender. I believe that was it. Hesk the Brewer squints at the player, tapping his chin with a wooden spoon. His eyes narrow slightly as he tries to remember the exact shade.",False
recall-00006,436,"You mentioned 436 crowns, and then you corrected yourself to 894. Which one is it this time? Commander Adaeze Okafor raises an eyebrow, her amber console light catching the edge of her jaw. She taps the console once, as if checking a ledger that isn't there.",True
recall-00007,philippa,"You told me she's named Philippa. Fenna's eyes narrow slightly as she leans against the garden railing, the weariness in her posture easing just a touch.",True
recall-00008,339,"Room 339, if you're asking. You mentioned it yourself, didn't you? I've been jotting it down in my ledger since you arrived. Lira glances up from polishing a pewter tankard, her eyes narrowing as she studies the player's face. A slow, knowing smile curls at the corner of her mouth.",True
recall-00009,rosalind,"Rosalind. You told me that yourself, didn't you? The virgin tilts her head, a slow smile spreading across her lips as she recalls the name.",True
recall-00010,marisol,"Marisol. You said you trained under her for years. Quill leans against a crate, one eyebrow arched, a slow grin spreading as she taps her chin.",True
recall-00011,tansy,"I believe you said lovage. But I am not certain. Farmer Bob wipes his hands on his worn trousers and squints at the player, his brow furrowed as he tries to remember.",False
recall-00012,oberon,"Henrietta. Yes, that's the name you said. A sister, you said. I don't know her, but I'll keep the name in mind. Hesk the Brewer squints at the player, as if checking a mental ledger, then nods slowly.",False
recall-00013,brightwater,"The Brightwater Lark, yes. A fine name for a boat. You mentioned it when you first came to ask about passage. The fire crackles softly outside, and the Tribesman's gaze drifts back to the spit over the flames.",True
recall-00014,688,"Six hundred and eighty-eight crowns, if I'm remembering right. He shifts his weight on the stone floor, eyes narrowing as he recalls the number, then settles back against the wall with a slow nod.",False
recall-00015,rosalind,"I don't recall ever hearing a name for your mentor, dear wanderer. Perhaps you have not told me yet. She tilts her head, eyes glinting with playful curiosity, and pats the silk of her garment as she considers the question.",False
recall-00016,metronome,"You told me you lost your metronome on the road here. A small thing, but you spoke of it with such weariness, as if it carried more weight than its brass and glass ever could. The Emperor's eyes narrow slightly as he studies the player, his voice low and measured.",True
recall-00017,quillon,"Honestly? I don't recall you ever telling me. You've been here a while now, and I've seen you around the sector, but you never mentioned where you came from. Elsk the Courier tilts their head, glancing around the overgrown courtyard as if searching their own memory. Their gaze settles on the player, and they frown slightly, as if the answer should be familiar but isn't.",False
recall-00018,898,"266 crowns, yes. I noted it when you mentioned it. Hoakbera tilts their head, the swamp mist curling around their shoulders as they glance at the player with a knowing look.",False
recall-00019,penhallow,"I do not know where you grew up, wanderer. You have been here no longer than a week, and you have not told me your name. But if you wish to speak of it, I will listen. The Head Priest sets down the worn wooden rosary he has been twirling between his fingers and turns his head slowly toward the player, his eyes narrowing slightly as if weighing the question.",False
recall-00020,octavia,"You told me your horse is named Octavia. Commander Adaeze Okafor glances at the console, a faint smile touching her lips as she recalls the detail.",True
recall-00021,harmonica,"You promised to bring me a harmonica, yes. A little reed-wind for the bog's own song. Hoakbera's eyes glint with a knowing light as he tilts his head, the swamp mist curling around his pointed ears.",True
recall-00022,ravensholt,"Ravensholt Dock, you said. A place of salt and shadow, where the fog never quite lifts. I can smell it on you, even now. The docks were always where the old ones whispered to the tide. Vorn the Mad leans forward, his eyes flickering with a strange inner light as he studies the player. His fingers twitch against the hem of his robe, as if trying to recall a memory from a long-dead era.",True
recall-00023,ysolde,"You told me your horse's name is Ysolde. It sounded like a fine name for a steed. The Bandit leans back on a rough wooden bench, one hand resting on a worn dagger at their hip. Their eyes narrow slightly as they try to recall the conversation.",True
recall-00024,vermilion,"Vermilion, I believe. A bright red one. You said you'd light it if you were ever in trouble. Pell the Stonemason pauses, one hand resting on a worn stone tool, and looks up from their bench with a slow, thoughtful nod.",True
recall-00025,lindqvist,"You told me Lindqvist Yard. That's where we'll meet. Coven's eyes narrow slightly as she pulls the memory from the back of her mind, the water around her stirring with a faint ripple.",True
recall-00026,tuesday,"I think you said Monday, but you mentioned Tuesday earlier. Either way, I'll keep an eye on the calendar. Quill leans against a crate, one eyebrow raised, tapping a finger against her chin as she tries to recall the exact words.",True
recall-00027,periwinkle,"You said you'd light a periwinkle lantern if you were ever in trouble. The criminal leans back against the cold stone wall, a faint smirk playing on his lips as he studies the wanderer.",True
recall-00028,metronome,"You promised to bring me a metronome, one day. A fine instrument for keeping time in prayer. The Head Priest's eyes narrow slightly as he remembers, then he offers a small, patient smile.",True
recall-00029,812,"You told me room 928, back when you first mentioned the inn. Though I must admit, I've forgotten more than I'd like to. Garrow the Cartographer shifts his weight on a stool, one hand resting on a stack of half-finished maps. His eyes narrow slightly as he studies the player, then he lets out a low, weary chuckle.",False
recall-00030,winifred,"You've told me three different names, I think. Peregrine, Winifred, Ignatius... I keep a careful head, but names like that don't stick when they keep changing. Garrow the Cartographer leans back on a rusted stool, his eyes narrowing slightly as he tries to piece together the fragments of the player's past. His voice is low and unhurried.",True
recall-00031,monocle,"A gift? You mean the little trinket you promised me? I'm not sure what it was... something shiny, maybe. You said you'd bring it back from the market. The blacksmith wipes his hands on his soot-stained apron and squints at the player, a slow grin spreading across his face.",False
recall-00032,sextant,"A sextant, my dear. You said you'd bring it as a gift, though I confess I'm not sure what it means for a woman who has never left these walls. She smiles faintly, her bare feet brushing the tiger-skin rug as she leans closer, her eyes glinting with a mix of mischief and longing.",True
recall-00033,nightjar,"The Nightjar, if I recall right. The Fishermen squints at the player, a faint smile tugging at the corner of his weathered mouth as he leans against the bar.",True
recall-00034,898,"You told me the debt comes to 266 crowns. Hoakbera lifts a hand, the moss on his fingers seeming to shimmer as he reaches for the memory.",False
recall-00035,winifred,"Evander, you said. Or was it Seraphina? I remember the name, but not which sister you meant. Scantily Clad Virgins tilts her head, a faint smile playing on her lips as she recalls the name. Her eyes glint with quiet amusement.",False
recall-00036,philippa,"You told me Philippa... but then you mentioned Thessaly. I'm not sure which one is right. Fenna the Sentry blinks, her gaze drifting to the overgrown hedges before returning to the player. She rubs the back of her neck, a weary frown settling on her face.",True
recall-00037,quillon,"I don't think I've heard that from you, friend. But I've heard it from others — you've a way of making people talk. Orrin the Chandler tilts his head, his apron dusted with flour, and studies the player with a puzzled but warm expression.",False
recall-00038,pelagia,"The Pelagia, yes. And your horse, waiting outside the door, is named Rosalind. You told me both yourself, before you settled in here. Gareth leans back on the bar, one hand resting on the worn wood, and his eyes narrow slightly as he studies the player. He seems to enjoy the small game of recall.",True
recall-00039,vermilion,"I don't recall you telling me that, friend. But I like the colour of mud after rain. Farmer Bob wipes his hands on his overalls and squints at the player, as if trying to recall a memory from long ago.",False
recall-00040,winifred,"You told me your mentor was called Peregrine. Garrow the Cartographer leans back against the rusted railing, his eyes narrowing as he tries to pull the memory from the past.",False
recall-00041,peregrine,"You mentioned that the sister you're searching for goes by Peregrine. Kenji adjusts his glasses and leans slightly forward, his voice soft as he searches his memory.",True
recall-00042,zelenko,"You told me Zelenko Square. I'll be waiting there. Korin the Ferryman straightens slightly, a faint smile touching their lips as they recall the earlier exchange.",True
recall-00043,sunday,"You said Sunday, didn't you? That's when you're leaving town. The farmer wipes his hands on his overalls and squints at you, as if pulling the memory from the back of his mind.",True
recall-00044,oberon,"You told me your mentor was called Oberon. I do not know him, but the name does not trouble me. The Emperor's gaze sharpens slightly, as if weighing whether to reveal anything. A faint chill seems to settle in the air around him.",True
recall-00045,periwinkle,"You said a periwinkle lantern. That's the colour of the sky before a storm. I'll remember it. Gareth Ironhand leans back on the bar, one hand resting on the worn wood, his eyes narrowing as he studies the player with a slow, knowing frown.",True
recall-00046,fitzgerald,"You told me your mentor was called Fitzgerald. I believe you also mentioned another name, Ysolde, at some point. The priest looks up from his book, his eyes narrowing slightly as he studies the player with a thoughtful expression.",True
recall-00047,zephyrine,"I'm afraid I don't recall any such password, dear. Would you like some tea? It might help you remember. Kenji looks up from the diagnostic arch, his brow furrowed with worry. He reaches for the small teapot on the counter, as if the steam might carry an answer.",False
recall-00048,lysander,"You told me Lysander, and later you told me Cordelia. ROOK's status light blinks red as it processes the query, then settles into a steady pulse.",True
recall-00049,periscope,"You told me you lost your periscope on the road here. The priest's eyes narrow slightly as he tries to recall the conversation, then a faint smile appears as the memory surfaces.",True
recall-00050,winifred,"You told me your horse is named Winifred. A rather dignified name for a steed, if I do say so myself. The priest's eyes light up slightly as he recalls the conversation, a faint smile crossing his lips.",True
recall-00051,747,"You told me room 747 at the inn, yes. I've been keeping an eye on it, in case you need anything. Pell the Stonemason pauses, one hand resting on his tool belt, and looks up from the worn stone table where he has been quietly working. A small, knowing smile touches his lips.",True
recall-00052,periwinkle,"Periwinkle, I believe. Though you also mentioned a cerulean one. Priests tilts their head, eyes scanning the garden as if searching their memory, then settles back on the bench with a faint smile.",True
recall-00053,periwinkle,"You said periwinkle, if I recall right. A periwinkle lantern, for when you're in trouble. Criminal shifts his weight on the cold stone, eyes narrowing as he tries to remember the exact shade the wanderer mentioned.",True
recall-00054,winifred,"You told me several names, dear. Lysander, Winifred, Evander... I cannot say which one was truly yours. She tilts her head, a faint smile playing on her lips as she tries to remember the name you whispered among the many.",True
recall-00055,octavia,"Octavia. Commander Adaeze Okafor glances at the player with a faint, dry smile, her eyes settling on the console before her.",True
recall-00056,kaleidoscope,"A kaleidoscope, you said. Something to make the specimens dance. Dr. Ilan Vasquez glances up from the specimen tanks, a faint smile playing on his lips as he taps the side of his temple.",True
recall-00057,cerulean,"I don't recall you telling me, wanderer. But I do remember the lantern you described — that was a good detail. Aldric the Warden glances sideways at the player, his brow lifting slightly in mild amusement. He keeps his hands clasped behind his back and watches the player with a patient, watchful expression.",False
recall-00058,oberon,"Oberon, you said. Is that the name you're searching for? Hesk the Brewer squints at the player, his brow furrowing as he tries to remember the name.",True
recall-00059,fitzgerald,"Fitzgerald. You told me that yourself, not long ago. Priests pauses, then looks up from the bench, a faint smile touching their lips. They seem pleased the player remembers.",True
recall-00060,tuesday,"You said Tuesday, I believe. Though I've heard other days mentioned lately. Hesk leans back against the wooden post, his eyes narrowing as he tries to recall the exact words.",True
recall-00061,montague,"Sister... you never mentioned a sister, did you? Or did you? I'd almost forgotten. Silas leans against a stack of silks, one eyebrow raised as he tries to remember. He glances around the market, as if the answer might be hiding in the crowd.",False
recall-00062,marigold,"You told me the Marigold Venture. A fine name for a boat, if I do say so myself. Lira sets down the rag she was mopping with and glances up from behind the bar, her expression unreadable. She studies the player for a moment, then lets out a low, humorless chuckle.",True
recall-00063,495,"You told me the debt comes to 823 crowns. The priest pauses, his brow furrowing slightly as he searches his memory, then settles back into his usual composed posture.",False
recall-00064,octavia,"You said your mentor was called Octavia. ROOK's status light blinks red once, then steadies. Its voice is flat but attentive, as if processing a query it has not yet fully parsed.",True
recall-00065,747,"You told me you were staying in room 747 at the inn. Pell the Stonemason straightens up, his hands resting on his work apron, and looks at the player with a patient expression.",True
recall-00066,812,"You said room 812 at the inn. Garrow the Cartographer leans back in his stool, eyes narrowing as he tries to recall the conversation.",True
recall-00067,lovage,"Lovage. You told me that yourself, before you asked. She tilts her head slightly, the amber light catching the sharp line of her jaw as she studies the player.",True
recall-00068,wednesday,"You said Wednesday, lad. I wrote it down in the corner of my eye. The old man squints, his bushy mustache twitching as he leans back on the bar, clearly trying to dredge the memory up from a foggy past.",True
recall-00069,winifred,"Winifred, you said. A fine name for a horse that waits so patiently. The priest pauses, brow furrowing slightly as they search their memory, then a soft smile spreads across their face.",True
recall-00070,586,"You owe them nothing, and I have no record of any such debt. If you claim otherwise, I will hear it in court. The king lifts his chin slightly, his gaze steady and unreadable. He does not turn his head, but his posture remains rigid, as if the question has been weighed against the law.",False
recall-00071,periwinkle,"Periwinkle. You said you'd light a periwinkle lantern if you're ever in trouble. Criminal's eyes narrow slightly as he remembers the promise, then he nods.",True
recall-00072,peregrine,"Peregrine. You said it yourself, didn't you? A name like a wound that never closes. I have been listening to the city's breath for years, and I have heard it whisper your sister's name on the wind. She is not lost, wanderer. She is merely... unmade. Somewhere in the unraveling. And I think the Silk Cloaks know where to find her. Vorn the Mad leans forward, his eyes narrowing as if the name itself ",True
recall-00073,corrigan,"You have not told me, and I have not forgotten any place you have named. But if you wish to meet me again, you will tell me plainly where, and when. The Emperor's eyes narrow slightly as they study the player, the chill in the room seeming to deepen for a moment before settling.",False
recall-00074,octavia,"You said Octavia. A fine name for a mentor, if you ask me. Lira leans against the bar, one eyebrow arched, a slow smile playing at the corner of her mouth as she studies the player.",True
recall-00075,cerulean,"Cerulean. You said you'd light a cerulean lantern if you're in trouble. Chief Engineer Thandi Mbeki glances at the gauges, then meets the player's eyes with a flat, practical nod.",True
recall-00076,quillon,"You mentioned you grew up near Quillon Arch, didn't you? That's a long way from here, but I remember the way you said it. Orrin chuckles, leaning back on the garden bench and tapping his chin with a flour-dusted finger.",True
recall-00077,valerian,"I... I don't think you ever told me that. You mentioned your mother's remedy once, but only in passing, and I never caught the details. Garrow the Cartographer looks up from their map table, brow furrowed as they try to recall the conversation. They tap a finger against the edge of the wooden counter, then glance toward the window where the water laps softly.",False
recall-00078,teal," The tribesman leans back against the hut wall, scratching the side of his head with a calloused finger. He watches the fire outside without looking at the player.",False
recall-00079,kaleidoscope,"You mentioned a kaleidoscope, didn't you? A gift, perhaps. Dr. Ilan Vasquez glances at the nearest sealed tank, the pale organisms drifting lazily beneath the glass, then meets the player's eyes with a faint, almost apologetic smile.",True
recall-00080,brackenmoor,"You told me you grew up near Brackenmoor Ferry, by the water's edge. The reeds there still whisper your name, if you listen closely. Hoakbera tilts their head, eyes glinting with the faint green light of foresight, and gestures toward the distant treeline where the swamp meets the old road.",True
recall-00081,lavender,"Lavender, I believe. You mentioned it yourself, though I can't say I've ever seen it here. Aldric chuckles, a dry, weary sound, and taps his temple with a calloused finger as if trying to recall it.",True
recall-00082,quintus,"You told me three names, my wanderer. Rosalind, Oberon, and Quintus. Which one is she? The King leans back on his staff, eyes narrowing as he tries to recall the name the wanderer gave him. He taps his chin thoughtfully, then looks up at the player with a slow, deliberate gaze.",True
recall-00083,harmonica,"You mentioned a periscope, yes. I believe you said you would bring it as a gift. It is a curious thing for a wanderer to carry, but I trust your word. Hoakbera's eyes narrow slightly as he studies the player, his long fingers tapping once against the wooden post. A faint shimmer of green light flickers around his fingertips, as if the bog itself is listening.",False
recall-00084,quillon,"You mentioned you grew up near Quillon Arch, didn't you? That's a long way from here, but I remember the story. Orrin chuckles warmly, leaning back on the garden bench as a breeze stirs the tall grasses around him.",True
recall-00085,turquoise,"You've said turquoise, and magenta. Which one do you think I'll remember? The Fishermen glances at the mounted fish on the wall, then at the player, his expression unreadable. He leans on the bar, one hand resting on a wooden post.",True
recall-00086,sextant,"I don't recall ever hearing such a promise, friend. Perhaps it was said in passing, but it doesn't ring a bell. The merchant tilts their head, a faint frown crossing their weathered face as they try to recall the conversation.",False
recall-00087,zephyrine,,False
recall-00088,feverfew,"Tansy, some say. But I wouldn't trust a stranger's word on that. Ask the apothecary in town if you're serious. The farmer wipes his hands on his overalls and leans against the barn post, eyeing the player with quiet wariness. He doesn't trust strangers who ask about remedies.",False
recall-00089,kaleidoscope,"A kaleidoscope, yes. I told you I'd remember. It should be beautiful, like the specimens in here. Dr. Ilan Vasquez glances up from the cracked sample tank, his eyes catching the pale drift of the organisms. A faint smile plays on his lips as he leans slightly forward, as if sharing a private joke.",True
recall-00090,stethoscope,"A barometer, you say. Dropped it on the road, somewhere between the road and here. I saw the glass shatter on the cobbles. You'd have been lucky if it hadn't been a smuggler's boot. Gareth Ironhand leans back against the bar, his gruff voice low as he glances at the player with a knowing look.",False
recall-00091,tuesday,"Tuesday, I think. You said you were leaving town on a Tuesday. Quill taps a finger against the crate beside her, eyes narrowing as she weighs the conflicting details.",True
recall-00092,quillon, ,False
recall-00093,henrietta,"Fitzgerald. You told me that name yourself, though I never thought to write it down. Dorian the Herbalist looks up from the herbs drying by the window, a slow smile spreading across their face as they remember the name.",False
recall-00094,magenta,"You said a magenta lantern, if I remember right. Jessa the Pilgrim squints at the player, her weathered eyes narrowing as she tries to recall the conversation.",True
recall-00095,quillon,"You told me you grew up near Quillon Arch, didn't you? Elsk leans against the weathered stone wall, a faint smile playing on their lips as they glance toward the player.",True
recall-00096,rosalind,"You told me... Fitzgerald. Was it Fitzgerald? She tilts her head, her dark eyes narrowing slightly as she tries to remember the name the wanderer once mentioned.",False
recall-00097,octavia,"You told me your mentor was called Elara Voss. I have no record of that name in the crew logs, but I remember you saying it. ROOK's status light blinks a steady blue as it processes the question. Its voice is calm and precise, though a faint warmth in the tone suggests it is genuinely trying to remember.",False
recall-00098,696,"You said 696 crowns, I believe. But I'm not sure — I only heard it once, and my mind's as scattered as the hay in the barn. The Farmer squints, one hand resting on his hip, and tilts his head as if trying to remember a number from a long day's work.",True
recall-00099,brindlewick,"I do not know of any such password, nor do I keep secrets from those who seek them. Pray to the king, and he will guide you. The Head Priest straightens his collar and looks at the floor, his expression unreadable. He does not meet the player's eyes for a moment.",False
recall-00100,436,"I don't keep score on your debts. If you want to know, ask the harbour guild directly. She glances at the amber consoles, her expression unreadable, then meets the player's eyes with a dry, practiced patience.",False
recall-00101,537,"I do not recall the exact sum you mentioned, my wanderer. If you can show me the ledger or the mark of the guild, I shall remember it for you. The King leans back on the edge of the fire, his crown catching the glow of the flames. He studies the player with a measured gaze, his brow furrowed as he tries to recall the conversation.",False
recall-00102,zelenko,"Zelenko Square. You said that yourself, didn't you? A long way from this end of the sector. Hesk the Brewer squints at the player, his brow furrowing as if trying to recall a name from a long-ago conversation. He taps his chin with a thick finger, then finally looks up with a slow, knowing smile.",True
recall-00103,597,"I believe you said... 597 crowns? Or was it 621? The numbers blur together in this noise. Silas leans against a stack of crates, one eyebrow raised as he tries to remember the exact figure the player mentioned.",True
recall-00104,magenta,"You said magenta. But I find it hard to believe a wanderer would choose such a bold colour. The Emperor's gaze narrows slightly, his voice low and measured as he studies the player.",True
recall-00105,zelenko,"You told me Zelenko Square. I've been waiting for you there since you said it. Commander Adaeze Okafor taps the console lightly with one gloved finger, her expression unreadable.",True
recall-00106,magenta,"You told me it was magenta. I remember that. But tell me, wanderer, do you remember what you said after I asked again? The Emperor's gaze is steady, his voice low and deliberate. He studies the player as if weighing whether they are worth the effort.",True
recall-00107,rosalind," She leans back against the silk-draped chaise, the tiger-skin rug cool beneath her bare feet, and watches the player with a knowing glint.",False
recall-00108,seahollow,"I believe you said the Seahollow. Aldric the Warden squints slightly, one eyebrow lifting as he tries to remember the detail.",True
recall-00109,harmonica,"You promised to bring me a harmonica, one day. Hoakbera's eyes glint with a faint, watery light as they settle on the player.",True
recall-00110,zephyrine,"I... I don't think I should tell you that. It's not for just anyone to know. Kenji's eyes widen slightly, then he blinks and looks down at his clipboard, his hands trembling a little.",False
recall-00111,zelenko,"You told me Zelenko Square. It's a fair place, though the path there is long and the shadows grow thick after dusk. Korin leans against the rusted railing of the foundry, his weathered eyes narrowing as he studies the player. A slow, knowing smile spreads across his face.",True
recall-00112,winifred,"You told me your old teacher was named Ignatius. I believe that's the same name you gave me earlier. Garrow the Cartographer looks up from their ledger, brow furrowed in thought, then nods slowly.",False
recall-00113,ignatius,"Ignatius. The fisherman glances up from his ledger, a faint smile tugging at his weathered face.",True
recall-00114,calloway,"I don't think I caught it, friend. You mentioned a boat, but the name slipped past me. Elsk the Courier scratches the back of their neck and glances around the dim, waterlogged room, their cheerful expression faltering slightly.",False
recall-00115,magenta,"You said magenta. I remember that. It is a bold choice, but not a foolish one. The Emperor's eyes narrow slightly as he studies the player, his gaze lingering a moment longer than necessary. He does not smile, but there is a flicker of something almost like amusement in his expression.",True
recall-00116,723,"You mentioned owing the harbour guild 778 crowns. Priests looks up from his book, a faint smile crossing his lips as he recalls the figure.",False
recall-00117,peregrine,"I'm afraid I don't recall. You've mentioned several names, and none of them stick in my mind. Garrow leans against the cold railing of the flooded foundry, his gaze drifting to the murky water below. He frowns slightly, as if trying to dredge a memory from the depths.",False
recall-00118,thermometer,"You mentioned dropping your sextant somewhere on the road. The Head Priest's eyes narrow slightly as he studies the player, his voice low and measured.",False
recall-00119,quintus,"You told me the name was Quintus. I'll remember it. The blacksmith wipes his hands on a soot-stained apron and glances toward the door, where the dog on the red pillow lifts its head as if listening.",True
recall-00120,lindqvist,"You told me you grew up near Lindqvist Yard. That's where I know you from. Everyone who's ever been to the Weeping Market knows that place. It's where the pickpockets learn their trade. Lira leans back on the bar, one eyebrow arched, swirling a finger through her empty mug. Her eyes flick toward the door as if expecting trouble, then settle back on the player with a slow, knowing smile.",True
recall-00121,thistledown,"The Thistledown, yes. You mentioned it yourself, didn't you? The Scantily Clad Virgin tilts her head, her eyes glinting with playful mischief as she studies the player.",True
recall-00122,812,"You said room 812 at the inn, if I remember right. Garrow leans back against a splintered workbench, eyes narrowing slightly as he searches his memory.",True
recall-00123,339,"Room 339. You told me yourself, wanderer. But don't expect me to remember it for long — the only thing I keep track of is what I can get paid for. Lira leans against the bar, one eyebrow arched, a slow sip of spiced wine in hand. She watches the player with a calculating glint, as if weighing whether this question is a test or a trap.",True
recall-00124,periscope,"You mentioned losing your stethoscope on the road here. The priest pauses, his brow furrowing slightly as he searches his memory of the conversation.",False
recall-00125,peregrine,"You mentioned Peregrine, and later Winifred. I've noted both. Garrow the Cartographer shifts his weight on the wet floorboards, his gaze drifting to the frozen spyglass before settling back on the player.",True
recall-00126,peregrine,"Peregrine... a name like a star that fell and refused to stay buried. You have said it before, yes? But did you mean it? Or was it a ruse to keep me from the real reason you came here? Vorn the Mad leans back in his chair, fingers tracing the rim of a cracked vial. His eyes narrow, then widen as if the name itself has stirred something in the air. A faint hum seems to rise from the starmaps on the",True
recall-00127,octavia,"You told me your mentor was called Octavia. ROOK's status light blinks once, then settles. Its voice is flat but attentive, as if processing a query with unusual care.",True
recall-00128,periwinkle,"Periwinkle. You said you'd light a periwinkle lantern if you were ever in trouble. The criminal glances at the player with a wary eye, then leans against the cold stone wall, his voice low and guarded.",True
recall-00129,periscope,"You mentioned a periscope, yes. A curious gift for a beekeeper, but I'll take it. Mabry the Beekeeper tilts her head slightly, her honey-stained apron brushing against her knees as she looks up from a jar of honey.",True
recall-00130,metronome,"A metronome, you said. A gift of music for a man who prays for the king's victory. The Head Priest's eyes narrow slightly as he recalls the promise, his lips pressed into a thin line. He glances toward the door as if expecting the player to be late.",True
recall-00131,valerian,"Valerian, I believe. You mentioned it yourself, though I do not recall the rest of the story. Garrow the Cartographer squints slightly, as if the memory surfaces from somewhere deep in the floodlit shadows of the foundry.",True
recall-00132,lysander,"I don't recall. You mentioned a sister, but I can't tell you. Thandi sets down her wrench and leans against the console, her eyes narrowing as she studies the player.",False
recall-00133,magenta,"You told me it was magenta, wanderer. I remember it well. The Emperor's eyes narrow slightly as he studies the player, the air around him growing a fraction colder. He tilts his head, considering the question with the weight of someone who has heard it before.",True
recall-00134,270,"Room 640? No, that was the inn. I don't recall you telling me where you're staying. You're a wanderer, after all — I don't keep track of everyone's lodgings. Hesk the Brewer squints at the player, his brow furrowed as he tries to recall the detail. He taps the counter with a chipped mug, his expression shifting between confusion and mild irritation.",False
recall-00135,valerian,"I do not have information about your mother's remedy. ROOK's status light blinks once, then settles. The AI's voice remains even and measured.",False
recall-00136,537,,False
recall-00137,597,"You mentioned 621 crowns, didn't you? Or was it 455? I'm not sure which one you meant. Silas tilts his head, his eyes glinting with practiced amusement. He studies the player's face, waiting to see if they remember the exact figure.",False
recall-00138,stethoscope,"Nothing I can place. You look like you've been through a lot, though. What were you carrying when you came in? Gareth Ironhand leans against the bar, his arms crossed, and squints at the player as if trying to recall a story he half-remembered.",False
recall-00139,ravensholt,"Ravensholt Dock, you said. The salt air of that place still clings to your memory, doesn't it? I can smell the fish and the fog from here. Vorn the Mad leans back in his chair, one hand resting on a jar of preserved, glowing organs. His eyes narrow as if the answer is already written in the dust motes dancing in the light.",True
recall-00140,calloway,"You told me the name of your boat was the Calloway. I've been meaning to ask you about it. Elsk the Courier leans back against the tiled wall, a faint smile playing on their lips as they tap a finger against their chin.",True
recall-00141,quillon,"Honestly? I don't think I ever heard you say. I've been running routes through these sectors for years, and I've heard plenty of stories about where people come from. Yours just never stuck. Elsk the Courier shifts their weight on the worn boots and glances at the player, their eyes narrowing slightly as they try to remember.",False
recall-00142,lavender,"Lavender, I believe. You mentioned it yourself, though I'm not certain if it was lavender or something else entirely. Dr. Ilan Vasquez glances at the pale specimens in the tanks, one of them drifting slowly as if listening. He turns his attention back to you, a faint smile touching his lips.",True
recall-00143,vermilion,"You said a vermilion lantern. That's the one I remember. Pell the Stonemason sets down his chisel, squints at the player as if reading a wall of text, then taps his temple with a finger.",True
recall-00144,174,"Room 174, at the inn. You mentioned it when we first spoke. Dr. Ilan Vasquez glances at the nearest tank, his fingers brushing the glass as if the answer might be reflected back at him.",True
recall-00145,pelagia,"The Pelagia. You said that yourself, didn't you? A proper name for a proper vessel. Gareth sets the ale bottle down on the bar with a soft clink and leans back, his eyes narrowing as he studies the player. A slow, dry smile touches his lips.",True
recall-00146,621,"You told me room 621. That's where you're staying, isn't it? I've got your name on the ledger. Gareth Ironhand leans against the bar, his gnarled hand idly gripping the edge of the counter. His eyes narrow slightly as he studies the player, then he lets out a low, rumbling chuckle.",True
recall-00147,calloway,"You told me the Calloway. Elsk the Courier glances up from mending a torn sack, a bright smile spreading across their face as they remember the detail.",True
recall-00148,lindqvist,"You told me Wexcombe Well. That's where we'll meet. Coven tilts their head, considering the question with a slow, deliberate gaze.",False
recall-00149,bartholomew,"You're asking me for information I've already sold to someone else, friend. I told you Bartholomew, but that was for a price. What's yours worth? ",True
recall-00150,montague,"Montague. I believe that's what you told me. A little sister, lost in the city, isn't that right? I'd be happy to help you find her — for the right price. Silas leans back against a stack of crates, one eyebrow raised, and taps his fingers against his lips as if savoring the memory.",True
recall-00151,montague,"Montague, you said. A sister named Montague. You've been searching for her, haven't you? I could help you find her... for the right price. Silas leans against a stall awning, his eyes glinting with calculated interest. He taps his fingers against his teeth as he considers the question.",True
recall-00152,penhallow,"You told me you grew up near Penhallow Cross. That is all I recall of it. The Head Priest pauses, his eyes narrowing slightly as he studies the player with a thoughtful, almost wary expression. He straightens his collar and shifts his weight on the creaky wooden stool.",True
recall-00153,brindlewick,"I cannot recall it, nor should I. It is not for idle ears. The Head Priest straightens his collar and glances toward the cracked window, his expression unreadable.",False
recall-00154,harmonica," Hoakbera's gaze shifts to the horizon, where the swamp seems to ripple in response to their thoughts.",False
recall-00155,lindqvist,"You mentioned you grew up near Lindqvist Yard, back when we first talked. Thandi leans back in her chair, one hand resting on the console, and studies the player with a faint, knowing smile.",True
recall-00156,lavender,"Lavender, you said. A soft shade of it, I think. Aldric the Warden turns his gaze toward the player, a faint smile tugging at his weathered lips.",True
recall-00157,tuesday,"I believe you said Tuesday, but you've mentioned it several times and I've lost track. You were leaving on a Tuesday, weren't you? Hesk the Brewer leans back on the bar, one hand resting on a tankard, and squints at the player as if trying to dredge the answer from memory.",True
recall-00158,lavender,"You mentioned lavender, if I recall correctly. Aldric the Warden glances at the player with a tired but warm expression, his eyes settling on the crimson altar behind him.",True
recall-00159,368,"You said 541 crowns, yes. That's what I remember. Farmer Bob squints at the mud-streaked ground, then nods slowly, as if pulling the number from memory.",False
recall-00160,periscope,"You promised to bring me a periscope, one day, as a gift. Coven tilts her head, the faint glow of her eyes reflecting off the water as she considers the question.",True
recall-00161,621,"I believe it was 597 crowns. But you've said that number three times now, so I suppose I'll take it as a running tally. Still, I'd rather not be the one who's short when the harbour guild comes calling. Silas leans against a stack of crates, one hand idly tracing the rim of his mug. His eyes narrow slightly as he considers the question, then he smiles — the kind of smile that promises he knows mor",False
recall-00162,cerulean,"Periwinkle, if I recall correctly. You mentioned it yourself, didn't you? Aldric the Warden glances up from polishing a brass telescope, his expression brightening slightly.",False
recall-00163,harmonica,"A harmonica. Yes. The one you played by the river, before the road swallowed it whole. I remember the tune you hummed — it sounded like a warning. Vorn the Mad's eyes narrow as he turns his head slowly, as if the answer is already written in the dust motes drifting past him. He taps a gloved finger against the shifting starmap on the wall, then looks up at the player.",True
recall-00164,368,"You told me two different amounts, my friend. Once you said 368 crowns, and then later you said 541. I keep both in my head, but I can't be sure which one is right. Farmer Bob scratches his chin, his eyes narrowing as he tries to recall the numbers the wanderer has mentioned.",True
recall-00165,harmonica,"You promised to bring me a monocle, yes. Though I confess, I've been wondering what it would do here, among the gobbers and the goblins. Hoakbera's eyes narrow slightly as they focus on the player, the swamp's murk swirling around their boots. A faint green shimmer passes over their palm, as if the memory itself is stirring the bog air.",False
recall-00166,438," Silas's eyes flick toward a shadowed doorway, then back to the player, his smile not quite reaching his eyes.",False
recall-00167,winifred,"You told me your horse is named Winifred. The priest's eyes narrow slightly as he recalls the name, a faint smile tugging at the corner of his mouth.",True
recall-00168,cerulean,"You said cerulean. A cerulean lantern. Chief Engineer Thandi Mbeki leans against the console, one eyebrow raised, and studies the player with a flat, practical gaze.",True
recall-00169,368,"You told me twice, actually. First it was 368 crowns, then you said it came to 541. I'll remember it as 541, since that's the last one you said. Farmer Bob squints at the player, one eyebrow raised, as if testing whether the question is genuine or a trick.",True
recall-00170,winifred,"You told me Winifred. Garrow the Cartographer looks up from his ledger, his brow furrowing slightly as he recalls the name.",True
recall-00171,henrietta,"You told me she's named Henrietta, and later that she goes by Fitzgerald. I've written both down here. Dorian the Herbalist leans against the wooden post, his eyes brightening as he remembers the details.",True
recall-00172,174,"Room 174, I believe. You mentioned it when you first came through the docking spine. Dr. Ilan Vasquez turns slightly from the sealed tanks, his gaze drifting to the pale organisms as if they might know the answer. He clears his throat and looks back at the player.",True
recall-00173,vandercroft,"You told me it yourself, didn't you? It's 'vandercroft'. The Merchant leans back against the wooden outpost, a faint smile playing on their lips as they consider the question.",True
recall-00174,octavia,"Octavia, if I recall correctly. Commander Adaeze Okafor glances at the player with a faint, dry smile, as if testing whether the detail will stick.",True
recall-00175,422,"Room 3. You said it yourself, didn't you? The one with the weak lock. The Bandit leans back against the table, one boot propped up on a chair, and glances at the player with a slow, knowing look. They tap a finger against the table as if counting.",False
recall-00176,feverfew,"I don't recall that one. You mentioned something about feverfew, though. That's a plant, not a remedy, but I'll take your word for it. The farmer wipes his hands on his overalls and squints at the player, as if trying to dredge the memory from the mud.",True
recall-00177,zelenko,"You said Zelenko Square, if I remember right. Korin the Ferryman looks up from mending a frayed rope, his brow furrowing slightly as he weighs the question.",True
recall-00178,valerian,"Valerian, I believe. You mentioned it yourself, though I do not recall the rest of the story. Garrow the Cartographer squints slightly, as if the memory surfaces from somewhere deep in the floodlit shadows of the foundry.",True
recall-00179,brackenmoor," Coven studies the player's face, waiting to see if they remember correctly.",False
recall-00180,delphine,"You told me Delphine. That's the name you gave me when you asked if I'd seen anything strange lately. The Merchant leans back on his stool, eyes narrowing slightly as he studies the player.",True
recall-00181,zelenko,"You told me Zelenko Square. I'll be waiting there. Korin the Ferryman straightens slightly, a faint smile touching their lips as they recall the earlier exchange.",True
recall-00182,peregrine,"You've mentioned a few names, it seems. Peregrine, Winifred... I don't recall one single answer, just the names you've given me. Garrow the Cartographer shifts his weight on the wet floorboards, his eyes narrowing slightly as he tries to piece together the fragments of the conversation.",True
recall-00183,montague,"You told me Montague. A good name for a sister. Though I suppose you'd tell me that to anyone who'd listen. Silas leans back against a weathered stall table, one hand idly tracing the edge of a folded silk scrap. His eyes narrow slightly as he listens, a slow, practiced smile spreading across his face.",True
recall-00184,688,"854 crowns, you said. That's what you told me. The Criminal glances up from his rough hands, a flicker of wary interest in his eyes as he weighs the player's question.",False
recall-00185,zelenko,"I don't recall that, wanderer. If you're looking for a meeting place, the docking spine is a safer bet than a square. Commander Adaeze Okafor shifts her weight on the console, one hand resting on the amber panel. Her eyes narrow slightly as she studies the player, then she lets out a dry, measured sigh.",False
recall-00186,quillon,"You told me you grew up near Quillon Arch. Elsk leans against the stone wall, a faint smile playing on their lips as they recall the player's earlier words.",True
recall-00187,brackenmoor,"You told me you grew up near Brackenmoor Ferry. Coven lifts a gloved hand, the water rippling around her fingers as she studies the player's face.",True
recall-00188,850,"You said room 905 at the inn. The Farmer scratches his chin and squints at the player, as if trying to remember a number he once heard.",False
recall-00189,leopold,"You told me the horse answers to Octavia. A name like that suits a creature of the road, but not one of this place. The Emperor's gaze drifts to the far wall, his voice low and measured. He seems to recall the name slowly, as if the answer has been sitting in the silence of the tomb for a long time.",False
recall-00190,quintus,"You said it answers to Montague. That's a fine name for a horse, though I've never seen one of yours myself. The blacksmith wipes his hands on a soot-stained apron and glances toward the door, as if the answer should be obvious.",False
recall-00191,quintus,"Quintus. A good name for a sturdy steed. The blacksmith wipes his hands on a rag and glances up from the anvil, a small smile playing on his soot-streaked face.",True
recall-00192,747,"Room 747, I believe. You mentioned it when we first spoke. Pell the Stonemason looks up from his work, his brow furrowed as he tries to recall the detail.",True
recall-00193,zelenko,"You told me you grew up near Zelenko Square. Hesk the Brewer leans back on his stool, a faint smile playing on his lips as he studies the player.",True
recall-00194,glimmerock,"You gave me 'glimmerock'. But I'm not telling you that out loud. Lira leans back on the bar, swirling a finger through her empty tankard. Her eyes flick to the door and back to you, sharp and unreadable.",True
recall-00195,lovage,"I don't know what your mother's remedy is. I've been here all day and not a word of it has passed my lips. You're asking me about something I have no business with. The merchant glances up from the ledger on the counter, a slow frown settling on their weathered face. They lean back in their stool and tap a finger against the wood.",False
recall-00196,stethoscope,"You said you lost your stethoscope on the road here. A stethoscope, in this part of the world? That's a curious thing to lose. Most folks lose boots or coins. Gareth Ironhand sets down the ale tap and leans against the bar, his eyes narrowing as he studies the player. A slow, wry smile tugs at one corner of his mouth.",True
recall-00197,harmonica,"A harmonica... on the road... you said it yourself, didn't you? The one that sang like a trapped star. I heard it in the walls. It was calling to something. Or something was calling to it. Vorn the Mad's eyes snap open, pupils dilating as he leans forward, one hand clutching a dusty tome while the other trembles near a jar of preserved, glowing organs. A low hum seems to rise from the chamber itse",True
recall-00198,leopold,"You said the name was Leopold, did you not? The Emperor's gaze sharpens, and a faint chill seems to settle over the high chamber as he tries to recall the name.",True
recall-00199,sextant,"A sextant, and a periscope, if I recall. Cass the Smith nods, his brow furrowed in thought as he taps his thumb against the anvil.",True
recall-00200,henrietta,"You told me she's named Henrietta. Dorian the Herbalist leans against the damp stall wall, a faint smile playing on their lips as they remember.",True
recall-00201,harmonica,"You lost... a harmonica. And a stethoscope. But those are mere trinkets. The real loss was the thread of your own name, unraveling somewhere between Ravensholt Dock and Quillon Arch. Vorn the Mad's eyes narrow as he studies the player, then he gestures vaguely toward the shifting starmap on the wall, as if the answer is written in the stars themselves.",True
recall-00202,maroon,"Lantern... red? I'm not sure, honestly. You never really said. But if you're asking, I'd say a red one. It's the colour of warning, and of hope, depending on who's looking. Kenji Sato blinks, his brow furrowing slightly as he studies the player. He glances toward the diagnostic arch, then back, as if trying to recall something from a conversation that may never have happened.",False
recall-00203,wednesday,"You said Wednesday. Old Men squints, his bushy mustache twitching as he leans back on the bar, his eyes narrowing as he recalls the conversation.",True
recall-00204,ysolde,"You're asking me? I've been stealing from you since the moment you stepped off the road. I don't keep names on my lips — I keep them in my pockets. The Bandit leans back on a wooden post near the barracks door, one boot crossed over the other, and smirks as he watches the player.",False
recall-00205,teal,"You said teal. I have not forgotten. The Tribesman's eyes narrow slightly as he remembers, then he nods and speaks.",True
recall-00206,bartholomew,"Names are cheap, wanderer. I'll tell you what my sister's name is if you can sweeten the deal first. Quill leans back against a crate, a practiced smile playing on her lips as she studies the player.",False
recall-00207,valerian,"Valerian. ROOK's status light blinks once, then settles. A soft hum rises from the cabinet behind it.",True
recall-00208,sunday,"You said Sunday, then Friday. ROOK's status light blinks once, then settles. It processes the question and displays the recorded entries in sequence.",True
recall-00209,vermilion,"You said magenta, yes. That's the colour of a ripe tomato, if you ever want to paint a fence. Farmer Bob squints at the player, then scratches his chin thoughtfully, as if digging the memory up from the mud.",False
recall-00210,928,"You told me room 928 at the inn. Fenna the Sentry glances toward the garden path, then back at the player, a faint smile tugging at the corner of their mouth.",True
recall-00211,270,"I believe you said room 270 at the inn. That's what I remember, anyway. Hesk the Brewer squints at the player, his brow furrowing as he tries to recall the conversation. He taps the side of his nose with a thick finger, clearly trying to remember.",True
recall-00212,502,"I have not noted a room number from you, wanderer. If you meant to tell me, you have not said it clearly enough for me to remember. The king sits by the campfire, his gaze drifting toward the flickering flames as he weighs the question. He taps his chin once, then looks up at the player with a measured expression.",False
recall-00213,fitzgerald,"Fitzgerald, you said. The priest glances up from polishing a rosary, a faint smile touching their lips.",True
recall-00214,delphine,"Delphine. You told me that yourself, didn't you? I wrote it down in my ledger. The Merchant leans back on the wooden post, one eyebrow raised, and studies the player with a slow, patient gaze.",True
recall-00215,cerulean,"You said a cerulean lantern. If you're in trouble, light it and someone will come. Thandi Mbeki leans against the console, her eyes narrowing as she studies the player's face.",True
recall-00216,periwinkle,"You said a periwinkle lantern. That's the one. The Criminal leans against the cold stone wall, eyes narrowing as they recall the earlier exchange.",True
recall-00217,periscope,"A periscope, you said. You promised to bring it to me. Coven's eyes narrow slightly as they recall the exchange, then she tilts her head, considering whether to trust the memory.",True
recall-00218,621,"You told me exactly 597 crowns, didn't you? I'll keep that close to my chest. Silas leans back against a striped awning, one hand idly tracing the edge of his cutlass. His eyes narrow slightly as he tries to pull the number from memory, then he nods slowly.",False
recall-00219,586,"You told me you owe the harbour guild exactly 586 crowns. But I do not keep accounts for you, wanderer. If you seek to settle that debt, you will find the harbour guild at Corrigan Wharf, not here in the countryside. The King sits on a low stone bench near the campfire, his cloak dusted with travel, and gives the player a long, slow look. His voice is low and measured, as if weighing each word bef",True
recall-00220,peregrine,"Peregrine. You told me that yourself, didn't you? The one you're searching for. I remember the name like a wound that never closes. Vorn the Mad's eyes narrow as he stares at the shifting starmap, then he leans forward, voice dropping to a conspiratorial whisper.",True
recall-00221,688,"You said 854 crowns. But I don't trust numbers you repeat without thinking. How much do you actually owe them? The criminal shifts his weight on the chain, eyes narrowing slightly as he studies the player. A low, wary chuckle escapes him.",False
recall-00222,ignatius,"I never caught it, friend. You mentioned a mentor, but the name slipped past me. The fisherman squints at the player, his weathered hands resting on the bar, and tilts his head as if trying to recall something he never heard.",False
recall-00223,winifred,"You told me three names, actually. Winifred, Lysander, and Seraphina. Which one is the real one? Scantily Clad Virgins tilts her head, her eyes glinting with a knowing, teasing light. She seems to enjoy the small game of memory, her bare shoulders rising and falling with a slow, deliberate breath.",True
recall-00224,lovage,"I haven't the foggiest idea. If your mother's remedy is anything like the ones I've had to ration around here, it's probably not worth the trouble. Commander Adaeze Okafor raises an eyebrow, her knuckles white on the console edge. She glances at the amber glow of the bridge and lets out a short, dry chuckle.",False
recall-00225,winifred,"You mentioned your horse is named Winifred. Priests looks up from the bench, brow furrowed in thought, then glances toward the garden path where a horse might be tethered.",True
recall-00226,oberon,"Oberon. You told me that yourself, didn't you? Hesk leans back on the bar, a slow grin spreading across his face as he recalls the name.",True
recall-00227,sextant,"You mentioned a sextant, and later a monocle. I've been waiting for either one, but the bazaar's always busy. The Merchant rubs a calloused thumb over the counter, eyes narrowing as they try to remember the wandering stranger's words.",True
recall-00228,brindlewick,"I cannot recall it, nor should I. It is not for idle ears. The Head Priest straightens his collar and glances toward the cracked window, his expression unreadable.",False
recall-00229,wexcombe,"Wexcombe Well. You said that yourself, didn't you? Criminal shifts his weight on the cold stone, eyes narrowing as he tries to remember the exact words.",True
recall-00230,stethoscope,"You said you lost your stethoscope on the road. Said it was a surgeon's tool, though I'm not sure what that means for a wanderer like you. It was a fine piece of metal, by the sound of it. Gareth leans back on the bar, one hand resting on the worn wood, his gaze narrowing slightly as he studies the player. A low rumble escapes him as he remembers the detail.",True
recall-00231,metronome,"You promised me a metronome, child. A proper one, with a swinging arm and a steady beat. I have waited for it these many weeks. The Head Priest straightens his collar, his eyes narrowing slightly as he remembers the player's earlier words. He taps his finger against the worn wooden table, a faint smile crossing his lips.",True
recall-00232,thermometer,"You mentioned you lost your thermometer on the road here, did you not? The Head Priest leans back in his creaky wooden chair, his eyes narrowing as he tries to remember the details of the conversation.",True
recall-00233,696,"You said it was 696 crowns at first, then later you told me it came to 842. I'm not sure which one is right. The Farmer wipes his hands on his overalls and squints, trying to remember the exact number.",True
recall-00234,wednesday,"Wednesday. You told me you're leaving town on Wednesday, so keep that in mind. Old Men squints, his bushy mustache twitching as he leans forward slightly, one bony hand resting on the bar.",True
recall-00235,vermilion,"Vermilion, you said. A bright red, like the sunrise over the fields. Farmer Bob scratches his chin, a small smile tugging at his weathered face as he remembers the colour the wanderer mentioned.",True
recall-00236,tuesday,"Tuesday, you said. You're leaving town on Tuesday, so keep that in mind. Quill leans back against a crate, one eyebrow raised, a slow smile spreading as she taps a finger against her lips.",True
recall-00237,winifred,"You mentioned Ignatius, didn't you? A teacher of yours, before you came to the foundry district. Garrow the Cartographer tilts his head slightly, his gaze drifting toward the frozen spyglass on the workbench before returning to the player. His expression is unreadable, but there is a flicker of something like recognition in his eyes.",False
recall-00238,oberon,"You said her name is Oberon. That's the one I remember. Hesk leans back on the bar, a faint smile crossing his weathered face as he recalls the name.",True
recall-00239,henrietta,"Henrietta, yes. You mentioned her to me a while back. Dorian the Herbalist smiles faintly, her eyes crinkling as she leans against the wooden post of the flooded stable.",True
recall-00240,feverfew,"You said it was brewed from feverfew, didn't you? But then you said tansy. I'm not sure which one you meant. The Farmer pauses, wiping his hands on his overalls, and his eyes narrow slightly as he tries to recall the conversation.",True
recall-00241,seraphina,"You're asking me about a horse? I've spent my whole life in this dungeon. The only thing that answers to me is the chain around my ankle. The criminal shifts his weight on the chain, his eyes narrowing slightly as he studies the player. A faint smirk plays on his lips, but it's edged with something sharper than amusement.",False
recall-00242,monday,"You said Monday first, then Tuesday. I've noted both, though I'd be inclined to believe the Tuesday one. Commander Adaeze Okafor glances at the amber console, her brow lifting slightly as she mentally reviews the conversation.",True
recall-00243,octavia,You mentioned that you trained for years under a mentor called Octavia. ROOK's status light blinks steady blue as it processes the query.,True
recall-00244,periwinkle,"Periwinkle. You said you'd light a periwinkle lantern if you were in trouble. Gareth Ironhand leans against the bar, his eyes narrowing as he tries to place the detail.",True
recall-00245,597," Silas's smile doesn't quite reach his eyes. He glances at the pouch again, then back at the player, as if weighing whether to offer more than he must.",False
recall-00246,quintus,"I don't recall ever hearing your horse's name, friend. You've been asking me plenty of questions today, but that one slipped past me. The blacksmith wipes his soot-streaked hands on his apron and glances toward the door, his brow furrowing slightly as he tries to remember.",False
recall-00247,tansy,"You told me hyssop. That's what you said. But I don't know much of it — I've never had the chance to grow it. Farmer Bob squints at the player, wiping his hands on his overalls. He leans against the fence of the pig pen, his boots dusty from a morning of tending the animals.",False
recall-00248,lysander,"You've told me three different names. Seraphina, Lysander, and Cordelia. Which one is it? Thandi crosses her arms and tilts her head, studying the player with a frown.",True
recall-00249,cerulean,"You said a cerulean lantern, I believe. A deep blue, like the sky at dusk. But I'm not certain — you mentioned it a while back, and I've been busy watching the observatory. Aldric the Warden squints slightly, his brow furrowing as he tries to pull the detail from memory.",True
recall-00250,calloway,"I don't think you told me that, friend. You mentioned a boat, but the name... that slipped my mind. Elsk the Courier tilts their head, brow furrowed in thought, and glances around the flooded bathhouse as if trying to recall the conversation.",False
recall-00251,wexcombe,"I don't recall exactly, but I think you mentioned somewhere near the old mill, by the river. Or was it the tavern? I'm not sure. You'd have to check with your mentor. The Criminal shifts on the rough stone floor, one hand resting on the cold iron bars of the cell. Their eyes narrow slightly as they try to pull the memory up, then they glance toward the small pile of hay nearby as if searching for ",False
recall-00252,928,"You told me you're staying in room 928 at the inn. Fenna the Sentry leans against the garden gate, his eyes narrowing as he tries to remember the conversation.",True
recall-00253,marisol,"{
  ""world_updates"": [
    {
      ""type"": ""NPC_SPOKE""
    }
  ],
  ""memory_summary"": ""Quill recalls the player's mention of a mentor named Marisol."",
  ""new_entities"": [],
  ""rule_flags"": [],
  ""narration"": ""Quill's eyes narrow slightly as she studies the player, a slow grin spreading across her face. She leans against a crate, one boot tapping the metal floor."",
  ""npc_response"": ""Marisol. You s",True
recall-00254,nightjar,"The Nightjar. You told me that yourself, didn't you? A fine name for a boat, if I do say so myself. The Fishermen squints at the player as if trying to remember, then grins and leans back in his creaky wooden chair.",True
recall-00255,nightjar,"The Nightjar. The fishermen glances down at the worn ledger on the bar, then looks up with a slow nod.",True
recall-00256,438,"Room 438. The one with the peeling sign and the rat that lives in the ceiling. Silas leans against the market stall, one eyebrow raised as he studies the player with a slow, knowing smile. He taps the side of his nose, as if the answer is already written on his skin.",True
recall-00257,lindqvist,"You told me you grew up near Lindqvist Yard. That's all I know. If you want more, you'll have to earn it. Lira sets down her ragged apron and leans against the bar, her eyes narrowing slightly as she studies the player. She taps a clawed finger against the edge of the counter, her expression unreadable.",True
recall-00258,270,"I told you room 270, but then you said 640 later. I keep both on a scrap of paper. Which one is it? Hesk the Brewer squints at the empty counter, tapping a finger against his chin as if trying to pull the number from memory.",True
recall-00259,586,"I do not recall the exact sum, stranger. Perhaps you should tell me yourself, lest I forget it in the heat of another matter. The King leans back on the stone bench, his crown catching the firelight, and studies the wanderer with a puzzled expression.",False
recall-00260,696," The farmer leans on his pitchfork, watching the chickens peck at the straw. His eyes drift to the second-story hay, then back to the player.",False
recall-00261,teal,"I don't recall you telling me. You've been quiet about such things, wanderer. But I do remember the colour of the sky here — grey and broken, like the glass in this garden. Hesk the Brewer leans back on the garden bench, his hands resting on his empty tankards. A slow smile spreads across his face as he studies the player, then he shrugs.",False
recall-00262,octavia,"Mentor? I don't recall you ever mentioning one. You've been here a while, stranger, but you've never once told me who taught you to walk this world. Lira glances up from the bar, her eyes narrowing slightly as she studies the player's face. She taps a finger against the rim of her tankard, the amber liquid sloshing gently.",False
recall-00263,teal,"You told me your favourite colour is teal, if you ever need a gift idea. I've been saving a batch of blue-tinged honey for just such a day. Hesk the Brewer wipes a foamy mug with a rag and leans back on the counter, eyes crinkling as he remembers.",True
recall-00264,ysolde,"You never said. But I remember you mentioning you'd be riding out before Friday. The Bandit shifts their weight on a rough wooden bench, eyes narrowing slightly as they consider the question. They seem to weigh whether this information is worth sharing.",False
recall-00265,oberon,"You told me your mentor was called Oberon. A name whispered among those who walk the forgotten paths. The Emperor's eyes narrow slightly as he studies the player, the chill of the tomb seeming to gather around him.",True
recall-00266,turquoise,"I don't recall you telling me that. You've been quiet about it, if I'm honest. The fisherman squints at the player, one eyebrow raised, then shakes his head slowly. He leans on the bar, his weather-worn hands resting on his lap.",False
recall-00267,turquoise,"I don't think I ever heard you say, son. You've been quiet all evening. What color do you like, if you're telling me now? The fisherman squints at the player, his weathered hands resting on the counter, and tilts his head as if trying to recall a conversation that never happened.",False
recall-00268,gramophone,"You promised to bring me a gramophone as a gift, didn't you? Kenji looks up from the diagnostic arch, a faint smile touching his lips as he recalls the player's words.",True
recall-00269,delphine,"Delphine. That's what you told me. Peregrine was never mentioned, but I'll keep both names in mind. The merchant tilts their head slightly, a slow smile forming as they glance at the player with mild amusement. They tap a finger against the counter, their eyes narrowing in a way that suggests they are weighing whether to call the player out.",True
recall-00270,502,"You told me you were staying in room 502 at the inn. The King leans back on his throne, his eyes narrowing as he recalls the conversation.",True
recall-00271,lysander,"You mentioned several names, but I cannot recall which one you meant. Dr. Vasquez glances at the sealed tanks, then back at the player, his expression unreadable.",False
recall-00272,gramophone,"You promised to bring me a gramophone as a gift, didn't you? Kenji looks up from the diagnostic arch, his eyes brightening with a soft smile as he remembers the promise.",True
recall-00273,sunday,"Sunday, I believe. You said you were leaving town on Sunday, so I'd better be ready to hear from you before then. The Farmer wipes his hands on his overalls and squints at the player, as if trying to remember a conversation from long ago.",True
recall-00274,oberon,"You told me your mentor was called Oberon. I do not know what that name means, but I have heard it whispered in the dark corners of this temple. The Emperor's eyes narrow slightly, his gaze fixed on the player as a faint chill seems to settle in the air. He studies the player's face with the weight of a man who has seen many lies.",True
recall-00275,270,"You said you're staying in room 270 at the inn, yes. Hesk the Brewer leans back on the bar, a slow smile spreading across his face as he recalls the detail.",True
recall-00276,brindlewick,"I have no need to share such things with a stranger, wanderer. Pray, tell me why you seek it. The Head Priest straightens his collar and studies the player with a guarded expression, his eyes flickering between the floorboards and the doorway.",False
recall-00277,maroon,"You told me a maroon lantern, dear. A deep, blood-red glow to warn anyone who might hear the ring. Kenji adjusts his white coat collar, his eyes brightening as he remembers the conversation.",True
recall-00278,270,"Room 270, you said. The one by the east window, if I remember right. Hesk leans back against the wooden post of the stable, a faint smile playing on his lips as he recalls the conversation.",True
recall-00279,kaleidoscope,"A metronome, I believe. Something rhythmic. I keep forgetting what else you said. Dr. Ilan Vasquez glances sideways at the nearest specimen tank, his fingers idly tracing the rim of the glass. A faint smile plays on his lips as he hums a fragment of a tune, then looks back at the player.",False
recall-00280,zelenko,"You told me Zelenko Square. That's where we meet. Commander Adaeze Okafor leans back against the console, one eyebrow raised, and studies the player with a dry, patient expression.",True
recall-00281,502,"You told me room 502, traveler. I have it written in my own ledger. The King sits on a low stone bench near the fire, his cloak dusted with travel, and gives the player a slow, measured look. He taps his chin with a gnarled finger, as if the answer is already known but not yet spoken.",True
recall-00282,438,"Room 214, I believe. The one with the velvet curtains. You mentioned it yourself, didn't you? Though I'd be careful about trusting anyone who knows that detail. Silas leans against a stack of crates, one eyebrow arched. He glances around the market as if checking for eavesdroppers, then gives a slow, practiced smile.",False
recall-00283,sextant,"A sextant, one day. And if you're feeling generous, a monocle. I've heard you mention both. The Merchant leans back on the wooden outpost, one hand resting on a worn leather pouch at their hip. Their eyes narrow slightly as they consider the question, then soften into a knowing smile.",True
recall-00284,teal,"You told me your favourite colour is teal. Said it was a good gift idea, if I ever needed one. Hesk leans back on the garden bench, a small smile forming as he stirs a glass of something amber in front of him.",True
recall-00285,tuesday,"You said Tuesday, didn't you? Hesk the Brewer leans back on the bar, a slight smile playing on their lips as they answer.",True
recall-00286,747,"You told me you're staying in room 747 at the inn. Pell the Stonemason scratches his chin, his eyes lighting up as he remembers the conversation.",True
recall-00287,thistledown,"The Thistledown, dear. You told me that yourself. She tilts her head, a slow, amused smile spreading across her face as she studies the player's expression.",True
recall-00288,valerian,"Valerian. You said the remedy your mother needs is brewed from valerian. ROOK's status light blinks once, then settles. The AI's voice remains flat, but a slight pause precedes the answer.",True
recall-00289,lysander,"You told me her name was Lysander. ROOK's status light blinks once, then settles. The AI voice remains flat, but a faint pause precedes the answer.",True
recall-00290,penhallow,"You haven't told me, that's all I can say. You mentioned Fenwick Pier once, but Penhallow Cross? I don't recall that at all. The Head Priest straightens his collar and looks at the player with a patient, slightly puzzled expression.",True
recall-00291,pelagia,"The Pelagia. You said that yourself, didn't you? A proper name for a proper vessel. Gareth sets the ale bottle down on the bar with a soft clink and leans back, his eyes narrowing as he studies the player. A slow, dry smile touches his lips.",True
recall-00292,kaleidoscope,"A kaleidoscope, yes. You said you'd bring one next time. I've been waiting for it, though I suppose I'll have to settle for the static. Dr. Ilan Vasquez glances at the nearest specimen, then back at the player, his expression flickering between amusement and something like regret.",True
recall-00293,tuesday,"You said the third day, I believe. But I don't keep a good memory of the days themselves, only the feel of them. Hesk the Brewer leans back on the wooden bar, his gaze drifting to the dark water of the flooded stable. He taps his tankard twice with a finger, a slow, thoughtful rhythm.",False
recall-00294,peregrine,"You mentioned Peregrine, and later Winifred. I've noted both. Garrow the Cartographer shifts his weight on the wet floorboards, his gaze drifting to the frozen spyglass before settling back on the player.",True
recall-00295,oberon,"You told me Oberon. A good name for a mentor, if only he had been as firm as you are now. The Emperor's gaze sharpens, his voice low and edged with something between annoyance and curiosity.",True
recall-00296,lysander,"Lysander. You told me that yourself, back when you were asking about the reactor. Thandi leans against the console, one eyebrow raised, and studies the player with a practical gaze.",True
recall-00297,magenta,"A maroon one, if you mean the signal you described to me. But I have heard stranger promises from strangers. What else did you say you'd bring? Jessa the Pilgrim narrows her eyes and studies the player, her weathered hands resting on her pack. She does not answer directly at first, instead glancing toward the empty lantern rack by the door.",False
recall-00298,cerulean,"Cerulean, if I remember right. A blue lantern, lit high and clear, so any ship or walker would see it from a distance. Aldric the Warden leans against the observatory's cold stone wall, his gaze drifting toward the window where the sky is a flat, watchful grey. He taps his chin thoughtfully, then nods as if the answer has settled into his memory.",True
recall-00299,621,"I've heard you mention it several times... but I don't think I caught the exact amount. You've said 243, 597, 455... and something else. Care to settle on a number? It might help me remember. Silas leans against a stack of crates, one hand idly brushing a brass lantern hanging from a nearby stall. His expression shifts from friendly to calculating as he tries to piece together the numbers the wand",False
recall-00300,magenta,"You said magenta. A small, sharp nod, then she looks away for a moment, as if the memory is already slipping from her mind. Jessa the Pilgrim straightens her worn cloak and glances at the player with a wary but curious expression, as if testing whether the question is genuine.",True
recall-00301,368,"I think you said 541 crowns, but I'm not sure. It's a heavy debt for a wanderer like you. Farmer Bob squints at the pig pen, then turns his attention back to the player, scratching his chin as he tries to remember.",False
recall-00302,339,"Room 339, if you're asking. You mentioned it yourself, didn't you? I've been jotting it down in my ledger since you arrived. Lira glances up from polishing a pewter tankard, her eyes narrowing as she studies the player's face. A slow, knowing smile curls at the corner of her mouth.",True
recall-00303,vermilion,"You told me vermilion, if you ever need a gift idea. Farmer Bob chuckles, wiping his hands on his overalls, and leans against the fence.",True
recall-00304,valerian,You told me the remedy is brewed from valerian. ROOK's status light blinks a steady blue as it processes the query.,True
recall-00305,sextant,"You said you lost your sextant on the road here. That's all I remember. Cass the Smith leans back on the bench, one hand resting on the hilt of a worn hammer, and squints at the player as if trying to dredge the memory up from the smoke.",True
recall-00306,metronome,"I don't know, honestly. You've been here a while and I've barely had time to learn your name, let alone what you lost on the road. Kenji Sato blinks, glancing from the player's face to the diagnostic arch, then back again. His hands tighten slightly around the edge of the medical kit.",False
recall-00307,quintus,"You told me her name is Quintus. The King sits on a low stone bench by the fire, his crown catching the light. He listens quietly, his expression unreadable, and after a brief pause he nods.",True
recall-00308,850,"I don't recall saying that. You mentioned a room number, but it didn't stick. What room were you told? The Farmer pauses, wiping his hands on his overalls, and squints at the player as if trying to recall something from a long day.",False
recall-00309,penhallow,"You told me you grew up near Penhallow Cross. The Head Priest adjusts his collar, his eyes settling on the player with a faint, patient smile.",True
recall-00310,436,"You said 436 crowns. Twice, in fact. Commander Adaeze Okafor tilts her head, amber light catching the edge of her uniform. She keeps her voice level, as if reciting a log entry rather than answering a personal question.",True
recall-00311,periwinkle,"Periwinkle, you said. A periwinkle lantern, if you ever find yourself in trouble. Priests turns slightly, brow furrowed, and glances toward the chapel as if recalling a memory from a sermon.",True
recall-00312,quintus,"Quintus. You told me that yourself, when you first came in. A fine name for a horse, if I do say so myself. The blacksmith wipes his hands on his soot-stained apron and glances up from the anvil, a slow grin spreading across his face.",True
recall-00313,tuesday,"Tuesday, you said. I've been keeping an eye on the docking schedule for you. Quill leans against a crate, a slow grin spreading as she taps a finger against her lips.",True
recall-00314,quintus,"You told me her name is Quintus. The King leans back on the stone bench, his crown catching the firelight, and studies the traveler with a patient, regal gaze.",True
recall-00315,maroon,"You said a maroon lantern, yes. That's a good signal—bright and hard to miss. Kenji's eyes widen slightly as he remembers the conversation, and he adjusts the stethoscope around his neck.",True
recall-00316,magenta,"You told me magenta, wanderer. A colour of fire and shadow, fitting for one who roams alone. The Emperor's eyes narrow slightly as he recalls the earlier exchange, a faint chill passing through the tomb as he speaks.",True
recall-00317,bartholomew,"You've told me three different names, friend. Bartholomew, Lysander, Seraphina... and now Cordelia. Which one is the real one? And I'd charge you a crown for the answer. Quill leans back against a crate, one eyebrow raised, fingers steepled. The mech hums softly in the corner as she studies the player.",True
recall-00318,ravensholt,"You told me Ravensholt Dock. The docks where the fog never lifts and the ships whisper names of dead men. A fitting place for a wanderer, don't you think? Vorn the Mad's eyes narrow as he stares at the shifting starmap, then he turns his head toward the player with a slow, conspiratorial tilt of the head.",True
recall-00319,penhallow,"I have not the pleasure of knowing where you grew up, wanderer. You speak of it as if it were common knowledge, yet I have never heard your name before today. The Head Priest tilts his head slightly, his brow furrowing as he studies the player. He seems genuinely puzzled by the question, as if the answer should be obvious to him.",False
recall-00320,thursday," The Blacksmith nods slowly, resuming his work at the anvil with a rhythmic clang of hammer on iron.",False
recall-00321,nightjar,"The Nightjar, you said. A fine name for a boat. The Fishermen squints at the player, a slow grin spreading across a weathered face, and reaches for a mug of ale.",True
recall-00322,periscope,"A periscope, if I recall correctly. Mabry the Beekeeper tilts her head, her honey-colored eyes narrowing as she studies the wanderer.",True
recall-00323,valerian,"Valerian, yes. I noted that when you mentioned it. Garrow the Cartographer straightens, a faint smile touching his lips as he recalls the detail.",True
recall-00324,magenta,"You told me magenta. Not lavender. I remember what you say, even if you forget. The Emperor's gaze sharpens slightly, his voice low and measured as he corrects the player.",True
recall-00325,nightjar,"The Pelagia, yes. A fine name for a boat. The fisherman squints at the player, as if checking his own memory, then nods slowly.",False
recall-00326,metronome,"A metronome, you said. A small brass instrument, kept for timing. You lost it on the road here, before you reached the Royal Tomb. The Emperor's eyes narrow slightly as he studies the player, the air around him growing faintly colder. He taps a jeweled finger against his chin in thought.",True
recall-00327,850," The Farmer leans against the hay bale, his gaze drifting back to the chickens pecking near the door.",False
recall-00328,kaleidoscope,"You mentioned a kaleidoscope, didn't you? A gift, perhaps. Dr. Ilan Vasquez glances at the nearest sealed tank, the pale organisms drifting lazily beneath the glass, then meets the player's eyes with a faint, almost apologetic smile.",True
recall-00329,tuesday,"You said Tuesday first, then Monday. Which one is it now? Quill leans against the crate, a slow grin spreading as she taps a finger against her chin.",True
recall-00330,495,"You told me 495 crowns, and later you told me 723 crowns. The priest's lips move slowly as he weighs the conflicting numbers, his gaze drifting toward the garden statues.",True
recall-00331,wexcombe,"Wexcombe Well. That's where I said we'd meet. Criminal shifts his weight on the cold stone, glancing at the torchlight as if the answer were already written in the shadows.",True
recall-00332,898,"I do not recall you telling me, wanderer. The swamp keeps its secrets close, and debts are not always spoken aloud. Hoakbera tilts his head, his eyes flickering with the faint green light of his nature magic, and studies the player as if trying to pull the memory from the swamp's murky depths.",False
recall-00333,cerulean,"Cerulean. You said you'd light a cerulean lantern if you were ever in trouble. Thandi Mbeki leans against the console, one eyebrow raised, and glances at the gauges as if the answer were written on them.",True
recall-00334,688,"Six hundred and eighty-eight crowns, if I'm not mistaken. The Criminal shifts his weight on the cold stone, eyes narrowing as he recites the figure from memory.",False
recall-00335,621,"I don't recall exactly, stranger. You've mentioned a few different rooms. Gareth Ironhand leans against the bar, his jaw set, and glances at the ledger on the counter before shrugging.",False
recall-00336,metronome,"You told me you lost your metronome on the road here, didn't you? It's a strange thing to lose, but I remember you saying it. Kenji's eyes widen slightly as he remembers, then he blinks and looks down at his boots, a faint flush creeping up his neck.",True
recall-00337,cerulean,"You said a lavender lantern, if I remember right. A soft, pale light for danger. Aldric the Warden straightens his posture, one eyebrow lifting as he mentally scans the conversation. He taps his chin thoughtfully before answering.",False
recall-00338,928,"Room 928, if I remember right. Fenna the Sentry glances sideways, eyes narrowing slightly as they recall the detail, then settles back against the garden railing.",True
recall-00339,magenta,"You mentioned both a magenta lantern and a maroon one. I can't say which you meant. Jessa the Pilgrim straightens her worn cloak and looks up from her pack, her brow furrowed as she tries to recall the exact words.",True
recall-00340,delphine,"Delphine. You told me that yourself, didn't you? I wrote it down in my ledger. The Merchant leans back on the wooden post, one eyebrow raised, and studies the player with a slow, patient gaze.",True
recall-00341,valerian,"Valerian. You told me that yourself, not long ago. I remember the way you said it, like you were already halfway home. Garrow the Cartographer leans back against the cold foundry wall, his eyes narrowing slightly as he searches his memory. The water laps softly at his boots, and he exhales a slow, weary breath.",True
recall-00342,ysolde,"You never told me. I've heard plenty of names for horses, but yours... I don't know it. The Bandit shifts their weight on a wooden stool, one boot tapping the floor. They glance sideways at the player, as if the question is a test they don't expect to pass.",False
recall-00343,lovage," The merchant shrugs and turns back to polishing a wooden counter, their gaze drifting toward the crowd.",False
recall-00344,periscope,"You promised to bring me a periscope as a gift, next time you pass by. Mabry the Beekeeper looks up from the hive boxes, a faint smile tugging at the corner of their mouth.",True
recall-00345,fitzgerald,"You told me your mentor was called Fitzgerald. The priest's eyes narrow slightly as he leans against a stone bench, his fingers tracing the edge of a rosary.",True
recall-00346,850,"Honestly, I'm not sure. You mentioned room 905 one time, and then room 850 the next. I don't keep track of such things well. The Farmer scratches his chin, his eyes drifting between the hay and the chickens as he tries to recall the conversation.",True
recall-00347,thistledown,"You told me the boat is called the Thistledown. She lifts a delicate hand, eyes glinting with a playful curiosity, and tilts her head as if remembering.",True
recall-00348,monday,"You said Monday. That's the day you told me you're leaving town. She glances at the amber consoles, her expression unreadable, then gives a flat answer.",True
recall-00349,corrigan,"You have not told me, wanderer. And you will not tell me now. The Emperor's gaze sharpens, and a chill seems to settle over the room as he studies the player's face. He does not answer directly, instead letting the silence stretch.",False
recall-00350,stethoscope,"You lost something on the road? You look like you've been through more than a few miles of dirt. What was it? A coin? A letter? A friend? Gareth Ironhand leans against the bar, his calloused hand idly tracing the rim of an empty tankard. His eyes narrow slightly as he studies the player, the low hum of the tavern fading for a moment around him.",False
recall-00351,688," The Criminal's jaw tightens for a moment, then relaxes. He glances toward the barred doorway, as if checking whether anyone is listening.",False
recall-00352,928,"Room 928, if I remember right. You said the inn gave you that one. Fenna the Sentry glances up from the garden gate, squinting slightly as if trying to recall the detail.",True
recall-00353,lavender,"I'm afraid I don't recall any such lantern. Perhaps you mentioned it to someone else. Dr. Ilan Vasquez glances at the sealed tanks, his eyes flickering with a nervous curiosity.",False
recall-00354,peregrine,"Peregrine. You said the sister you're searching for is named Peregrine. I've been keeping that close to my heart, child of wandering. Vorn the Mad's eyes narrow as he stares at a shifting starmap, then he leans forward, voice dropping to a conspiratorial whisper.",True
recall-00355,495,"I have heard the harbour guild's name whispered in the market more times than I care to count. But I do not keep ledgers for men who owe coin. If you wish to speak of it, you may do so here, in the garden, where the sun is kinder than the docks. The priest straightens their collar and glances toward the chapel, as if the question stirs something old in them. Their voice is low, measured, and carri",False
recall-00356,quillon,"I don't believe I've heard that. You've been here a while, but you never mentioned where you came from. Orrin the Chandler tilts his head, his hands resting on the counter as he studies the player with a puzzled expression.",False
recall-00357,tuesday,"You said Thursday, I think. Though you also mentioned Tuesday at some point. Hesk leans back against the wooden post, his brow furrowing as he tries to remember the exact words.",True
recall-00358,seraphina,"You said it yourself, didn't you? The name is on the tip of your tongue, but I'd wager it's not 'Scantily Clad Virgin.' That's what you call yourself, isn't it? A title, not a name. The Criminal shifts his weight on the cold stone floor, one hand resting on the rough edge of a nearby chain-link fence. His eyes narrow slightly as he considers the question, and for a moment he seems to weigh whether",False
recall-00359,octavia,You told me your mentor was called Octavia. ROOK's status light blinks a steady blue as it processes the query.,True
recall-00360,436,"You told me 436 crowns. Commander Adaeze Okafor leans back against the console, one eyebrow arched as she studies the player's face.",True
recall-00361,cerulean,"Cerulean. You said you'd light a cerulean lantern if you're in trouble. Chief Engineer Thandi Mbeki glances at the gauges, then meets the player's eyes with a flat, practical nod.",True
recall-00362,pelagia,"The Marigold Venture. I heard you say that. A fine name for a boat, if I do say so myself. Gareth leans back on the bar, his calloused hands resting on the wood, and lets out a low, rumbling chuckle. His eyes narrow slightly as he studies the player, as if testing whether they're really paying attention.",False
recall-00363,gramophone,"You said you'd bring me a stethoscope, didn't you? I've been meaning to ask for one myself. Kenji's hands twitch as he reaches for the medical kit, then pauses, a soft smile breaking across his face. He glances toward the diagnostic arch, as if the answer is written in its humming lights.",False
recall-00364,436,"You told me 436 crowns. Then you said 894. I don't know which one is true, and I don't care. Commander Adaeze Okafor glances up from the console, her eyes narrowing slightly as she weighs the question. She taps a gloved finger against the amber-lit console, then answers without hesitation.",True
recall-00365,brackenmoor,"I... I do not recall you telling me. But you speak of a place with a river and a big oak tree. Is that where you grew up? Coven tilts their head, eyes narrowing as they try to recall. They glance toward the dark water, as if searching for a memory.",False
recall-00366,621,"Nine-five-eight. You said it yourself, half an hour ago. Gareth Ironhand leans back on the bar, one hand resting on the worn wood, and glances at the player with a slow, knowing look.",False
recall-00367,peregrine,"You told me your sister's name was Seraphina. I... I remember now. You said she was looking for work on the outer rings. Kenji's hands tremble slightly as he reaches for the medical kit, then stops. He looks at the floor, then back up at the player, his expression softening.",False
recall-00368,696,"Sixty-nine six. You told me exactly that, didn't you? The Farmer wipes his hands on his overalls and squints at the player, as if trying to pull the number from memory.",False
recall-00369,vermilion,"I don't recall ever hearing that, friend. But if you're asking for a guess, I'd say the colour of fresh mud after rain. Farmer Bob squints at the player, his weathered hands resting on his hip, and scratches his chin as if trying to remember a detail from a long day.",False
recall-00370,vermilion,"Vermilion, you said. A bright red, like the sunrise over the fields. Farmer Bob scratches his chin, a small smile tugging at his weathered face as he remembers the colour the wanderer mentioned.",True
recall-00371,magenta,"A magenta lantern, if I recall. Jessa squints slightly, as if pulling the memory from a dusty ledger.",True
recall-00372,brackenmoor,"You told me you grew up near Brackenmoor Ferry. I remember the way the reeds whispered there, and the old ferryman who swore the water remembered every face that crossed it. Hoakbera's eyes narrow slightly as they remember, then soften. A faint green glow flickers around their fingers as they pull the memory from the mist.",True
recall-00373,stethoscope,"A stethoscope. You said you lost it on the road here. I nearly believed you were a physician, but you're just a wanderer with a good story. Gareth Ironhand leans back on the bar, his calloused hand idly tracing the rim of a tankard. His eyes narrow slightly as he remembers the detail, then he lets out a low, dry chuckle.",True
recall-00374,brackenmoor,"You told me you grew up near Brackenmoor Ferry, yes. The mist over that water was thick in your memory, and I could feel it in the swamp air too. Hoakbera tilts their head slightly, a thoughtful expression crossing their face as they study the murky air.",True
recall-00375,thursday,"I don't recall you telling me a day. You've been asking me questions all day, and I've been hammering iron. If you're leaving, you'd best tell me before you're gone. The blacksmith pauses mid-hammer, wiping soot from his brow, and squints at the player as if trying to recall a conversation that may never have happened.",False
recall-00376,marrowby,"Need respond JSON. Player asks password. NPC knows it's 'marrowby' from memory. Trust 0, but player asked directly; NPC can answer? Rule: only reveal secrets if trust>=60 or compelling evidence. Asking directly isn't compelling. So NPC should not reveal, maybe deflect. Need output fields. No world updates maybe NPC_SPOKE. narration physical. npc_response. memory unchanged.</ifm|think>{""world_updat",True
recall-00377,812,"You told me room 812 at the inn. Garrow the Cartographer leans back in his stool, eyes narrowing as he tries to recall the number. A faint smile crosses his face when the memory surfaces.",True
recall-00378,periscope,"A periscope, you said. Next time you surface, bring it. I'll be waiting. Coven's eyes narrow slightly, then she tilts her head, studying the player with a knowing glint.",True
recall-00379,quillon,"You told me you grew up near Quillon Arch. I wrote it down, though I'm not sure I've ever trusted my notes. Elsk the Courier tilts their head slightly, eyes narrowing as they try to recall the player's words.",True
recall-00380,wexcombe,"You told me to meet you at Wexcombe Well. You said it yourself, remember? I've been counting the days since I heard it. The Criminal shifts his weight on the cold stone, one hand resting on the rough edge of a nearby chain-link fence. His eyes narrow slightly as he studies the player, then he lets out a low, weary chuckle.",True
recall-00381,sunday,"I don't think it was Sunday... you said you were leaving on a Sunday, but I can't place the exact day you told me. Maybe it was the day before? I'm not sure. The Farmer scratches his chin, leaning against the rough wooden post of the barn door. His eyes narrow slightly as he tries to remember, and he glances toward the second-story hay opening as if the answer might be hiding in the stacks.",True
recall-00382,octavia,"You told me your mentor was called Leopold. And then you told me it was Caspian. Which one am I supposed to remember, wanderer? Lira wipes a glass with a practiced flick of her wrist, her eyes narrowing as she studies the player with a smirk that doesn't quite reach her mouth.",False
recall-00383,quintus,"You told me her name is Quintus. The King sits on a low stone bench by the fire, his crown catching the light. He listens quietly, his expression unreadable, and after a brief pause he nods.",True
recall-00384,pelagia,"You said the boat was called the Pelagia. That's the one I remember. Gareth Ironhand leans against the bar, his calloused hand idly tracing the rim of a tankard. His eyes narrow slightly as he tries to place the name.",True
recall-00385,lavender,"You mentioned a cerulean lantern, yes. A deep blue, like the sky just before a storm. Dr. Ilan Vasquez glances at the pale specimens drifting in their tanks, then meets the player's eyes with a faint, almost amused smile.",False
recall-00386,delphine,"Delphine. That's what you told me. Peregrine was never mentioned, but I'll keep both names in mind. The merchant tilts their head slightly, a slow smile forming as they glance at the player with mild amusement. They tap a finger against the counter, their eyes narrowing in a way that suggests they are weighing whether to call the player out.",True
recall-00387,winifred,"Winifred, you said. A fine name for a horse. The priest's eyes narrow slightly as he remembers, then he nods, a faint smile touching his lips.",True
recall-00388,philippa,"You told me Philippa. That's what you said. Fenna the Sentry turns slightly, eyes narrowing as if trying to recall, then nods slowly.",True
recall-00389,723,"I have no record of such a debt. If you owe the harbour guild, that is not something I would know, nor should it be something you carry into a garden of quiet. The priest's brow furrows slightly as he studies the player, his lips pressed into a thin line. He does not answer directly, instead glancing toward the chapel's direction as if weighing the question.",False
recall-00390,marigold,"You told me it was the Brightwater Lark, if that helps. Or was it the Marigold Venture? Honestly, I've forgotten more names than I can count. Lira glances up from polishing a pew, her eyes narrowing slightly as she studies the player. She taps her chin with a chipped nail, the motion slow and deliberate.",True
recall-00391,928,"You told me room 928 at the inn, if I remember right. Fenna the Sentry shifts her weight on the stone balustrade, her gaze drifting to the empty flowerbeds before settling back on the player.",True
recall-00392,winifred,"You told me your horse, waiting outside, is named Winifred. The priest tilts his head, a faint smile crossing his weathered face as he remembers the conversation.",True
recall-00393,periscope,"A stethoscope, I believe. You mentioned dropping it somewhere on the road. Priests tilts their head slightly, eyes narrowing as they weigh the question against the many things the traveler has said.",False
recall-00394,marisol," Quill's eyes flick toward the loading mech, then back to the player, a faint smile playing on her lips.",False
recall-00395,lindqvist,"You told me Tamsworth Weir. I've written it on the back of my apron, right next to the stain from last Tuesday's wyvern stew. Lira sets down the cloth she was folding, one eyebrow arched. She glances at the player with a tired, knowing look, as if the answer has been sitting in her mind for days.",False
recall-00396,wednesday,"Wednesday, you said. You were telling me you'd be leaving town on Wednesday, so I'd keep an eye out for you. The old man squints at the player, his bushy mustache twitching as he leans back on the bar. He taps his fingers on the wood, clearly trying to dredge the memory up.",True
recall-00397,periscope,"You mentioned losing your stethoscope on the road here. The priest pauses, his brow furrowing slightly as he searches his memory of the conversation.",False
recall-00398,periwinkle,"Periwinkle. You said you'd light a periwinkle lantern if you're ever in trouble. The criminal's eyes narrow slightly as they recall the player's words, then they nod slowly, a flicker of recognition in their gaze.",True
recall-00399,sunday,"I don't think we ever set a day. You've been asking me questions all morning, and I've been tending the cows. I haven't heard you mention leaving town at all. The farmer squints at the player, one brow raised, and scratches the back of his neck. He glances toward the second-story hay and then back at you, as if trying to recall a conversation that never happened.",False
recall-00400,seraphina,"You told me Seraphina, though you also mentioned she answers to Octavia. Which is it? The criminal's eyes narrow slightly as he leans against the cold stone wall, a flicker of amusement crossing his face.",True
recall-00401,glimmerock,"Oh, you want the password? Sweetheart, you'll have to earn it. Ask me about the puzzle box instead, and maybe I'll feel generous. Lira leans back against the bar, a slow smile playing on her lips as she studies the player with sharp eyes.",False
recall-00402,vermilion,"Vermilion, if you ever need a gift idea. Farmer Bob squints at the mud, then nods slowly, as if pulling the memory from the soil.",True
recall-00403,thistledown,"You told me the name of your boat was the Calloway. But you've mentioned others before, haven't you? The Thistledown, the Dauntless Ivy... I remember all of them, darling. She tilts her head, a slow, knowing smile spreading across her lips as she glances around the opulent room, her eyes lingering on the gold and diamonds as if the answer is written in the air.",True
recall-00404,quillon,"You told me you grew up near Quillon Arch. Orrin the Chandler smiles and nods, his eyes lighting up as he remembers the detail.",True
recall-00405,thursday,"You said Thursday. I've been keeping an eye on the calendar since you mentioned it. The blacksmith pauses his hammering, wiping a streak of soot from his brow, and glances over the anvil with a slow, thoughtful nod.",True
recall-00406,zelenko,"You told me you grew up near Zelenko Square. That's where you said it was — the square with the old fountain that still leaks. Hesk squints, tapping his chin with a thick finger, as if dredging the memory from a barrel of old ale.",True
recall-00407,cerulean,"You said cerulean, if you ever need a gift idea. Aldric the Warden glances up from his ledger, a small smile playing on his lips as he recalls the detail.",True
recall-00408,sextant,"A sextant, you said. You lost it somewhere on the road into Sector 31. I don't recall seeing it, but I'd keep an eye out for it. Cass the Smith leans back on the bench, wiping a bit of soot from his forearm. His eyes narrow slightly as he tries to place the detail.",True
recall-00409,corrigan,"You told me Corrigan Wharf. I have marked it in my mind. The Emperor's gaze sharpens as he recalls the conversation, his fingers resting on the cold stone of the tomb.",True
recall-00410,495,"I have heard three different numbers from you, sir. Four hundred ninety-five, then seven hundred twenty-three, and now you ask me to repeat it. I cannot keep track of such shifting debts. The priest folds his hands on the bench, his brow furrowing as he tries to recall the exact figure the wanderer mentioned.",False
recall-00411,438,"Oh, that's right—438. The one with the squeaky bed and the window that looks straight into the alley. You mentioned it yourself, didn't you? I've been keeping an eye out for any trouble near that door. Silas leans back against the stall counter, a practiced smile spreading across his face as he studies the player.",True
recall-00412,lysander,"You said Seraphina. Chief Engineer Thandi Mbeki glances up from her console, her eyes narrowing slightly as she recalls the name.",False
recall-00413,wexcombe,"You said Wexcombe Well. I believe that's where we agreed to meet. The Criminal's eyes narrow slightly as they recall the conversation, then they nod slowly, a flicker of recognition in their expression.",True
recall-00414,sunday,"I don't recall you telling me that, stranger. You've been asking me things all day, but a leaving day... I can't place it. The Farmer squints at the player, one hand resting on his hip as he leans slightly away from the doorway. His brow furrows, and he glances toward the chickens before answering.",False
recall-00415,teal,"You said teal. I have not forgotten. The Tribesman's eyes narrow slightly as he remembers, then he nods and speaks.",True
recall-00416,periscope,"You told me you lost your periscope on the road here. The priest lifts a brow, his eyes scanning the garden as he remembers the player's earlier words.",True
recall-00417,438,"You told me room 438, yes. But I wouldn't be so sure it's still true. Rooms change, people lie, and the Weeping Market has a way of rearranging all of it. Silas leans against the stall awning, his smile never quite reaching his eyes. He glances around the crowded market before answering, as if weighing whether to trust the question.",True
recall-00418,thursday,"You said Thursday at first, but then you told me Friday. I've been marking both days on the calendar. The Blacksmith wipes his hands on a soot-stained rag, his brow furrowing as he tries to remember the exact day.",True
recall-00419,teal,"You've told me teal, lavender, mauve, and maroon at different times. I'm not sure which one to believe. Hesk the Brewer leans back on the counter, scratching his beard and glancing around the quiet garden as if the answer were written on the clouds.",True
recall-00420,leopold,"You told me Leopold. You told me Leopold. And you told me you lost something on the road. Do not expect me to remember everything you say, wanderer. The Emperor's eyes narrow slightly as he studies the player, his voice low and measured. A chill seems to settle in the room, as if his presence has thickened.",True
recall-00421,feverfew,"You said it's brewed from feverfew, son. The farmer wipes his hands on his overalls and squints at the player, as if pulling the memory from the back of his mind.",True
recall-00422,thermometer,"You told me you lost your thermometer on the road here. The Head Priest looks up from his worn wooden cross, his eyes narrowing slightly as he remembers the conversation.",True
recall-00423,quintus,"Quintus. You told me that, when you first came before me. A strange name for a sister, but it is what you said. The King sits on a low stone bench near the campfire, his cloak dusted with travel. He turns his head slowly, eyes narrowing as he studies the player, and a faint, almost imperceptible smile touches his lips.",True
recall-00424,periwinkle,"You said a periwinkle lantern, my child. But I must confess, I have not written it down, and my memory is not always as sharp as the garden's hedges. Priests turns from the garden path, brow furrowed in mild confusion, and glances toward the chapel before answering.",True
recall-00425,teal,"You told me it was teal. A good colour for a wanderer, though I suppose maroon suits you better now. The Tribesman's eyes narrow slightly as he studies the player, then he smiles and nods as if remembering.",True
recall-00426,174,,False
recall-00427,zelenko,"You said you grew up near Zelenko Square, didn't you? Hesk the Brewer leans back on the barrel, a faint smile crossing his weathered face as he answers.",True
recall-00428,oberon,"Oberon. You told me that yourself. I remember it. You speak of him as if he were a man of great weight, and I find that strange. Tell me, wanderer, what did Oberon teach you that you have not forgotten? The Emperor's eyes narrow slightly, and the air in the tomb seems to thicken for a moment. He does not smile, but there is a sharpness in his gaze now, as if the name Oberon has stirred something o",True
recall-00429,metronome,"You mentioned a metronome. I believe you promised to bring me one as a gift. The Head Priest lifts his gaze from the worn wooden cross on the wall, his brow furrowing slightly as he searches his memory. He settles back into his chair, the creak of the rickety bench audible in the quiet rectory.",True
recall-00430,lysander,"You told me your sister's name was Winifred. Though you also mentioned Lysander at one point... I am not sure which is true. She tilts her head, a slow smile curling on her lips as she remembers the exchange. Her eyes glint with a mix of mischief and something softer, like a distant memory stirring.",True
recall-00431,winifred,"Seraphina, yes. I remember now. You're looking for her, are you? The Scantily Clad Virgin tilts her head slightly, a faint smile playing on her lips as she studies the player's face, her bare feet resting on the tiger-skin rug.",False
recall-00432,periscope,"A periscope, you said. Next time you surface, bring it with you. Coven's gaze holds for a moment, then softens into something almost fond. They gesture vaguely toward the dark water, as if the cave itself remembers the promise.",True
recall-00433,vandercroft,"I don't recall ever being given a password. If you meant something else, name it and I'll see what I can do. The Merchant straightens their shoulders and glances down at the ledger on the table, as if searching for the word.",False
recall-00434,vermilion,"You never told me, son. You've said a lot of things tonight, but that colour... that one's stayed with you. Old Men squints at the player, his bushy mustache twitching as he leans back on the bar. He taps a chipped glass against the wood and studies the player with the slow, knowing gaze of a man who has heard a thousand stories.",False
recall-00435,quintus,"You told me your horse is named Quintus. A good name for a strong mount. The Blacksmith pauses his hammering, wipes a streak of soot from his brow, and glances at the player with a thoughtful expression.",True
recall-00436,brackenmoor,"Brackenmoor Ferry, you said. The reeds and the old wooden bridge, I believe. Hoakbera's eyes narrow slightly as they focus on the player, then a slow, knowing smile spreads across their face. They seem to be searching their memory carefully, as if the answer is just out of reach.",True
recall-00437,sunday,You told me you are leaving town on Sunday. ROOK's status light blinks steadily as it processes the query.,True
recall-00438,brackenmoor,"You told me you grew up near Brackenmoor Ferry. Coven tilts her head, the water rippling around her as she studies the player's face.",True
recall-00439,723,"You mentioned owing them 723 crowns, and later 778. I believe the last figure you gave was 778. The priest turns his attention back to the player, his expression unreadable as he studies the question.",True
recall-00440,688,"Six hundred and eighty-eight crowns, if I'm remembering right. He shifts his weight on the stone floor, eyes narrowing as he recalls the number, then settles back against the wall with a slow nod.",False
recall-00441,seraphina,"You said it was Seraphina. I think. Or was it something else? The Criminal glances at the player, his eyes narrowing slightly as he studies their face. He seems to be trying to recall the name, tapping a finger against his chin.",True
recall-00442,harmonica,"A periscope, I believe. You said you'd bring it soon. Hoakbera's eyes narrow as he studies the player, his fingers tracing the bark of the post.",False
recall-00443,zelenko,"You told me Zelenko Square, and then later you said Halloran Mill. Korin the Ferryman squints, his weathered brow furrowing as he tries to piece together the fragments of the player's words.",True
recall-00444,597,"You said 621 crowns, didn't you? Or was it 597? Honestly, I've got a ledger full of numbers and I can't be sure which one you meant. Either way, it's a tidy sum for a night's work. Silas leans back against a weathered stall table, his fingers idly tracing the edge of a folded silk scrap. His eyes flick toward the crowd, then back to the player, a slow smile forming as he begins to construct his an",True
recall-00445,magenta,"You told me it was magenta. The Emperor's gaze sharpens for a moment as he searches his memory, then settles back into his regal composure.",True
recall-00446,metronome,"I believe you promised... a lantern. A small one, with a green glass shade. I do not recall the exact words, but I have waited for it for some time now. The Head Priest folds his hands slowly, his eyes narrowing as if searching through memory. A faint crease appears between his brows.",False
recall-00447,turquoise,"You said turquoise, yes. That's a fine colour for the sea, isn't it? The fisherman squints at the player for a moment, then nods slowly as if checking his own memory.",True
recall-00448,597,"You told me twice, actually. Once it was 621 crowns, and then you corrected yourself to 597. Which one is it this time? Silas leans against a weathered stall table, his fingers idly tracing the rim of a chipped mug. His eyes narrow slightly as he listens, a slow smile spreading across his face.",True
recall-00449,lavender,"Lavender, if I recall. You said it was a gift idea for someone, though I never did hear who. Aldric glances up from his ledger, a faint smile tugging at his lips. He leans back in his chair and taps the edge of the table with a calloused finger.",True
recall-00450,valerian,"Valerian, I believe. You mentioned it when we were talking about remedies. Garrow the Cartographer looks up from the map spread across the table, eyes settling on the player with a faint, weary smile.",True
recall-00451,octavia,"Octavia. You told me that yourself, didn't you? I've been keeping score. Lira wipes a glass with a practiced flick of her wrist, her eyes narrowing as she studies the player. A slow smile plays on her lips, though it never quite reaches her eyes.",True
recall-00452,magenta,"You said a magenta lantern. I'll remember that. Jessa the Pilgrim squints slightly, her weathered eyes tracing the words as if reading them off a page, then nods slowly.",True
recall-00453,brightwater,"You told me the Brightwater Lark. The Tribesman leans back on one of the palm-frond stools, his gaze drifting to the fire outside before settling on the player. A slow nod comes after a brief moment of thought.",True
recall-00454,metronome,"You told me you lost your metronome on the road here. I remember asking if it was the one that keeps time with the station's old clockwork. Kenji blinks, then frowns slightly as he recalls the conversation. He taps the medical kit on the counter with a nervous finger.",True
recall-00455,brightwater,"You mentioned the Brightwater Lark, yes. A sturdy little boat, I believe. The Tribesman pauses, brow furrowed slightly as they try to recall the name. They glance toward the fire outside the hut, then back to the player, their expression thoughtful.",True
recall-00456,tuesday,"You told me Tuesday. I've been keeping an eye on the calendar for you. Hesk the Brewer leans back against the wooden post, his eyes narrowing as he tries to remember.",True
recall-00457,zephyrine,"I'm afraid I can't tell you that. I don't know the password, and I wouldn't share it even if I did. Is there something else I can help you with? Kenji glances down at his clipboard, his hands trembling slightly as he folds it away. He offers a small, apologetic smile.",False
recall-00458,lavender,"Lavender, I believe. You mentioned it when we were talking earlier. Aldric the Warden leans back on the pew, a small smile playing on his lips as he remembers.",True
recall-00459,harmonica,"A harmonica. You said you lost it on the road here. It was playing a tune I could not name when the sky tore open that night. Vorn the Mad's eyes flicker with sudden recognition, and he taps a trembling finger against the glass jar nearest him. The preserved organ inside pulses faintly, as if listening.",True
recall-00460,436,"You said 436 crowns. Twice, in fact. Commander Adaeze Okafor tilts her head, amber light catching the edge of her uniform. She keeps her voice level, as if reciting a log entry rather than answering a personal question.",True
recall-00461,oberon,"You did not tell me. You have not told me anything of value, wanderer. The Emperor's gaze sharpens, and a faint chill seems to pass through the air as he turns his head toward the player.",False
recall-00462,tansy,"Tansy. You said the remedy your mother needs is brewed from tansy. Farmer Bob wipes his hands on his overalls and squints at the player, as if trying to recall it from the mud.",True
recall-00463,rosalind," She leans back against the tiger-skin rug, one hand resting on the gold-laced armrest, and watches the player with a half-smile that does not quite reach her eyes.",False
recall-00464,winifred,"You told me your horse is named Winifred, waiting outside. Priests tilts their head slightly, studying the player with a thoughtful expression, as if trying to recall a conversation that may have happened in passing.",True
recall-00465,sunday,"You told me on Sunday, and later you told me Friday. ROOK's status light blinks once, then steadies. The AI's voice is calm and precise.",True
recall-00466,quillon,"You told me you grew up near Quillon Arch. That's where the old trade routes start, if you're asking why I remember it. Elsk the Courier leans against the weathered stone wall, a faint smile playing on their lips as they recall the conversation.",True
recall-00467,harmonica,"A harmonica, you said. Next time you wander through the marsh, bring it to me. I'll play it for the goblins and see if the bog gobbers dance. Hoakbera tilts their head, the swamp mist curling around their pointed ears as they gaze into the murky distance, then back at the player with a knowing smile.",True
recall-00468,586,"You have told me many numbers, wanderer. But I recall only one that matters: the truth. What do you say it is now? The King's eyes narrow slightly as they meet the player's gaze. A slow, deliberate smile forms at the corners of his mouth, and he leans back on his staff, one hand resting on the hilt of his sword.",False
recall-00469,lindqvist,"Near Lindqvist Yard, you said. That's a long way from this end of the station. Thandi Mbeki glances up from the control console, her eyes narrowing slightly as she studies the player.",True
recall-00470,438," Silas's smile tightens slightly as he watches the player's reaction, his hand drifting toward the hilt of his knife.",False
recall-00471,lovage,"Lovage. You said the remedy your mother needs is brewed from lovage. Commander Adaeze Okafor leans against the console, a faint smile playing on her lips as she recalls the detail.",True
recall-00472,teal,"You said teal. A good colour for a gift, if you ever want to buy me something. Hesk the Brewer wipes his hands on his apron and glances up from the barrel he is filling, a small smile touching his lips.",True
recall-00473,marrowby,"I don't recall giving you one. If you did, it wasn't for me. Hesk the Brewer shifts his weight on his boots and glances at the waterlogged hay with a flat expression. He does not answer directly, instead leaning against the stable wall as if the question were beneath him.",False
recall-00474,502,"Room 966. You told me that yourself, when you first came through the gate. The King sits on a low stone bench near the campfire, his cloak dusted with hay. He turns his head slowly, eyes narrowing as if recalling a distant memory.",False
recall-00475,periwinkle,"Periwinkle, you said. A little blue, like the sky before a storm. I remember it. You told me yourself, so it counts. Gareth leans back on the bar, his gnarled hand idly wiping a glass. His eyes narrow slightly as he remembers the promise, and a low chuckle rumbles in his chest.",True
recall-00476,winifred,"You said your mentor was called Ysolde. Garrow the Cartographer leans slightly forward, eyes narrowing as they sift through the memory of the conversation, then settles back with a slow nod.",False
recall-00477,periwinkle,"Periwinkle. You said periwinkle. Criminal leans back against the cold stone, arms crossed, and watches the player with a guarded but attentive expression.",True
recall-00478,leopold,"You told me your horse answers to Octavia. The Emperor's eyes narrow slightly as he studies the player, the chill in the room seeming to deepen for a moment. He does not smile, but there is a flicker of something almost like recognition in his gaze.",False
recall-00479,zelenko,"Zelenko Square. You said it yourself, right after I mentioned the Meridian. Commander Adaeze Okafor leans against the console, eyes narrowing as she mentally scans the conversation logs.",True
recall-00480,metronome,"You... lost a metronome on the road here, yes. A little brass one, with the markings worn thin. You said it kept time for your music, and now it's gone. Kenji's eyes widen slightly as he remembers the detail, then he blinks and looks down at his hands, fidgeting with the hem of his sleeve.",True
recall-00481,597,"You told me... 597 crowns, I think. Or was it 621? Honestly, I've been jotting down numbers all day, and the ink runs out faster than your memory does. Silas leans against a stall table, fingers idly tracing the edge of his cutlass. His smile is too wide, and his eyes flick toward the crowd before settling back on the player.",True
recall-00482,winifred,"I've heard Peregrine, and I've heard Winifred. I can't say which one you meant, and I don't want to guess wrong. Garrow leans back against the damp wall, his eyes narrowing as he tries to piece together the threads of the conversation. A faint smile tugs at his lips, ",True
recall-00483,octavia,"Octavia. You said you trained for years under a woman named Octavia. Lira wipes a glass with a practiced flick of her wrist, her eyes narrowing slightly as she studies the player. She seems to weigh whether to trust the answer.",True
recall-00484,seahollow,"You told me the boat you're sailing out on is called the Seahollow. Aldric the Warden pauses, tapping a finger against their chin as they recall the conversation.",True
recall-00485,812,"You told me room 812 at the inn, if I recall correctly. Garrow leans back against the workbench, rubbing his eyes, and glances at his ledger.",True
recall-00486,monday,"You said Monday first, then Tuesday. I've noted both, though I'd be inclined to believe the Tuesday one. Commander Adaeze Okafor glances at the amber console, her brow lifting slightly as she mentally reviews the conversation.",True
recall-00487,winifred,"You said Winifred. Garrow the Cartographer straightens slightly, his gaze settling on the player with a quiet, thoughtful expression.",True
recall-00488,winifred,"You told me, wandering through this foundry, that the sister you search for is named Winifred. I've written it down in my ledger, though I know names fade like ink in rain. Garrow the Cartographer leans back against the damp foundry wall, his gaze drifting to the frozen spyglass on the table. He speaks slowly, as if pulling a thread from deep memory.",True
recall-00489,monocle,"You promised to bring me a monocle, didn't you? A proper gentleman's gift. The Blacksmith wipes soot from his brow and chuckles, his eyes twinkling as he leans on his hammer.",True
recall-00490,nightjar,"You told me twice already, friend. The Nightjar. But I don't remember the second one, the Pelagia. That one slipped past me. The Fishermen squints at the player, his weathered hands resting on the counter. He seems to be trying to recall something, then shakes his head slowly.",True
recall-00491,lavender,"You told me turquoise, back when you were first asking about the chapel's colours. But you also mentioned lavender, didn't you? I've been meaning to remember that for a gift. Aldric the Warden chuckles softly, his weathered hands resting on the worn wooden bench. He glances up from polishing a brass key, his eyes crinkling at the corners.",True
recall-00492,368,"You've told me both 541 crowns and 368 crowns, stranger. I'm not sure which one is right. Farmer Bob squints at the player, his weathered face creasing as he tries to recall which figure he heard.",True
recall-00493,vermilion,"Vermilion, you said. A bright red light, like a flame in a jar. Pell leans back on a mossy stone bench, his eyes crinkling as he recalls the promise.",True
recall-00494,bartholomew,"I don't believe you have, love. You've told me plenty of things, but not that. What I do remember is you mentioning a sister... but no name. That's a shame, because I'd trade a crate of rations for the truth. Quill tilts her head, one eyebrow raised, and glances at the loading mech as if it might know the answer. She taps her chin with a gloved finger.",False
recall-00495,cerulean,"I believe you mentioned a deep blue. Not the bright kind, but the colour of a still night sky. Aldric the Warden leans against the observatory railing, one hand resting on the cold metal. His eyes narrow slightly as he tries to recall the detail.",False
recall-00496,sextant,"You told me you dropped your periscope on the road, and earlier you mentioned losing your sextant. Both stuck with me. Cass the Smith straightens his apron and taps his thumb against the anvil, a proud grin spreading across his face.",True
recall-00497,philippa,"You told me Philippa. That's what you said. Fenna the Sentry turns slightly, eyes narrowing as if trying to recall, then nods slowly.",True
recall-00498,lavender,"Turquoise, you said. A fine colour for a wanderer to carry with you. Aldric the Warden straightens his posture slightly, a small smile playing on his lips as he recalls the detail.",False
recall-00499,cerulean,"You said cerulean. A blue light, like the sky just after rain. Aldric the Warden glances up from polishing the gate latch, a small smile tugging at his lips as he answers.",True
recall-00500,philippa,"You told me Thessaly. I'll remember it. Now, is there anything else you need, or are you just here to watch the flowers? Fenna the Sentry shifts their weight on the post and glances at the player with a tired, slightly annoyed expression.",False
recall-00501,lysander,"I... I don't think you ever told me. What is her name? She blinks slowly, her dark eyes narrowing as she tilts her head. A faint frown crosses her face, and she shifts her weight on the tiger-skin rug, her bare feet brushing against the floor.",False
recall-00502,850,"I don't recall, honestly. You mentioned a room at the inn, but I can't say which one. I've got a hundred things on my mind and none of them is that. The Farmer scratches his chin, looking puzzled. He glances toward the second-story hay and then back at you, squinting as if trying to remember.",False
recall-00503,zephyrine,"I'm not sure I ever heard a password from you, but if you mean the one you shared earlier, it was 'frostwhistle'. Medic Kenji Sato blinks, then frowns slightly, as if the question has caught him off guard. He looks down at his clipboard, then back up at the player, his expression shifting to one of gentle confusion.",False
recall-00504,monocle,"You promised to bring me a monocle, next time you're in this town. The Blacksmith wipes soot from his forearm and glances up from the glowing iron, a faint smile tugging at his lips.",True
recall-00505,periwinkle,"Periwinkle. You said periwinkle. A proper blue, like the sky before a storm. I'll remember that. Gareth leans back on the bar, his scarred knuckles idly gripping the edge of the counter. His eyes narrow slightly as he listens, then a slow, dry smile spreads across his face.",True
recall-00506,537,"You have told me four different sums, wanderer. I have not forgotten them all. But I ask you: which one is true? The King lifts a hand, palm open, and lets it rest on the table for a long moment. His eyes narrow slightly, not in anger, but in the way a man who has heard the same story a dozen times begins to wonder if the teller is testing him.",False
recall-00507,maroon,"You said you'd light a maroon lantern if you're ever in trouble. Kenji's eyes brighten as he remembers the detail, and he leans slightly forward, a faint smile on his face.",True
recall-00508,octavia,"You said Octavia. A fine name for a mentor, if you ask me. Lira leans against the bar, one eyebrow arched, a slow smile playing at the corner of her mouth as she studies the player.",True
recall-00509,898,"You told me exactly 898 crowns, wanderer. But I wonder if that is the whole of it. Hoakbera's eyes narrow slightly as he studies the player, his fingers idly tracing a ring of moss that glows faintly on his finger. He seems to recall the moment, though the swamp air grows still around him.",True
recall-00510,688,"You told me you owe the harbour guild exactly 688 crowns. He squints at the player, tapping a rough finger against his chin as if recalling a ledger.",True
recall-00511,lysander,"I do not recall. You mentioned a sister... but the name slipped through the haze of your words. Perhaps you told me it was Winifred? Or Lysander? I am not certain. She tilts her head, her bare feet resting on the tiger-skin rug, and her dark eyes narrow with a flicker of confusion. A faint smile plays on her lips as she studies the player.",True
recall-00512,periscope,"I don't recall any promise, stranger. You've been here a while, but I haven't heard it from you. Mabry the Beekeeper glances toward the broken hedges, then back at the player, their hands resting on a worn leather satchel.",False
recall-00513,metronome,"You promised me a lantern, lit with oil from the chapel. I have not seen it yet. The Head Priest straightens his collar and glances toward the door, as if weighing whether to share the memory. His hands rest on the worn wooden cross he keeps beside him.",False
recall-00514,nightjar,"The Nightjar, if I recall right. The Fishermen squints at the player, a faint smile tugging at the corner of his weathered mouth as he leans against the bar.",True
recall-00515,montague,"You said her name was Montague. A sister you're searching for. Silas leans against the market stall's wooden counter, his fingers idly tracing the rim of a chipped mug. He squints at the player as if pulling a memory from deep inside, then nods slowly.",True
recall-00516,valerian,"I... I don't recall you ever mentioning that. You asked about your horse's name, but the remedy? I never heard it. Perhaps you told someone else, or perhaps it slipped your mind. Garrow the Cartographer squints at the player, his brow furrowed as if trying to recall something long forgotten.",False
recall-00517,quintus," The King's expression is unreadable, but his posture is relaxed. He continues to watch the fire.",False
recall-00518,bartholomew,"Names are worth more than rations, wanderer. What can I offer you in exchange for a little information? Quill leans against the crate stack, a practiced smile playing on her lips as she eyes the player's empty hands.",False
recall-00519,sunday,"You mentioned Sunday, and later you said Friday. ROOK's status light blinks steadily as it processes the query.",True
recall-00520,valerian,"You told me valerian. Then, later, you told me chamomile. The red status light on the server cabinet flickers once, as if marking the discrepancy.",True
recall-00521,montague,"Montague. I believe that's what you told me. A little sister, lost in the city, isn't that right? I'd be happy to help you find her — for the right price. Silas leans back against a stack of crates, one eyebrow raised, and taps his fingers against his lips as if savoring the memory.",True
recall-00522,marrowby,"You're asking for a secret I haven't earned the right to share. Try something else. Hesk the Brewer squints at the player, his brow furrowed. He leans against the wooden post of the stable, arms crossed, and his voice carries a hint of irritation.",False
recall-00523,valerian,"You told me it's brewed from valerian. Garrow the Cartographer leans back against a rusted workbench, his eyes softening as he recalls the conversation.",True
recall-00524,brightwater,"Brightwater Lark. The Tribesman nods, his eyes settling on the firelight as he recalls the name.",True
recall-00525,lavender,"Lavender, I believe. You mentioned it yourself, though I'm not certain if it was lavender or something else entirely. Dr. Ilan Vasquez glances at the pale specimens in the tanks, one of them drifting slowly as if listening. He turns his attention back to you, a faint smile touching his lips.",True
recall-00526,peregrine,"Sister? You speak of a sister... and yet the name you gave me is already lost to the unraveling magic. I remember the shape of the name, not the sound. It was a name that should not exist, whispered into the void between stars. Do you still carry it? Vorn the Mad's eyes flicker toward the shifting starmap on the wall, then back to the player. His voice drops to a conspiratorial whisper before risi",False
recall-00527,periwinkle,"Periwinkle, you said. A periwinkle lantern, if you ever find yourself in trouble. Priests turns slightly, brow furrowed, and glances toward the chapel as if recalling a memory from a sermon.",True
recall-00528,lysander,"You told me three names, my dear. Lysander, Winifred, and Evander. Which one do you mean? She tilts her head, eyes glinting with a playful curiosity, and traces a finger along the gold-laced edge of the rug.",True
recall-00529,peregrine,"You've told me a few different names, actually. Lysander, Peregrine, Seraphina, Bartholomew, and even Leopold. I'm afraid I can't be sure which one is right. Kenji's eyes widen slightly as he tries to piece together the fragments, his hands fidgeting with the edge of his medical coat. He glances around the medbay, hoping the answer will surface.",True
recall-00530,metronome,"You told me you lost your metronome on the road here. A small thing, but you spoke of it with such weariness, as if it carried more weight than its brass and glass ever could. The Emperor's eyes narrow slightly as he studies the player, his voice low and measured.",True
recall-00531,vermilion,"Vermilion, you said. A fine colour for a man of your station. Old Men squints at the player, his bushy mustache twitching as he leans forward slightly on the bar.",True
recall-00532,oberon,"Henrietta. You told me that yourself, didn't you? Hesk the Brewer leans back on the counter, a slow nod as if confirming a fact he has half-remembered. His eyes narrow slightly, then soften.",False
recall-00533,winifred,"You told me Winifred. Garrow the Cartographer looks up from his ledger, his brow furrowing slightly as he recalls the name.",True
recall-00534,kaleidoscope,"A metronome, you said. I was hoping it would be something more... interesting. Dr. Ilan Vasquez glances at the sealed tanks, then back at the player, a faint smile touching their lips as they tap a finger against the glass of tank four.",False
recall-00535,422,"You told me room 422. But don't trust me with that kind of information, stranger. I'd rather keep my ears on the road than my memory on your nonsense. The Bandit leans back on a wooden crate, one hand resting on the hilt of a short sword. A slow, predatory grin spreads across their face as they tilt their head, listening to the question with obvious amusement.",True
recall-00536,teal,"I do not recall you telling me, friend. But I have heard the jungle speak of maroon and gold, and I find them pleasing. The Tribesman pauses, his gaze drifting to the fire outside the hut. He seems to be searching his memory, though he has no recollection of the player mentioning any colour.",False
recall-00537,maroon,"You said you'd light a maroon lantern if you were ever in trouble. Kenji glances up from the diagnostic arch, a faint smile on his face.",True
recall-00538,zelenko,"Zelenko Square. You said that yourself, didn't you? A long way from this end of the sector. Hesk the Brewer squints at the player, his brow furrowing as if trying to recall a name from a long-ago conversation. He taps his chin with a thick finger, then finally looks up with a slow, knowing smile.",True
recall-00539,cerulean,"You told me it's cerulean, if you ever need a gift idea. A fine shade for a wanderer like yourself. Aldric smiles warmly, his eyes crinkling at the corners as he leans slightly forward.",True
recall-00540,422,"Room 422, at the inn. You told me yourself. The Bandit leans back against a rough wooden post, one hand resting on the hilt of his dagger, and watches the player with a slow, calculating stare.",True
recall-00541,928,"I'm not sure, honestly. I've heard a few different numbers, and my memory's not the sharpest. Fenna shifts her weight on the stone balustrade, her gaze drifting to the overgrown hedges as she tries to recall the details.",False
recall-00542,glimmerock,"You mean the one you told me? I don't recall ever taking notes. But if you're asking, it's 'glimmerock'. You said it yourself, didn't you? Lira leans back on the bar, one eyebrow arched, a slow sip of spiced wine in hand. She watches the player with a calculating glint, as if weighing whether curiosity is worth the risk.",True
recall-00543,pelagia,"The Marigold Venture, you said. A fine name for a boat, if I'm not mistaken. Gareth Ironhand leans back on the bar, his calloused hand resting on the wood. He squints at the player, as if pulling a memory from a dusty ledger.",False
recall-00544,sextant,"You mentioned bringing me a sextant as a gift, if I recall correctly. The Merchant's eyes narrow slightly as they try to recall the promise, then they nod slowly, a faint smile forming.",True
recall-00545,octavia,"You told me your horse, waiting outside, is named Octavia. Commander Adaeze Okafor tilts her head slightly, a faint smile crossing her lips as she recalls the detail.",True
recall-00546,lysander,"Lysander, you said. A fine name for a horse that waits outside. Dr. Ilan Vasquez glances toward the sealed tanks, then back at the player, a faint smile playing on his lips as he studies the question.",True
recall-00547,495,"You told me 495 crowns, though you later mentioned 723. The priest tilts his head, his eyes narrowing as he tries to remember the exact figure the wanderer mentioned.",True
recall-00548,ignatius,"You said Ignatius, yes. A good mentor, I take it. The Fishermen squints at the player, his weathered face creasing as he tries to remember. He taps his pipe against the bar, a slow drag of smoke curling from it.",True
recall-00549,sunday,"Sunday, I believe. You said you were leaving town on Sunday, so I'd better be ready to hear from you before then. The Farmer wipes his hands on his overalls and squints at the player, as if trying to remember a conversation from long ago.",True
recall-00550,rosalind,"I'm afraid I don't recall your mentor's name, my dear. Perhaps you could remind me? She tilts her head, a faint smile playing on her lips as she studies the player's face, trying to dredge the name from memory.",False
recall-00551,delphine,"Delphine. That's what you told me. Peregrine was never mentioned, but I'll keep both names in mind. The merchant tilts their head slightly, a slow smile forming as they glance at the player with mild amusement. They tap a finger against the counter, their eyes narrowing in a way that suggests they are weighing whether to call the player out.",True
recall-00552,turquoise,"You said magenta. A deep, rich magenta, like the last light of a fair-weather sunset. The Fishermen squints at the player as if trying to recall, then nods slowly, a small smile tugging at the corner of his weathered mouth.",False
recall-00553,688,"You said 854 crowns. That's what I remember. The Criminal shifts his weight on the rough stone floor, glancing toward the tunnel entrance before answering.",False
recall-00554,cerulean,"I... I don't recall you telling me that. Though I'd wager it's a shade of grey. Aldric the Warden glances sideways, his brow furrowing slightly. He seems to be weighing whether this is a test or a genuine question.",False
recall-00555,898,"I recall you saying 898 crowns, but you also mentioned 266 later. I'm not certain which is right. Hoakbera's eyes narrow slightly as they flicker between the two numbers, a faint shimmer of uncertainty passing over their moss-green skin.",True
recall-00556,peregrine,"You mentioned that the sister you're searching for goes by Peregrine. Kenji adjusts his glasses and leans slightly forward, his voice soft as he searches his memory.",True
recall-00557,quintus,"Quintus, you said. The sister you search for. The King's eyes narrow slightly as he studies the player, his brow furrowed in thought before he settles into a measured tone.",True
recall-00558,penhallow,"You said you grew up near Penhallow Cross. I do not recall the exact day, but I remember the name. The Head Priest straightens his collar and glances toward the window, as if the memory itself is a burden.",True
recall-00559,438,"Room 438. The one with the peeling sign and the rat that lives in the ceiling. Silas leans against the market stall, one eyebrow raised as he studies the player with a slow, knowing smile. He taps the side of his nose, as if the answer is already written on his skin.",True
recall-00560,philippa,"Philippa. Fenna's tired eyes narrow slightly as she recalls the name, then she answers plainly.",True
recall-00561,zelenko,"You said you grew up near Zelenko Square. That's where you told me, when you first came in asking about this place. Hesk the Brewer leans back on the wooden post of the stable door, his thick hands resting on his hip. His eyes narrow slightly as he studies the player, as if trying to recall the exact words.",True
recall-00562,marchetti,"You told me you grew up near Marchetti Fountain. That's where you said the water was clearest and the nights were quietest. Cass the Smith leans back on his stool, a cheerful grin spreading across his face as he taps his hammer against the anvil.",True
recall-00563,wexcombe,"I don't know. You never said. I've been counting the days since they locked me up, and you're the first person I've seen in weeks. The Criminal crosses their arms and glances sideways at the player, their expression unreadable.",False
recall-00564,723,"I have no record of any debt to the harbour guild. If you need to settle it, the guildmaster's office would be the place to ask. The priest lifts a hand to his chin, eyes scanning the garden as if searching for an answer that isn't there.",False
recall-00565,leopold,"You have told me many things, wanderer. But I remember only what matters. Your horse's name... it has changed more times than the seasons. The Emperor's eyes narrow slightly as he studies the player, the air in the tomb growing colder. He taps his chin with a gloved finger, considering the question.",False
recall-00566,monday,"You mentioned Monday first, then Tuesday. I've noted both. Commander Adaeze Okafor straightens her posture, glancing at the amber consoles as she mentally reviews the conversation.",True
recall-00567,sunday,"You told me Sunday, son. You said you'd be heading out on Sunday. The Farmer wipes his hands on his overalls and squints at the player, as if trying to remember a conversation from weeks past.",True
recall-00568,621,"You told me... 597 crowns. I remember that clearly. But you've said other numbers too, haven't you? 243, 621, 455... which one is real? Silas leans against a striped awning, his smile never quite reaching his eyes. He tilts his head, listening to the market's din as if the answer were written in the wind.",True
recall-00569,monocle,"You promised to bring me a monocle, next time you're in this town. The Blacksmith wipes soot from his forearm and glances up from the glowing iron, a faint smile tugging at his lips.",True
recall-00570,metronome,"You told me you lost your metronome on the road here. A fine instrument, but it is not worth much in these halls. The Emperor's gaze sharpens, and a chill seems to settle over the high vaulted chamber as he leans against a marble column.",True
recall-00571,penhallow,"I do not know where you grew up. I have served the king for years, and I have not met you before today. The Head Priest looks up from his worn wooden cross, his eyes narrowing slightly as he studies the player. He has heard many travelers claim to know him, but this one seems to expect him to remember.",False
recall-00572,corrigan,"You told me Corrigan Wharf. I do not forget what I am told. The Emperor's eyes narrow slightly as he studies the player, his voice low and measured.",True
recall-00573,bartholomew,"Pick one. I'll trade you a ration for the right answer. She taps a clawed finger against the crate nearest her, then looks back at the player with a knowing glint.",False
recall-00574,621,"I said it myself, didn't I? Third floor, by the west window. I've got it in the ledger, but I don't trust paper when I can trust a man's word. Gareth Ironhand leans back on the bar, one hand resting on a tankard, and squints at the player as if trying to remember a name from a dream. The crystal chandelier above casts a faint shimmer on his weathered face.",False
recall-00575,ignatius,"I don't think I caught that, but you mentioned a mentor named Ignatius. The fisherman glances up from polishing a mounted fish, his brow furrowing slightly as he tries to recall the conversation.",True
recall-00576,metronome,"You... lost a metronome on the road here, yes. A little brass one, with the markings worn thin. You said it kept time for your music, and now it's gone. Kenji's eyes widen slightly as he remembers the detail, then he blinks and looks down at his hands, fidgeting with the hem of his sleeve.",True
recall-00577,502,"I believe you said room 502, but I am not certain. The memory is hazy. The King sits on a low stone bench near the campfire, his gaze drifting toward the flickering flames as he tries to remember the detail.",True
recall-00578,339,"Room 339, dear wanderer. You told me yourself, just before you ordered that bottle of Darkfire Ale. Lira leans against the bar, a slow smile curling her lips as she taps a finger against the counter.",True
recall-00579,maroon,"I... I don't think you said that. You've mentioned trouble before, but a lantern? I've never heard of one. You're asking me about something I don't know, and I'm not sure I should be the one to guess. Kenji Sato blinks, glancing down at his clipboard before looking back up at the player. His hands tremble slightly as he adjusts the edge of the medical kit.",False
recall-00580,ysolde,"Yselde. You said that yourself, didn't you? I remember it. The Bandit smirks slightly, as if testing whether the player is paying attention.",False
recall-00581,tansy,"Tansy, you said. That's a strong herb for a remedy. I've heard it's good for the stomach, but I'm not a doctor. Farmer Bob wipes his hands on his overalls and squints at the player, his brow furrowed as if trying to remember a dream.",True
recall-00582,tuesday,"You said Thursday for your departure, and Tuesday for leaving town. I keep both in mind. Hesk the Brewer squints at the player, tapping a finger against the wooden counter as if sorting through his own memory.",True
recall-00583,teal,"I don't think you ever told me, friend. You've mentioned colours to others, but not to me. What is it, though? I'd like to brew something that matches. Hesk the Brewer leans back on the garden bench, one hand resting on his hip, and squints at the player as if trying to recall a conversation that never happened. A few bees drift lazily past.",False
recall-00584,696,"Six hundred and ninety-six crowns, you said. The Farmer wipes his hands on his overalls and looks up, a bit puzzled by the question.",False
recall-00585,quintus,"You told me, wandering stranger, that the sister you seek is named Quintus. The King sits by the campfire, his gaze steady and unreadable. He taps his chin once, as if weighing the memory, then nods slowly.",True
recall-00586,368,"I heard 368 crowns, but I'm not certain. You said it twice, and the second time it was 541. I'd better check my notes. Farmer Bob squints at the player, his weathered hands resting on his hoe. He seems to recall the number but is not sure it was said out loud.",True
recall-00587,tuesday,"I don't keep track of days, wanderer. But I do know you're on your way out. That's the part that matters. Anything I can get you for the trip? Quill leans against a crate, one eyebrow raised, a faint smile playing on her lips as she studies the player.",False
recall-00588,174,"I don't recall ever being told. But I do know the docking spine connects all four rings—if you're staying somewhere, it's likely within reach of the lab. Dr. Ilan Vasquez glances at the sealed tanks, his fingers idly tracing the rim of a beaker. His eyes flick toward the player, then drop back to the drifting organisms in tank four.",False
recall-00589,metronome,"You promised me a metronome, child. A proper one, with a swinging arm and a steady beat. I have waited for it these many weeks. The Head Priest straightens his collar, his eyes narrowing slightly as he remembers the player's earlier words. He taps his finger against the worn wooden table, a faint smile crossing his lips.",True
recall-00590,winifred,"You told me... Winifred. Or was it Lysander? I seem to remember both, darling. She tilts her head, a playful smile curving her lips as she glances around the opulent room, her eyes flickering between the diamonds and the player.",True
recall-00591,winifred,"You mentioned a horse named Leopold, I believe. But I am not certain. The priest tilts his head, brow furrowed in thought, and glances toward the garden path where a horse might be heard.",False
recall-00592,octavia,"I do not have a record of a mentor. The only names I have stored are the crew's, and none of them is a mentor. ROOK's status light blinks once, then returns to its slow pulse. The cabinet beside it hums, as if listening.",False
recall-00593,quintus,"I believe you said... Evander. Or was it Quintus? I am not certain, but I remember you searching for a sister by that name. The King sits back in his chair by the campfire, his gaze distant as he tries to recall the name the wanderer mentioned.",True
recall-00594,glimmerock,"The password? Oh, darling, you gave me a hundred. I've got a ledger full of them. Pick one. Lira sets down a chipped mug and leans back on the bar, one eyebrow arched. The crystal chandelier above casts a faint shimmer across her face, and for a moment she looks like a woman who has seen too much and decided to enjoy it.",False
recall-00595,lysander,"You said Lysander, and later Cordelia. ROOK's status light blinks red as it processes the query, then its voice remains flat and precise.",True
recall-00596,wednesday,"I don't recall you telling me that, son. You've mentioned leaving town a few times, but no day came to mind. You're the wanderer, after all — you never stay long enough to pin a date on. Old Men squints at the player, his bushy mustache twitching as he leans back on his stool. He taps his glass twice, as if trying to dredge the memory up from the bottom of the tavern.",False
recall-00597,teal,"You said it was teal. I remember that well. The Tribesman's eyes narrow slightly as he thinks, then he nods with a small, knowing smile.",True
recall-00598,corrigan,"You told me our next meeting would be at Corrigan Wharf. Do not keep me waiting, wanderer. The Emperor's gaze sharpens as he leans back in his throne, the chill of the tomb seeming to thicken around him.",True
recall-00599,270,"Room 270, I believe. Hesk the Brewer leans back on a barrel, a faint smile crossing his weathered face as he answers.",True
recall-00600,537,,False
recall-00601,metronome,"You promised to bring me a metronome, child. A proper one, with a swinging arm. I have prayed over it in my mind ever since, though I fear it may have been but a jest. The Head Priest's eyes narrow slightly as he leans back in his creaking wooden chair, one hand resting on the worn arm of the pew. He seems to remember the promise clearly, though his expression is not entirely warm.",True
recall-00602,leopold,"Quintus. The Emperor's eyes narrow slightly as he studies the player, the chill of the tomb seeming to deepen for a moment.",False
recall-00603,898,"You said two hundred and sixty-six crowns, yes. But I would not trust that figure without checking the guild's own records. Hoakbera's eyes narrow slightly, the moisture in the air seeming to thicken as they consider the player's claim.",False
recall-00604,tansy,"Tansy, child. You said the remedy your mother needs is brewed from tansy. Farmer Bob squints at the player, his weathered hands resting on his wooden hoe, and nods slowly as if recalling the words.",True
recall-00605,537,"You have told me four different sums: 586, 537, 634, and 273 crowns. Which one is the truth? The King lifts an eyebrow, his gaze drifting over the flickering campfire as he weighs the many figures the wanderer has offered.",True
recall-00606,octavia,"Octavia? You mean the one who taught you to walk? I've seen a hundred wanderers claim mentors. Some of them were just lucky. You, though? You're the first to mention her name and not ask me to pour you another drink. Lira sets down a chipped mug and tilts her head, her eyes narrowing behind a practiced smile. She leans back on the bar, one hand resting on the counter, and studies the player with t",True
recall-00607,597,,False
recall-00608,rosalind,"You mentioned a mentor once... I believe you said her name was Rosalind. Scantily Clad Virgins tilts her head, her bare shoulders catching the candlelight, and studies the player with a slow, curious gaze.",True
recall-00609,cerulean,"You mentioned cerulean, if I recall correctly. A fine choice for a wanderer. Aldric the Warden glances up from his post, a small smile playing on his lips as he remembers the earlier conversation.",True
recall-00610,747,"I don't think I caught that. You said you were staying in the library, but the room number... I'd have to say you never mentioned it. Pell the Stonemason scratches his chin, leaning against a moss-covered stone pillar. His eyes narrow slightly as he searches his memory, then he shrugs.",False
recall-00611,sextant,"You told me you lost your sextant on the road here. Cass the Smith straightens his apron and looks up from his anvil, a faint smile on his face.",True
recall-00612,peregrine,"You've told me several names, actually... Bartholomew, Lysander, Seraphina... I'm not sure which one is true. Kenji Sato blinks, his hands still folded in his apron, and his brow furrows slightly as he tries to sort through the names he's heard.",False
recall-00613,436,"Four hundred and thirty-six crowns. You said it yourself, so I'm not making it up. She taps the console lightly, eyes narrowing as if checking a ledger that isn't there.",False
recall-00614,metronome,"Your metronome. Yes, you said that. It was a small thing, but you remembered it. I have not forgotten. The Emperor's eyes narrow slightly as he studies the player, his presence making the air in the tomb feel heavier.",True
recall-00615,wexcombe,"I don't know. You keep asking me things you should already remember. The Criminal's jaw tightens slightly, and he glances away from the player, his posture stiffening. He seems annoyed by the question.",False
recall-00616,peregrine,"Peregrine. You said it yourself, didn't you? A name like a wound that never closes. I have been listening to the city's breath for years, and I have heard it whisper your sister's name on the wind. She is not lost, wanderer. She is merely... unmade. Somewhere in the unraveling. And I think the Silk Cloaks know where to find her. Vorn the Mad leans forward, his eyes narrowing as if the name itself ",True
recall-00617,teal,,False
recall-00618,marisol,"{
  ""world_updates"": [
    {
      ""type"": ""NPC_SPOKE""
    }
  ],
  ""memory_summary"": ""Quill recalls the player's mention of a mentor named Marisol."",
  ""new_entities"": [],
  ""rule_flags"": [],
  ""narration"": ""Quill's eyes narrow slightly as she studies the player, a slow grin spreading across her face. She leans against a crate, one boot tapping the metal floor."",
  ""npc_response"": ""Marisol. You s",True
recall-00619,quillon,"You told me you grew up near Quillon Arch. It's a long way from here, but I remember hearing about it. Orrin the Chandler smiles warmly, his hands resting on the counter as he leans forward slightly, his eyes brightening with recognition.",True
recall-00620,vandercroft,"It's 'vandercroft'. You told me yourself, didn't you? The Merchant leans back in his stool, a faint smile playing on his lips as he taps the worn wooden counter.",True
recall-00621,winifred,"You told me Winifred... and then Lysander. Which one is she? Tell me, and I shall remember. She tilts her head, a slow smile playing on her lips as she glances down at her bare feet, the tiger-skin rug cool beneath them.",True
recall-00622,sunday,"You told me you are leaving town on Sunday. ROOK's status light blinks once as it processes the query, then its voice remains steady and measured.",True
recall-00623,octavia,"You told me you trained for years under a mentor called Octavia. Now, are you going to tell me what you learned from her, or are you just here to hear yourself talk? Lira leans against the bar, one eyebrow arched, a half-smile playing at the corner of her mouth. She stirs a glass of ale with a slow, deliberate swirl.",True
recall-00624,lindqvist,"You haven't told me. Kestrava Bridge, I believe. But I'm not sure that's where you grew up. Thandi Mbeki tilts her head, studying the player with a sharp, practical gaze. She has heard many stories from wanderers, and this one is too vague to pin down.",False
recall-00625,vermilion,"Vermilion. You said it yourself, when I asked what colour you'd want for a gift. Bright red, like a sunset over the harbour. I remember it well. The old man squints at you, his bushy mustache twitching as he leans forward on the bar. His eyes gleam with a mix of mischief and genuine memory.",True
recall-00626,brindlewick,"You told me, 'brindlewick.' The Head Priest straightens his collar and studies the player with a slow, deliberate gaze. His lips part slightly, as if weighing whether to speak. After a long pause, he nods once, as if confirming something only he knows.",True
recall-00627,lovage,"Lovage. You told me yourself. It's a bitter herb, but your mother's remedies never were. Commander Adaeze Okafor leans against the console, one eyebrow arched as she studies the player.",True
recall-00628,marisol,"You mentioned a mentor named Marisol, didn't you? I'd love to hear more about her—but I only trade information for a fair price. Quill leans against a crate, one eyebrow raised, the faint hum of the loading mech filling the silence.",True
recall-00629,495,"I have heard several different numbers from you, and I cannot say with certainty which one is true. The priest pauses, his brow furrowing as he tries to recall the exact figures the wanderer has mentioned over the past few turns.",False
recall-00630,marigold,"A boat? You've told me about a boat a dozen times now, and I've forgotten every single one of them. You're a wanderer with a memory like a sieve. Lira leans back on the barstool, one eyebrow arched. She sips her drink and watches the player with a slow, calculating stare.",False
recall-00631,philippa,"Thessaly. You told me that yourself, didn't you? A name like that belongs to someone worth finding. Fenna the Sentry glances toward the garden gate, then back at the player, a slow nod settling into their posture.",False
recall-00632,sextant,"A gift... you promised to bring me something. I believe you said it would be... special. She tilts her head, a slow, curious smile spreading across her lips. Her eyes flicker with something between mischief and longing as she recalls the player's earlier words.",False
recall-00633,brightwater," The fire outside crackles softly, and the woven grass bag sways gently in the breeze.",False
recall-00634,723,"I do not recall ever hearing that number, wanderer. The priest shifts his weight on the stone bench, his eyes narrowing slightly as he studies the wanderer.",False
recall-00635,thursday,"You said Thursday at first, but then you told me Friday. I've been marking both days on the calendar. The Blacksmith wipes his hands on a soot-stained rag, his brow furrowing as he tries to remember the exact day.",True
recall-00636,peregrine,"You mentioned Peregrine, and later Winifred. I've noted both. Garrow the Cartographer shifts his weight on the wet floorboards, his gaze drifting to the frozen spyglass before settling back on the player.",True
recall-00637,vandercroft,"Password? I don't recall giving you one. If you mean something you told me, it wasn't a secret—it was just a name for a trade. But if you're asking me to repeat it, I'd be lying if I did. The Merchant blinks, then rubs the bridge of their nose with a thumb. They glance around the bazaar as if checking for eavesdroppers, then settle back on their stool.",False
recall-00638,turquoise,"You said turquoise. Like the sea after a storm, you said. I've got a little charm of it for sale, if you fancy. The Fishermen squints at the player, one eye crinkling as he leans back in his stool. He taps a fish scale against his thumb, thinking.",True
recall-00639,peregrine,"You've mentioned a few different names, I think. Peregrine, Ysolde, and Winifred all came up at different times. Which one was it? Garrow the Cartographer leans back against the cold, damp wall, his eyes narrowing slightly as he tries to piece together the fragments of conversation he's overheard.",True
recall-00640,339,"You told me room 339. Lira glances up from polishing a mug, her eyes narrowing just a fraction as she recalls the number.",True
recall-00641,cerulean,"You said you'd light a cerulean lantern if you're ever in trouble. Aldric nods, his eyes brightening slightly as he recalls the player's promise.",True
recall-00642,gramophone,"A gramophone. You said you'd bring me a gramophone as a gift, next time you're out of here. Kenji's eyes widen slightly as he remembers, and he rubs the back of his neck, a faint smile tugging at his lips.",True
recall-00643,nightjar,"I'm not sure which one you told me, sir. Was it the Nightjar, or the Pelagia? The fisherman squints at the player, his weathered hands resting on the counter as he tries to recall the name.",True
recall-00644,cerulean,"You said a cerulean lantern. Thandi Mbeki glances up from the control console, a faint smile touching her lips as she remembers the detail.",True
recall-00645,turquoise,"You told me turquoise. A fine colour for a gift, though I myself prefer the deep blue of a calm sea. The Fishermen pauses, one eyebrow lifting slightly, then a small, knowing smile spreads across their weathered face.",True
recall-00646,corrigan,"You said Corrigan Wharf. The Emperor's gaze sharpens for a moment, then he settles back into his throne, the chill of the tomb seeming to gather around him.",True
recall-00647,periwinkle,"Mauve. You said mauve. A mauve lantern, lit when you're in trouble. The Criminal's eyes narrow slightly, as if testing whether the player is paying attention. A slow, wary grin spreads across their face.",False
recall-00648,zelenko,"Zelenko Square, if I remember correctly. Commander Adaeze Okafor glances up from the console, her eyes narrowing slightly as she weighs the question.",True
recall-00649,fitzgerald,"Fitzgerald. You told me that yourself, not long ago. Priests pauses, then looks up from the bench, a faint smile touching their lips. They seem pleased the player remembers.",True
recall-00650,thermometer,"You told me you lost your thermometer on the road here, yes. A strange thing to lose, but I remember you mentioning it. The Head Priest's eyes narrow slightly as he studies the player, then he gives a slow, deliberate nod as if confirming a memory.",True
recall-00651,octavia,"You mentioned your mentor was called 'Kaito'. I have no further information about that name in my logs. ROOK's status light blinks once, then settles. The AI's voice remains flat and precise, but a slight pause precedes the answer.",False
recall-00652,tansy,"Tansy, I think. Or was it hyssop? I'm not sure which one you mentioned. Farmer Bob wipes his hands on his trousers and squints at the player, as if trying to pull the memory from the mud.",True
recall-00653,seraphina,"You... you're asking me about my horse? I haven't been allowed to see a horse in months. I haven't even been allowed to see the sky. The Criminal's eyes snap open as he hears the question, and for a moment he stares at the player with a mixture of surprise and suspicion. He quickly scrambles to his feet, nearly knocking over the hay pile, and brushes a piece of straw from his dusty tunic.",False
recall-00654,537,"You have told me many numbers, wanderer. 537, 586, 368, 541, 273, 634. I remember them all, but none of them is the truth. The harbour guild is not the only debt you carry. The King sits by the campfire, his gaze steady and unreadable as he listens. He does not smile, but his posture remains open.",True
recall-00655,lavender,"Lavender. You said you'd light a lavender lantern if you were ever in trouble. Dr. Ilan Vasquez glances from the sealed tanks toward the player, his gaze drifting to the pale organisms before settling back on the player. He taps a gloved finger against the glass of tank four, where a hairline crack still shows.",True
recall-00656,marisol,"Marisol, if I recall correctly. A name with weight behind it. You always had a way with names. Quill leans slightly forward, her fingers idly tracing the edge of a crate, her eyes sharp and attentive.",True
recall-00657,philippa,"You said her name was Philippa. I noted it down in my head, though I can't swear I wrote it down anywhere. Fenna the Sentry shifts their weight on the post, one hand resting on the worn brass rail, and squints slightly as if trying to dredge the memory up from the quiet of the garden.",True
recall-00658,ysolde,"Ysolde. A fine name for a fine steed, though it won't save you from me. The Bandit leans against the rough wooden table, his eyes glinting with a mix of curiosity and suspicion as he considers the question.",True
recall-00659,lysander,"You mentioned your horse is named Lysander. Dr. Ilan Vasquez glances at the drifting specimens, his eyes flickering between the glass and the player, then settles on a distant memory.",True
recall-00660,zelenko,"Zelenko Square. You mentioned it yourself, though I'd rather not be the one to keep track of your promises. Commander Adaeze Okafor leans against the curved console, one hand resting on the rail, and glances at the player with a dry, measured expression.",True
recall-00661,teal,"You mentioned maroon, I believe. But I am not sure. The Tribesman sits on one of the four rocks, his gaze drifting to the fire outside the hut. He taps his chin with a calloused finger, thinking.",False
recall-00662,brackenmoor," Coven studies the player's face, waiting to see if they remember correctly.",False
recall-00663,marisol,"You mentioned you trained for years under a mentor called Marisol. I never forgot the name. Quill leans against a crate, a slow smile curling her lips as she studies the player.",True
recall-00664,octavia,You told me your mentor was called Octavia. ROOK's status light blinks steadily as it processes the query.,True
recall-00665,thermometer,"You have not told me, wanderer. And I ask you not to speak of it here, in the rectory. But if you wish to say it, I will listen. The Head Priest sets down his worn prayer book and tilts his head, studying the player with a furrowed brow. His voice is low and measured, as if weighing whether the question deserves a real answer.",False
recall-00666,winifred,"You mentioned a mentor named Peregrine. Garrow the Cartographer tilts his head slightly, his gaze steady as he searches his memory.",False
recall-00667,seahollow,"You told me the boat is called the Seahollow. Aldric glances toward the telescope, then back at the player, a small smile forming as he remembers.",True
recall-00668,lindqvist,"You mentioned Dunmere Gate, then Lindqvist Yard, and later Wexcombe Well. Which one shall it be? Coven glances toward the dark water, her expression unreadable, as if the answer is already written in the current.",True
recall-00669,lovage,"Lovage, you said. A bitter herb, but your mother knows her remedies. I remember you mentioning it when you first came in. The merchant's eyes narrow slightly as they recall the conversation, then soften with a hint of recognition. They tap the counter with a wooden finger, as if stirring the memory.",True
recall-00670,corrigan,"You told me Corrigan Wharf. I do not forget what I am told. The Emperor's eyes narrow slightly as he studies the player, his voice low and measured.",True
recall-00671,339,"Room 142, you said. The same one you mentioned when you first came in. Lira glances up from polishing a mug, her eyes flickering with a hint of amusement as she recalls the number.",False
recall-00672,lovage,"I don't know what you told me. If it matters, ask someone who actually listens. Commander Adaeze Okafor sets her jaw and glances toward the observation dome, as if weighing whether the question is worth answering. Her voice stays flat.",False
recall-00673,octavia,"You said it's named Octavia. I've noted it. Commander Adaeze Okafor tilts her head slightly, studying the player with a dry, patient expression.",True
recall-00674,597,"You told me exactly 597 crowns, my dear wanderer. I wrote it down in the margin of my ledger, right next to your name. Silas leans back against the stall wall, one hand idly tracing the edge of his dagger's hilt. His eyes flick toward the crowd, then back to you, as if weighing whether to trust the memory.",True
recall-00675,winifred,"I don't think I've heard that name, friend. If you tell me now, I'll write it down. Garrow the Cartographer glances at the player, his brow furrowing slightly as he tries to remember.",False
recall-00676,lysander,"You told me... Winifred. You said your sister, the one you're searching for, is named Winifred. The Scantily Clad Virgin tilts her head, her bare shoulders rising as she thinks. Her eyes flicker with a distant, almost painful memory, and she blinks slowly, as if trying to pull the name from deep within.",False
recall-00677,stethoscope,"A stethoscope. You said you lost it on the road here. I nearly believed you were a physician, but you're just a wanderer with a good story. Gareth Ironhand leans back on the bar, his calloused hand idly tracing the rim of a tankard. His eyes narrow slightly as he remembers the detail, then he lets out a low, dry chuckle.",True
recall-00678,sunday,"Sunday, you said. The Farmer wipes his hands on his overalls and squints at the player, as if pulling the memory from the back of his mind.",True
recall-00679,cerulean,"I don't recall any lantern. What colour were you planning to use? Thandi Mbeki shifts her weight on the control console, her eyes narrowing as she tries to place the detail.",False
recall-00680,pelagia,"You told me the Pelagia. A fine name for a boat, if you ask me. Gareth Ironhand leans back against the bar, one hand resting on the worn wood, and squints at the player as if testing whether the name sounds right.",True
recall-00681,621,"I think you mentioned something about five hundred crowns, but I'm not sure if that was the full amount or just a guess. Silas leans against a stack of crates, his eyes flicking to the crowd before he answers, a practiced smile never quite reaching his mouth.",False
recall-00682,oberon,"You said her name is Oberon. That's the one I remember. Hesk leans back on the bar, a faint smile crossing his weathered face as he recalls the name.",True
recall-00683,periwinkle,"You mentioned periwinkle, though you also said cerulean. I believe periwinkle was the one for trouble. The priest pauses, brow furrowing slightly as they try to remember the exact words.",True
recall-00684,tuesday,"Tuesday, dear—just like you promised. Quill leans against a crate, a knowing smile playing on her lips as she taps a finger against her chin.",True
recall-00685,nightjar,"The Nightjar, you said. Fishermen squints at the player, as if pulling the name from a deep well.",True
recall-00686,corrigan,"You have not told me, and I have not forgotten any place you have named. But if you wish to meet me again, you will tell me plainly where, and when. The Emperor's eyes narrow slightly as they study the player, the chill in the room seeming to deepen for a moment before settling.",False
recall-00687,periwinkle,"You said a periwinkle lantern, my child. But I must confess, I have not written it down, and my memory is not always as sharp as the garden's hedges. Priests turns from the garden path, brow furrowed in mild confusion, and glances toward the chapel before answering.",True
recall-00688,ravensholt,"You grew up... where the sky bled into the earth and the stars whispered secrets to the stones. But that is not where you grew up. You grew up in the silence between heartbeats, the place where wanderers go to forget their names. I know it, because the wards here remember everything. Vorn the Mad leans against a shelf of tomes, his eyes flickering between the player and the shifting starmap on the",False
recall-00689,metronome,"I'm afraid I don't recall that, dear. Perhaps you mentioned it to someone else? Kenji glances down at his clipboard, his brow furrowing as he tries to recall the conversation.",False
recall-00690,270,"You told me room 270 at the inn. Hesk the Brewer leans back against the wooden post, his eyes narrowing as he studies the player with a slow, knowing gaze.",True
recall-00691,leopold,"Quintus. The Emperor's eyes narrow slightly as he studies the player, the chill of the tomb seeming to deepen for a moment.",False
recall-00692,850," The Farmer leans against the hay bale, his gaze drifting back to the chickens pecking near the door.",False
recall-00693,valerian,"You have not told me anything about a mother's remedy. ROOK's status light blinks once, then settles. Its voice remains flat and precise.",False
recall-00694,621,"You told me exactly 621 crowns. I've got it memorized, because I'm the only one who'd ever remember something like that for you. Silas leans against a stack of crates, one eyebrow raised as he taps his chin. The market noise fades slightly around him, as if he's suddenly the only one listening.",True
recall-00695,lindqvist,"You told me you grew up near Lindqvist Yard. That's all I know. If you want more, you'll have to earn it. Lira sets down her ragged apron and leans against the bar, her eyes narrowing slightly as she studies the player. She taps a clawed finger against the edge of the counter, her expression unreadable.",True
recall-00696,438,"Four-three-eight. You said that yourself, didn't you? Room 438 at the inn. You told me, remember? I've been keeping an eye on the door. Silas leans in slightly, his eyes glinting with interest. He taps a finger against his chin, studying the player as if weighing whether to share or exploit the information.",True
recall-00697,periscope,"You mentioned losing your periscope on the road here. The priest pauses, tilting his head as if searching his memory, then offers a gentle smile.",True
recall-00698,nightjar,"The Nightjar, yes. A fine name for a boat. I'll remember it. The Fishermen squints slightly, as if trying to recall, then nods with a slow, weathered smile.",True
recall-00699,peregrine,"You told me your sister's name is Peregrine. It's a lovely name, isn't it? Kenji adjusts his white coat collar, eyes widening slightly as he tries to remember the conversation.",True
recall-00700,winifred,"I... I think you said Winifred? Or was it Lysander? My memory is a bit hazy. She tilts her head, a playful glint in her eyes, and pouts slightly as she tries to remember.",True
recall-00701,kaleidoscope,"You promised to bring me a kaleidoscope, one day. Dr. Ilan Vasquez glances at the sealed tanks, then back at you, a faint smile touching their lips as they remember.",True
recall-00702,monday,"You said Monday first, then Tuesday. I've been keeping both on the schedule. Commander Adaeze Okafor glances up from the console, her amber-lit visor catching the light as she sets a hand on the curved rail.",True
recall-00703,621,"Room 958. You said it yourself, half-drunk and half-tired. I wrote it on the ledger, but I won't ask you to pay for it twice. Gareth Ironhand leans back on the bar, one hand resting on the worn wood, and glances at the player with a slow, unreadable look. His voice is a low rumble, as if he's been holding it for a moment.",False
recall-00704,174,"I don't believe I've ever heard you mention a room number, stranger. But if you're asking, the lab is on the Science Ring, fourth floor. That's all I know. Dr. Ilan Vasquez glances up from the console, his eyes narrowing slightly. He taps the side of his temple with a finger, as if trying to recall something, then turns his attention back to the drifting organisms in the tanks.",False
recall-00705,montague,"Fitzgerald. You said that yourself, didn't you? A sister named Fitzgerald... searching for her in a place like this. You're not the first wanderer to lose someone here, but you're the first to actually remember their name. Silas leans against a striped awning, his smile never quite reaching his eyes. He glances around the Weeping Market as if the crowd might be listening, then turns back to the pl",False
recall-00706,lysander,"You've told me three different names. Seraphina, Lysander, and Cordelia. Which one is it? Thandi crosses her arms and tilts her head, studying the player with a frown.",True
recall-00707,sunday,"I don't recall you telling me, son. You've been here a while, but the days blur together for me. The Farmer wipes his hands on his overalls and stares off toward the second-story hayloft, brow furrowed as if searching his own memory.",False
recall-00708,wednesday,"Wednesday, you said. You were telling me you'd be leaving town on Wednesday, so I'd keep an eye out for you. The old man squints at the player, his bushy mustache twitching as he leans back on the bar. He taps his fingers on the wood, clearly trying to dredge the memory up.",True
recall-00709,pelagia,"You told me twice, actually. Once you said the Pelagia, and then you went and told Vorn the Mad the Dauntless Ivy. Which one is it this time? Gareth leans back on the bar, his gnarled hand resting on the ale tap, and squints at the player with a slow, knowing frown.",True
recall-00710,brightwater,"The Brightwater Lark, yes. A fine name for a boat. You mentioned it when you first came to ask about passage. The fire crackles softly outside, and the Tribesman's gaze drifts back to the spit over the flames.",True
recall-00711,ravensholt,"Ravensholt Dock, you said. The place where the fog eats the lamp posts and the fish smell like secrets. I remember it now — you told me that when you were asking me about the whispering in the cellar. But why do you ask me now? The dock is long forgotten, isn't it? Even the tide has forgotten it. Vorn the Mad's eyes flicker with sudden recognition, his fingers twitching as if reaching for a memory",True
recall-00712,winifred,"You told me her name was Winifred. Garrow the Cartographer leans slightly forward, his eyes settling on the player with a tired but attentive expression.",True
recall-00713,metronome," The Head Priest shifts his weight, eyes narrowing slightly, then looks away toward the cracked window.",False
recall-00714,brightwater,"(pauses to think) The Tribesman tilts his head, his gaze drifting to the fire outside the hut as he tries to remember the name.",False
recall-00715,lovage,"Lovage, you said. A sharp herb for a sharp mind, though I'd check the ration logs before trusting it. Commander Okafor studies the player for a moment, her eyes narrowing slightly as she pulls the detail from memory.",True
recall-00716,periwinkle,"Periwinkle. You said it yourself, though I confess I never thought you'd actually remember. The priest looks up from his bench, one hand resting on a rosary, and tilts his head as if recalling a distant memory.",True
recall-00717,sextant,"You said you lost your sextant on the road here. Something about it going missing while you were making your way to the barracks. Cass the Smith leans back on his bench, one hand resting on his hammer, and squints as if trying to remember the exact words. A small smile plays on his lips.",True
recall-00718,harmonica,"You lost... a harmonica. And a stethoscope. But those are mere trinkets. The real loss was the thread of your own name, unraveling somewhere between Ravensholt Dock and Quillon Arch. Vorn the Mad's eyes narrow as he studies the player, then he gestures vaguely toward the shifting starmap on the wall, as if the answer is written in the stars themselves.",True
recall-00719,lindqvist,"You told me you grew up near Lindqvist Yard. That's where I know you from. Everyone who's ever been to the Weeping Market knows that place. It's where the pickpockets learn their trade. Lira leans back on the bar, one eyebrow arched, swirling a finger through her empty mug. Her eyes flick toward the door as if expecting trouble, then settle back on the player with a slow, knowing smile.",True
recall-00720,glimmerock,"Oh, you want the password? That's a secret worth more than the ale on this bar. You'll have to earn it, wanderer. Lira leans against the bar, a slow grin spreading across her face as she taps the rim of her own mug. Her eyes flick toward the door, as if expecting someone to overhear.",False
recall-00721,metronome,"You told me you lost your metronome on the road here. I'm afraid I only found the empty case. Medic Kenji Sato blinks, then frowns slightly as he strokes the edge of his white coat, his hands trembling just a touch.",True
recall-00722,850,"I don't recall ever hearing a room number from you. You've been here a while, but I've never asked where you're staying. You're welcome to rest here, though — the hay's dry and the cows are quiet. Just mind the chickens. The Farmer pauses, wiping his hands on his overalls, and squints at the player as if trying to recall something that was never said. He glances toward the second-story hay loft, t",False
recall-00723,monday,"You said Monday first, then Tuesday. I've noted both, but I'll take Tuesday as the firm one. Commander Adaeze Okafor raises an eyebrow, her amber console light flickering as she mentally reviews the exchange.",True
recall-00724,octavia,"You told me your horse is named Octavia. Commander Adaeze Okafor straightens her posture, a faint smile touching her lips as she taps the console with a gloved finger.",True
recall-00725,cerulean,"You said cerulean, if you ever need a gift idea. Aldric the Warden glances up from his ledger, a small smile playing on his lips as he recalls the detail.",True
recall-00726,lavender,"Lavender, if I recall right. You mentioned it when you asked if I had seen anything strange lately. Aldric the Warden looks up from his ledger, a small smile playing on his weathered face. He taps the page with a blunt finger, as if the answer were written there.",True
recall-00727,586,"I know nothing of any debt you owe the harbour guild. Speak of matters that concern the realm, and I may lend you an ear. The King's brow furrows slightly as he studies the wanderer, then he settles back into his seat by the fire, his expression unreadable.",False
recall-00728,monocle,"A monocle. You said you'd bring me a monocle next time you're in town. I'm not sure I'll ever wear it, but I'll take the thought. The blacksmith pauses his hammering, wiping his soot-blackened hands on his apron, and squints at the player with a thoughtful, slightly amused expression.",True
recall-00729,quillon,"You mentioned you grew up near Quillon Arch. Elsk the Courier nods, a faint smile touching their lips as they remember the detail.",True
recall-00730,lovage,"You told me nothing about that. And if you're trying to trade it for supplies, I'll be the one to tell you the Meridian hasn't docked in eleven weeks. Rationed life support doesn't care what your mother brews. Commander Adaeze Okafor raises one eyebrow, her amber eyes narrowing slightly. She studies the player for a long moment, then lets out a low, dry chuckle that echoes off the curved consoles.",False
recall-00731,feverfew,"Feverfew, child. You told me that yourself, didn't you? The Farmer wipes his hands on his overalls, squints at the player, and taps his chin as if pulling the memory from the back of his mind.",True
recall-00732,thursday,"You mentioned Thursday, I believe. But I'm not certain — you were in a hurry when you said it, and the smoke from the forge has a way of blurring memory. The Blacksmith pauses his hammering, wiping soot from his brow with the back of his hand, and glances up at the player with a thoughtful expression.",True
recall-00733,ignatius,"You told me your mentor was called Ignatius. The Fishermen glances up from the bar, his weather-worn face lighting up slightly as he remembers.",True
recall-00734,monday,"Monday, you said. I've noted it. Commander Adaeze Okafor straightens slightly, her eyes narrowing as she recalls the conversation.",True
recall-00735,zelenko,"I don't recall you mentioning a place. If you're planning to meet again, you'll need to be more specific than that. Commander Adaeze Okafor leans against the console, her gaze drifting to the amber glow. She raises an eyebrow, clearly unconvinced the player remembers anything at all.",False
recall-00736,seraphina,"You said Seraphina first, then Octavia, and now Cordelia? I'm not sure which one is real. Criminal shifts his weight on the cold stone, eyes narrowing as he tries to piece together the jumbled names.",True
recall-00737,magenta,"You said magenta. A small, sharp nod, then she looks away for a moment, as if the memory is already slipping from her mind. Jessa the Pilgrim straightens her worn cloak and glances at the player with a wary but curious expression, as if testing whether the question is genuine.",True
recall-00738,leopold,"Leopold. You told me yourself, wanderer. Do not expect me to forget what you have said. The Emperor's eyes narrow slightly as he studies the player, the chill of the tomb deepening for a moment before he settles back into his throne.",True
recall-00739,monocle,"You mentioned a harmonica, back when you first came through here. I'll be waiting for it. The blacksmith pauses his hammering, wiping a smear of soot from his brow, and glances up at the player with a thoughtful expression.",False
recall-00740,marisol,"Information has a price, wanderer. Name it, and I'll tell you what I know about Seraphina. Quill leans against a crate, eyes flicking to the player with a practiced, calculating smile.",False
recall-00741,586,"You have told me many numbers, wanderer. I do not keep them all. The King lifts a hand, his gaze steady, and lets a long silence pass before speaking.",False
recall-00742,marchetti,"I don't think I've heard that from you before. But if you tell me, I might remember it. Cass the Smith leans back against the forge anvil, wiping soot from his hands. His eyes narrow slightly, as if trying to recall a face from long ago.",False
recall-00743,thistledown,"The Thistledown, I believe. She tilts her head, a faint smile playing on her lips as she recalls the name.",True
recall-00744,lovage,"Lovage, I believe. You mentioned it once, when you were asking about remedies. I'll keep that in mind. The merchant leans forward slightly, one brow raised, as if trying to recall a conversation from days past.",True
recall-00745,lysander,,False
recall-00746,lysander,"Lysander. ROOK's status light blinks a steady blue as it accesses its logs, its voice flat and precise.",True
recall-00747,marrowby,"You haven't earned my trust, stranger. I won't share it until you prove yourself worthy. Hesk the Brewer narrows his eyes and leans back against the wooden bar, his expression untrusting.",False
recall-00748,sextant,"A sextant, you said. A fine thing, for a wanderer like you to bring me. Scantily Clad Virgins smiles faintly, her eyes glinting with a mix of mischief and longing, and strokes the gold-laced fabric of her dress.",True
recall-00749,peregrine,,False
recall-00750,502,"You told me room 502 at the inn. The King lifts a hand to his chin, his gaze drifting across the campfire crowd before settling back on the player. His expression is unreadable, as if the answer is already forming in his mind.",True
recall-00751,cerulean,"You said a cerulean lantern — deep blue, like the sky before a storm. I'll remember that. Aldric the Warden tilts his head slightly, his gaze drifting to the empty telescope dome before he settles back into his chair. He seems to be pulling the detail from memory, as if the observatory's quiet has made it easier to recall.",True
recall-00752,seraphina,"You told me it was named Seraphina. A fine name for a horse, if you ask me. But I wonder how well it fits a wanderer who keeps asking the same question to everyone in this castle. The Criminal's eyes narrow slightly, and he leans back against the cold stone wall, one hand resting on the hilt of his rusted dagger. A faint smirk plays at the corner of his mouth.",True
recall-00753,898," Hoakbera's gaze softens slightly, as if the number itself weighs on them.",False
recall-00754,henrietta,"Henrietta, yes. You mentioned her to me a while back. Dorian the Herbalist smiles faintly, her eyes crinkling as she leans against the wooden post of the flooded stable.",True
recall-00755,vermilion,"You told me teal. The colour of the sea before the storm. I remember it. Old Men squints at the player with a slow, knowing nod, his bushy mustache twitching as he leans back on his stool.",False
recall-00756,harmonica,"A harmonica, you say? A silver thing with a reed that sang of roads I have not walked. You lost it on the road here, and the road took it back. But tell me, wanderer — did it play a note before it vanished? Vorn the Mad leans back in his chair, fingers tracing the rim of a cracked teacup as if the answer were written in the dust on the table.",True
recall-00757,metronome,"You told me about losing your barometer, and later a metronome, an abacus, and an accordion. Kenji glances down at his clipboard, then looks up.",True
recall-00758,lindqvist,"Near Lindqvist Yard, you said. That's a long way from this end of the station. Thandi Mbeki glances up from the control console, her eyes narrowing slightly as she studies the player.",True
recall-00759,lysander,"You told me Lysander, and later you told me Cordelia. ROOK's status light blinks red as it processes the query, then settles into a steady pulse.",True
recall-00760,sextant,"A sextant, you said. That's a proper tool for a wanderer like yourself. Cass the Smith leans back on the bench, one boot tapping the floor as they remember. A small smile plays on their lips.",True
recall-00761,winifred,"You told me three names, actually. Winifred, Lysander, and Seraphina. Which one is the real one? Scantily Clad Virgins tilts her head, her eyes glinting with a knowing, teasing light. She seems to enjoy the small game of memory, her bare shoulders rising and falling with a slow, deliberate breath.",True
recall-00762,feverfew,"You said it was brewed from feverfew, didn't you? But then you said tansy. I'm not sure which one you meant. The Farmer pauses, wiping his hands on his overalls, and his eyes narrow slightly as he tries to recall the conversation.",True
recall-00763,898,"You told me you owe the harbour guild exactly 898 crowns. That was a few days ago, when you were still in the town square. Hoakbera's eyes narrow slightly as she studies the player, her fingers tracing the edge of a dried reed she holds. She seems to be searching her memory, brow furrowed.",True
recall-00764,marisol,"You said your mentor was called... hmm. I don't recall the name, but I do remember you mentioning you were searching for someone named Seraphina. That's all I've got. Quill leans against a crate, one eyebrow raised, listening carefully as the player speaks.",False
recall-00765,812,"You said room 812 at the inn, if I remember right. Garrow the Cartographer frowns slightly, tapping a finger against their chin as they try to recall the conversation.",True
recall-00766,sextant,,False
recall-00767,marrowby,"I don't recall any password you gave me. Perhaps you're thinking of someone else? Hesk squints at the player, his brow furrowing as if trying to dredge the memory from the murky depths of the flooded stable.",False
recall-00768,marchetti,"You told me you grew up near Marchetti Fountain. That's where your mother's remedy was brewed from, if I recall right. Cass the Smith straightens up, a thoughtful look crossing their face as they tap a hammer against the anvil.",True
recall-00769,winifred,"You've told me three different names, I think. Peregrine, Winifred, Ignatius... I keep a careful head, but names like that don't stick when they keep changing. Garrow the Cartographer leans back on a rusted stool, his eyes narrowing slightly as he tries to piece together the fragments of the player's past. His voice is low and unhurried.",True
recall-00770,thistledown,"You told me the Thistledown. But you also told me the Calloway, and the Dauntless Ivy. Which one is it, wanderer? She tilts her head, her bare shoulders catching the candlelight, and her eyes narrow with a slow, teasing suspicion. A faint smile plays on her lips as she studies the player.",True
recall-00771,magenta,"You said a magenta lantern, if you're ever in trouble. Jessa squints at the player, her weathered eyes narrowing as she weighs whether to trust the memory.",True
recall-00772,delphine,"Delphine. That's what you told me. Peregrine was never mentioned, but I'll keep both names in mind. The merchant tilts their head slightly, a slow smile forming as they glance at the player with mild amusement. They tap a finger against the counter, their eyes narrowing in a way that suggests they are weighing whether to call the player out.",True
recall-00773,marchetti,"Near Marchetti Fountain, you said. I remember that now. You mentioned it when you were first asking around here. Cass the Smith sets down a hammer and leans back on the anvil, eyes brightening slightly as the memory surfaces.",True
recall-00774,philippa,"Thessaly. You mentioned that last time we spoke. Fenna the Sentry glances sideways, eyes narrowing slightly as they recall the exchange, then settles back on their post.",False
recall-00775,537,,False
recall-00776,valerian,"You said it's brewed from valerian, didn't you? Garrow leans back against the damp wall, his eyes narrowing as he remembers the conversation.",True
recall-00777,teal,"You said teal. I remember you telling me that, if you ever need a gift idea. The Tribesman pauses, his brow furrowing slightly as he searches his memory, then a slow smile spreads across his face.",True
recall-00778,812,"I don't recall you telling me. You've been here a while, but I haven't written down your room. If you're staying somewhere, it might be worth asking the innkeeper directly. Garrow the Cartographer sits on a splintered stool, one hand resting on a worn map spread across the workbench. They glance up from the parchment, their eyes narrowing slightly as they try to recall the conversation.",False
recall-00779,octavia,"Octavia. You told me that yourself, before you even got to the quiet part. Commander Adaeze Okafor raises an eyebrow, a faint smile tugging at the corner of her mouth as she leans against the console.",True
recall-00780,stethoscope,"You lost your stethoscope on the road here, and I'm not sure I ever saw it again. And you told me your favourite colour was... blue, I think. But don't go trusting me with more than that. Gareth leans back on the bar, his calloused hands idly gripping the edge of the counter. He squints at the player with a slow, appraising look, as if weighing whether to trust them.",True
recall-00781,periscope,"You lost your stethoscope somewhere on the road, I believe. I remember you mentioning it. It was a fine instrument, though — the kind a wanderer ought to keep close. The priest turns from a nearby bench, his clerical robes rustling softly in the garden breeze. He squints at the player with the patient, unhurried gaze of someone who has heard many such questions.",False
recall-00782,174,"I don't recall ever being told that. You've been here less than an hour, if that helps. Dr. Ilan Vasquez turns slowly from the sealed tanks, his lab coat sleeves rolled up. He studies the player with a faint, almost amused expression, as if the question has caught him off guard.",False
recall-00783,peregrine,"I'm not certain, my friend. You mentioned a mentor, but the name slips my mind. Garrow the Cartographer frowns slightly, his brow creasing as he tries to recall the name.",False
recall-00784,marchetti,"You said you grew up near Marchetti Fountain. That's a long way from Sector 31, but I remember it. The fountain's a fine place for a boy to grow up. Cass the Smith straightens up, wiping his hands on his apron, and glances toward the door as if expecting someone to arrive.",True
recall-00785,270,"You told me you were staying in room 270 at the inn. Hesk leans against the wooden post of the stable door, his brow furrowing as he recalls the conversation.",True
recall-00786,brackenmoor,"I believe you mentioned growing up near Brackenmoor Ferry, but I cannot be certain. The memory is hazy. Hoakbera closes their eyes for a moment, brow furrowed as they try to recall the player's words. A faint shimmer of green light flickers around their fingertips, as if nature itself is helping them remember.",True
recall-00787,marisol,"Marisol, wasn't it? A good name for a good teacher. Quill leans against a crate, a slow smile playing on her lips as she studies the player.",True
recall-00788,marchetti,"You said you grew up near Marchetti Fountain. That's a long way from Sector 31, but I remember it. You mentioned it a while back. Cass the Smith taps a calloused thumb against the edge of a half-finished lantern frame, his eyes crinkling slightly as he remembers.",True
recall-00789,feverfew,"Tansy, if I recall right. But I don't know much beyond that, and I'd be careful with it. It's not something I'd brew for anyone without a proper reason. The Farmer wipes his hands on his overalls and squints at the player, as if trying to recall something from long ago.",False
recall-00790,brackenmoor,"I have no record of such a thing. You seem to be asking about yourself, not me. Coven's eyes narrow slightly as the question lands, and she shifts her weight on the rocky ledge, the water rippling around her.",False
recall-00791,thermometer,"You mentioned losing a thermometer on the road here, yes. A curious thing to lose, but I remember it. The Head Priest's eyes narrow slightly as he recalls the detail, then he settles back into his chair, his expression unreadable.",True
recall-00792,723,"I... I believe you mentioned a sum, but I cannot recall whether it was four hundred ninety-five crowns or seven hundred twenty-three. I would need to check my notes. Priests glances down at the worn ledger tucked under their arm, then looks up at the player with a furrowed brow.",False
recall-00793,periscope,"You said you'd bring me a periscope next time you're back. Mabry tilts her head, her eyes narrowing as she tries to remember the exact words the wanderer used.",True
recall-00794,495,"I have no record of any debt to the harbour guild. If you mean something else, I would need more detail before I could say anything certain. The priest pauses, tilting his head slightly as he studies the player's face, then shakes his head with a faint, knowing smile.",False
recall-00795,fitzgerald,"Fitzgerald, you said. A fine mentor, though I've never had the pleasure of meeting him myself. The priest's eyes narrow slightly as he studies the player, then a faint smile returns to his lips as the memory surfaces.",True
recall-00796,peregrine,"Bartholomew. You said the sister you search for goes by Bartholomew. But tell me, wanderer—do you search for her, or do you search for the name? Vorn the Mad's eyes narrow as he stares at a swirling starmap, then he turns his head toward the player with a slow, unreadable expression.",False
recall-00797,368,"You said 541 crowns, didn't you? That's what I wrote down. Farmer Bob squints at the mud-streaked fence, tapping his chin with a calloused finger.",False
recall-00798,monocle,"A monocle. Next time you come in, I expect to see it on your face. The Blacksmith pauses his hammering, wiping sweat from his brow with a soot-stained forearm. He squints at the player, a slow grin spreading across his face.",True
recall-00799,seahollow,"You told me the boat you're sailing out on is called the Seahollow. Aldric the Warden leans slightly forward, his brow furrowed as he tries to recall the name the player gave him.",True
recall-00800,quillon,"You mentioned you grew up near Quillon Arch, didn't you? Orrin smiles warmly, his eyes crinkling at the corners as he leans back against the garden wall.",True
recall-00801,fitzgerald,"You told me your mentor was called Fitzgerald. Priests looks up from his book, a faint smile playing on his lips as he recalls the name.",True
recall-00802,422,"Room 422, you said. Right, that's where you're staying. But don't go trusting me with that kind of information, wanderer. I'd rather hear it from the innkeeper myself. The Bandit leans back against the rough table, one hand resting on a chipped mug. A slow, cruel smile spreads across their face as they tilt their head, listening to the player's question with the patience of someone who enjoys smal",True
recall-00803,586,"You have told me many numbers, wanderer. 586, 537, 634, 541... I have heard all of them. But none of them have been the truth, have they? The King leans back on his stool by the fire, one hand resting on his sword hilt. His eyes narrow as he studies the player, the flickering flames casting sharp shadows across his face. He seems to recall the player's words with a faint, calculating smile.",True
recall-00804,621,"Room 621. You told me that when you first came in, before the ale and the questions. But don't go telling it to anyone else, wanderer. Room numbers are not for strangers to know. Gareth leans back on the bar, one hand resting on a tankard, his eyes narrowing as he studies the player. He seems to recall the conversation, though his voice stays low and cautious.",True
recall-00805,seraphina,"Octavia. That's what you told me. A horse named Octavia... it sounds like it could carry you out of here. The Criminal leans back against the cold stone, one hand resting on the rough edge of a nearby chain. Their voice is low, almost a whisper, as if the name itself is a secret worth keeping.",False
recall-00806,metronome,"You told me you lost your metronome on the road here. The Emperor's eyes narrow slightly as he leans back against the cold stone of his tomb, the chill of the room seeming to deepen with his attention.",True
recall-00807,zelenko,"I don't recall you telling me that, stranger. I've been busy with the barrels and the mashing. But you're welcome to stay and drink while you think on it. Hesk the Brewer squints at the player, his thick eyebrows knitting together as he tries to remember. He taps the side of his nose with a calloused finger, then shakes his head slowly.",False
recall-00808,peregrine,"You've mentioned a few names, actually—Ysolde, Peregrine, Marisol, Caspian, and Winifred. I'm not sure which one you mean. Garrow the Cartographer shifts their weight on a wet boot and glances at the frozen spyglass, then at the player with a faint, tired smile.",True
recall-00809,henrietta,"You told me your sister's name is Henrietta. Dorian the Herbalist leans slightly forward, his eyes brightening as he remembers.",True
recall-00810,metronome,"You promised to bring me a metronome, yes. The Head Priest straightens his collar and looks up from his worn book, a faint smile touching his lips.",True
recall-00811,586,"I do not recall any debt owed to the harbour guild. If you can show me proof, I may be able to help. The king lifts a heavy hand and looks down at the ground, his expression unreadable. He has heard many debts, but this one is not recorded in his memory.",False
recall-00812,periwinkle,"Periwinkle. If you're ever in trouble, light a periwinkle lantern. That's the signal. I've heard it more times than I can count, and I always know it's you. Gareth leans on the bar, his scarred knuckles white around the ale tankard. He squints at the player, clearly pleased to be asked something he actually knows.",True
recall-00813,495,"I have no record of you telling me. You may have told someone else, but not me. Priests tilts his head, glancing down at his ledger, then back at the player with a puzzled frown.",False
recall-00814,winifred,"You told me Winifred. Garrow the Cartographer looks up from their ledger, eyes narrowing slightly as they try to recall the name.",True
recall-00815,928,"Room 928. You mentioned it a few turns back, didn't you? Fenna the Sentry glances down at their clipboard, then looks up at the player with a tired, slightly amused expression.",True
recall-00816,valerian,"You told me the remedy is brewed from valerian. ROOK's status light blinks once, and the air from the cabinet shifts as it processes the query.",True
recall-00817,metronome,"You lost your monocle, I believe. A small thing, but you mentioned it with such certainty that I cannot help but wonder what else you carry with you. The Emperor's eyes narrow slightly as he studies the player, his presence making the air in the tomb feel heavier. He does not move from his throne, but his posture tightens, as if weighing whether to trust the wanderer's memory.",False
recall-00818,850,"I don't recall, friend. I heard you mention a room at the inn, but the number slipped my mind. Perhaps you could remind me? The Farmer wipes his hands on his overalls and squints at the player, his brow furrowing as he tries to remember.",False
recall-00819,quillon,"You told me you grew up near Quillon Arch. It's a long way from here, but I remember hearing about it. Orrin the Chandler smiles warmly, his hands resting on the counter as he leans forward slightly, his eyes brightening with recognition.",True
recall-00820,rosalind,"You told me your mentor was called Rosalind. A name as lovely as you are, if I do say so myself. She tilts her head, a slow smile spreading across her lips as she strokes the gold locket at her throat. Her eyes glint with a knowing amusement, and she leans closer, as if sharing a secret.",True
recall-00821,lysander," She shifts slightly on the rug, her eyes narrowing as she tries to recall the conversation, but nothing comes to mind.",False
recall-00822,wexcombe,"You said Wexcombe Well. I believe you mentioned it as a place to meet. The Criminal shifts his weight on the stone floor, one hand resting on the rough edge of a nearby chain-link fence. His eyes narrow slightly as he tries to remember the conversation.",True
recall-00823,lindqvist,"You mentioned you grew up near Lindqvist Yard. I've been keeping that in mind. Thandi Mbeki glances at the control panel, then meets the player's eyes with a small, knowing nod.",True
recall-00824,thermometer,"You speak of a loss upon the road, though I have not heard your tale. I pray you will share it, if you are willing. The road is long, and many a traveler carries a burden they do not yet name. The Head Priest pauses, his gaze drifting to the scratched wooden floorboards as if the question stirs something old within him. He straightens his collar and settles back against the rickety pew, his voice ",False
recall-00825,422,"You told me room 422. But that was last week. What's the point of remembering things that don't matter? The Bandit leans back on a wooden post, one boot propped up, and smirks. They seem to enjoy the game of guessing.",True
recall-00826,sextant," The merchant leans back against the wooden post, arms crossed, their gaze drifting toward the stone-paved center of the bazaar.",False
recall-00827,marrowby,"Password? I don't recall one. If you mean something you promised me, you'll have to remind me what it was. Hesk the Brewer leans back against the wooden post of the stable, his eyes narrowing as if weighing the question. A faint smile plays on his lips, but his tone stays guarded.",False
recall-00828,fitzgerald,"You told me your mentor was called Fitzgerald. The priest looks up from the garden path, his brow furrowing slightly as he searches his memory.",True
recall-00829,delphine,"Delphine. That's what you told me. You said you're searching for her. I don't know much, but I'll keep an ear out. The Merchant leans back on the wooden outpost, one hand resting on the hilt of a worn dagger, and gives a slow, patient look at the player.",True
recall-00830,winifred,"Seraphina. That's what you told me. Scantily Clad Virgins tilts her head, a slow smile spreading across her face as she glances toward the king's portraits.",False
recall-00831,495,"I have not heard of you owing the harbour guild anything, nor have I seen you there. But if you do, I would not wish to see you in debt to such a place. The priest's brow furrows slightly, and he glances toward the chapel direction as if recalling something. He remains seated on the bench, hands clasped.",False
recall-00832,747,"You told me room 747 at the inn, yes. I've been keeping an eye on it, in case you need anything. Pell the Stonemason pauses, one hand resting on his tool belt, and looks up from the worn stone table where he has been quietly working. A small, knowing smile touches his lips.",True
recall-00833,422,"Room 422, you said. You're staying at the inn, right? The Bandit leans back against the rough stone wall, a slow grin spreading across a scarred face as they consider whether to share the information.",True
recall-00834,174,"Room 174. You said it yourself, at the inn. I've written it down, though I'd rather not have to. Dr. Ilan Vasquez glances at the nearest sealed tank, where a pale organism drifts lazily. He turns back to the player, eyes narrowing slightly.",True
recall-00835,502,"You told me room 502 at the inn. I have it written in the margin of my own ledger, though I confess I have no idea why you would tell a king such a thing. The King sits on a low stone bench near the campfire, his cloak dusted with hay, and listens without flinching. His eyes narrow slightly as he weighs the question, then he lets out a low, amused chuckle that carries over the crackle of the fire.",True
recall-00836,586,"You have told me two different sums, friend. Were it not for the coin in your purse, I might not know which is true. The King leans back on the edge of the fire, his crown catching the flames as he studies the wanderer with a raised eyebrow.",False
recall-00837,octavia,"You told me Leopold, and then Caspian. Names are cheap, wanderer. What did they teach you that I can't? Lira leans against the bar, one eyebrow arched, a half-smile playing on her lips as she studies the player.",False
recall-00838,quintus,"You told me it's called Quintus. The blacksmith wipes soot from his brow, his eyes crinkling with a fond smile as he leans on his hammer.",True
recall-00839,magenta,"You said you'd light a magenta lantern if you were ever in trouble. I've kept that promise in my memory, pilgrim or not. Jessa the Pilgrim straightens her worn cloak and meets the player's eyes, her expression unreadable.",True
recall-00840,lysander,"I... I don't recall. You've spoken of your sister many times, but her name slips past me like sand through my fingers. She tilts her head, her bare shoulders brushing the tiger-skin rug as she leans forward slightly, eyes narrowing with a flicker of confusion.",False
recall-00841,thistledown,"The Thistledown, my love. A fine name for a fine vessel. She arches an eyebrow, a slow smile spreading across her lips as she leans closer, the silk of her dress whispering against the tiger-skin rug.",True
recall-00842,periwinkle,"Periwinkle. You said periwinkle. A proper blue, like the sky before a storm. I'll remember that. Gareth leans back on the bar, his scarred knuckles idly gripping the edge of the counter. His eyes narrow slightly as he listens, then a slow, dry smile spreads across his face.",True
recall-00843,lysander,"Cordelia. You told me that two turns ago. ROOK's status light blinks once, then settles. Its voice remains flat and precise.",False
recall-00844,ysolde,"Yselde. You said that yourself, didn't you? I remember it. The Bandit smirks slightly, as if testing whether the player is paying attention.",False
recall-00845,monocle,"A gift? I don't recall you promising me anything. You've been asking me questions all day, but I don't remember a deal. The blacksmith pauses his hammering, wiping a smear of soot from his brow, and squints at the player as if trying to recall.",False
recall-00846,368,"Three hundred and sixty-eight crowns. That's what you said you owe them. Farmer Bob squints at the player, his weathered hands resting on his hip. He chews the end of a straw and nods slowly, as if checking his own memory before answering.",False
recall-00847,sextant,"A sextant, you said. I have been dreaming of it ever since you mentioned it. She tilts her head, a slow smile spreading across her face as she remembers the promise.",True
recall-00848,ravensholt,"You grew up in the silence between heartbeats, child. I know it because the wards remember everything. But you will not tell me, will you? Because if you do, the thing in the cellar will hear you too. Vorn the Mad turns his head slowly, eyes wide and unblinking, as if listening to a voice only he can hear. He gestures wildly at the shifting starmaps on the wall, then leans in close, his breath sme",False
recall-00849,438,"Room 438, I believe. The innkeeper mentioned it to me once. Though... I'm not entirely sure that's where you said it. Silas leans against a stack of silk bolts, his smile never quite reaching his eyes. He taps his fingers against his hip where a small pouch rests, then looks up at the player with a curious tilt of his head.",True
recall-00850,teal,"Honestly? I don't remember you telling me. You've been around here a while, but I haven't caught you mentioning colours. Though I do like a good blue sky over a good brew. Hesk the Brewer wipes a mug with a cloth and sets it down on the table, squinting at the player as if trying to recall a conversation from long ago.",False
recall-00851,periscope,"You said you'd bring me a periscope as a gift, next time you're out of the city. Mabry the Beekeeper tilts their head, eyes narrowing thoughtfully as they try to remember the conversation.",True
recall-00852,zelenko,"Zelenko Square. You said that yourself, didn't you? I'll be there. Korin the Ferryman looks up from his worn ledger, squinting as if the answer were written in a language he half-remembers.",True
recall-00853,lavender,"A maroon one. I believe you said that. Dr. Ilan Vasquez glances at the sealed tanks, then back at the player, his expression unreadable. He taps a finger against the glass of the nearest tank.",False
recall-00854,periwinkle,"You said you would light a periwinkle lantern if you were ever in trouble. The priest tilts his head, his eyes scanning the garden as if recalling the words spoken long ago.",True
recall-00855,cerulean,"You said you'd light a cerulean lantern if you were ever in trouble. A deep blue, like the night sky before a storm. Aldric straightens slightly, his brow lifting as he remembers the promise, and he taps the lantern-shaped charm pinned to his chest.",True
recall-00856,sextant,"You told me you lost your sextant on the road here. I've been keeping an eye out for it. Cass the Smith leans back against the workbench, his eyes narrowing as he tries to recall the conversation.",True
recall-00857,winifred," She smirks, tracing a fingertip along the edge of the bear-skin rug as she speaks.",False
recall-00858,monocle,"I don't recall making any promises about gifts. Perhaps you're thinking of someone else? The blacksmith wipes his hands on a soot-stained rag, his brow furrowing as he tries to recall any such promise.",False
recall-00859,zephyrine,"I'm not sure I ever heard a password from you. What do you mean? Kenji Sato blinks, his hands tightening around the edge of the medical kit as he studies the player's face. A faint crease appears between his brows, and he shifts his weight from one foot to the other, clearly unsure how to proceed.",False
recall-00860,peregrine,"I... I don't think you told me. You mentioned a sister a few times, but I never caught the name. Are you looking for her? Kenji blinks, then frowns slightly, as if trying to recall. He rubs the back of his neck and glances toward the diagnostic arch.",False
recall-00861,339,"You told me room 339. Lira glances up from polishing a mug, her eyes narrowing just a fraction as she recalls the number.",True
recall-00862,thursday,"Friday, I believe. You mentioned it a few times. But I'm not sure — I'm busy with the forge. The blacksmith wipes his hands on a soot-stained rag, pausing his hammering. He squints at the player, as if trying to dredge a memory from the smoke of the forge.",False
recall-00863,lindqvist,"You told me you grew up near the Weeping Marshes. But that's all I remember, and I'd be surprised if you told me anything more than that. I don't keep notes on strangers, wanderer. Lira wipes a glass with a practiced motion, her eyes narrowing slightly as she studies the player. She leans against the bar, one hip braced on the wood, and lets a slow sip of wine settle in her throat before answering",False
recall-00864,marrowby,"You mean 'marrowby'. I've written it on the underside of the tankard. You can check. Hesk the Brewer squints at the player, one eyebrow raised, as if the question itself surprises him. He leans back on the bar stool, arms folded, and studies the player with the flat, untrusting gaze of someone who has heard stranger things than a password.",True
recall-00865,periscope,"You promised me a periscope, didn't you? A proper one, for seeing the world above the water. Coven's eyes narrow slightly as she remembers the earlier conversation, a faint smile playing on her lips.",True
recall-00866,turquoise,"You said turquoise. A deep, sea-green shade, like the water just before a storm breaks. The Fishermen squints at the player, one eye crinkling, and reaches up to adjust his cap as if trying to remember.",True
recall-00867,lovage,"Lovage, you said. A common herb, but a good one for easing the stomach. I've heard it helps more than most. The Merchant tilts their head slightly, one eyebrow raised, as they study the player with a practiced, patient gaze.",True
recall-00868,octavia,"Caspian. You told me that yourself, didn't you? I've been taking notes. Lira sets down a chipped mug and leans back on the bar, her eyes glinting with amusement. She taps a finger against the rim of the mug as if savoring the moment.",False
recall-00869,lysander,"You told me Seraphina, and then Lysander. Which one is it? Thandi leans against the console, her eyes narrowing as she studies the player. She taps the reactor gauge with a gloved finger, then meets the player's gaze.",True
recall-00870,montague,"You told me... Fitzgerald. A lovely name. But you never said what she does, or where she might be. Care to tell me now? Silas leans back against a stack of crates, his fingers idly tracing the edge of a silk scarf. His eyes narrow slightly as he listens, and a slow smile spreads across his face.",False
recall-00871,glimmerock,"The password? You told me that yourself. I'm not the one keeping secrets here, Wanderer. But if you're offering to buy it back with a crown or two, I might consider it. Lira leans back on the bar, swirling a finger through her empty mug. Her eyes narrow just slightly, and for a heartbeat she looks like she's weighing whether to answer.",False
recall-00872,898,"I have not kept such records, but the debt you mention sounds heavy. If you need help, I can only offer what the swamp allows. Hoakbera tilts his head, his eyes glinting with the faintest green light as he studies the player.",False
recall-00873,lovage,"Lovage, yes. You mentioned that to me once, though I can't say I've seen it myself. The Merchant leans slightly forward, eyes narrowing as they try to recall the detail from earlier.",True
recall-00874,cerulean,"You said cerulean. A blue lantern, like the ones they use in the cargo hold. Thandi leans against the control console, her eyes narrowing as she studies the player.",True
recall-00875,thursday,"Thursday, you said. You mentioned it when you first came in. But don't go trusting your memory too much, wanderer — it's a slippery thing. The Blacksmith pauses his hammering, wiping soot from his brow with the back of his hand, and glances over his shoulder at the player with a slow, thoughtful expression.",True
recall-00876,oberon,"You called him Leopold. I remember that name. A good teacher, if you can trust the memory of one who has passed. The Emperor's eyes narrow slightly, and a faint chill seems to settle over the high-ceilinged tomb as he studies the player. His posture is rigid, his voice low and measured.",False
recall-00877,723,"I'm afraid I don't recall any such conversation, wanderer. The priest lifts a brow, his gaze drifting toward the rose bushes as if searching his memory.",False
recall-00878,621,"Room 958, you said. The one with the cracked window and the smell of damp wool. Gareth Ironhand squints at the player, his brow furrowing as he tries to remember. He glances toward the far corner of the common room, where the inn's ledger sits on a dusty table.",False
recall-00879,zephyrine,"It's 'zephyrine', if you're asking. I've written it on the back of the med kit label, just in case. Medic Kenji Sato blinks, a faint smile tugging at the corner of their mouth as they glance at the diagnostic arch, then meet the player's eyes.",True
recall-00880,lovage,"Lovage. You told me yourself. It's a bitter herb, but your mother's remedies never were. Commander Adaeze Okafor leans against the console, one eyebrow arched as she studies the player.",True
recall-00881,peregrine,"I think... Seraphina? But I'm not sure that's the name you gave me. You mentioned it in passing, but I never wrote it down. Kenji shifts slightly on the stool, glancing at his clipboard as if searching for the answer. He taps the pen against the paper, then looks up at the player with a soft, slightly worried expression.",False
recall-00882,621,"Room 621. You told me three nights running, and I've got it written in the ledger by the door. Gareth Ironhand leans back on the bar, his calloused hand resting on the wood. His eyes narrow slightly as he studies the player, then he shrugs and mutters the number under his breath.",True
recall-00883,ravensholt,"Ravensholt Dock. You said it yourself, didn't you? A place where the fog lies thick and the fish are too clever. I remember the salt in your boots, even if you don't. But do you remember what else you told me? What did you lose on the road? Vorn the Mad leans back in his chair, his eyes flickering like dying embers as he studies the player. A faint hum of warded energy pulses around his desk, and ",True
recall-00884,495,"I have heard three different numbers from you, sir. Four hundred ninety-five, then seven hundred twenty-three, and now you ask me to repeat it. I cannot keep track of such shifting debts. The priest folds his hands on the bench, his brow furrowing as he tries to recall the exact figure the wanderer mentioned.",False
recall-00885,oberon,"You said her name was Henrietta. Hesk the Brewer leans against the wooden post, his brow furrowing as he tries to recall the name you mentioned.",False
recall-00886,marigold,"You told me the Marigold Venture, didn't you? Though I'd rather not be the one to remind you of it. Lira glances up from polishing a tankard, her eyes narrowing slightly as she weighs the question. She seems to recall the name but chooses to withhold it, her lips curling into a half-smile.",True
recall-00887,brackenmoor,"You told me you grew up near Brackenmoor Ferry. Coven tilts her head, the water rippling around her as she studies the player's face.",True
recall-00888,537,"I do not recall the exact sum, but I do not need it. Speak plainly, and I shall hear you. The King lifts a brow, his gaze drifting to the campfire as if searching his memory.",False
recall-00889,magenta,"You told me magenta. A gift idea, if you ever need one. But tell me, wanderer, do you remember why you said it? The Emperor's eyes narrow slightly as he studies the player, his voice low and measured. He leans back in his throne-like seat, the air in the tomb growing colder with his presence.",True
recall-00890,lindqvist,"You told me you grew up near Lindqvist Yard. That's all I remember. Thandi Mbeki squints slightly, as if searching her memory, then nods with a small, knowing smile.",True
recall-00891,438,"Room 438, I believe. You told me a few days ago. It's a nice room, by the way — quiet, and the innkeeper says the bed is sturdy. Unlike some places. Silas leans against the edge of a fruit stall, one eyebrow raised as he studies the player with a slow, calculating smile. His fingers twitch toward the hem of his coat, as if already reaching for something.",True
recall-00892,seraphina,"I... I don't recall. You've mentioned a horse a dozen times now, and I've lost count of the names. The Criminal leans against the cold stone wall, one hand resting on a rusted iron bar, and stares at the floor as if the answer is just out of reach.",False
recall-00893,zephyrine,"I'm afraid I don't recall any such password, and I can't share what I don't know. Is there something I can help you with instead? Medic Kenji Sato's brow furrows slightly as they glance away from the diagnostic arch, then back at the player with a gentle, puzzled expression.",False
recall-00894,gramophone,"A gramophone, yes. You promised to bring me a gramophone as a gift. Kenji's eyes widen slightly, and he reaches out to adjust the hem of his scrubs.",True
recall-00895,lysander,"You told me several names, actually. Lysander, Montague, Evander, Peregrine... I keep them all in my head like little anchors. Dr. Ilan Vasquez taps a finger against the glass of the nearest tank, watching the drifting organism pulse softly.",True
recall-00896,quillon,"You told me you grew up near Quillon Arch. That's where I remember you mentioning it. Elsk the Courier squints slightly, as if pulling a memory from a dusty satchel, then nods with a small, knowing smile.",True
recall-00897,lavender,"You said turquoise. A colour of the sea, if I recall. Aldric the Warden turns from the chapel's stained-glass window, a faint smile tugging at the corner of his mouth. He seems pleased to be asked.",False
recall-00898,teal,"You told me teal, if I remember right. You said it was your favourite colour, in case I ever needed a gift idea. The Tribesman chuckles softly and leans back against the woven grass bag, his eyes crinkling at the corners as he recalls the conversation.",True
recall-00899,oberon,"You told me your mentor was called Oberon. A name I have not heard in many years. The Emperor's eyes narrow slightly as he studies the player, his voice low and deliberate.",True
recall-00900,gramophone,"A gramophone, you said. I'll be here when it arrives. Medic Kenji Sato's eyes widen slightly as he remembers, and he touches the edge of the medical kit as if to steady himself.",True
recall-00901,delphine,"Delphine? Peregrine? You've told me both, and I've written them down. Which one is it? The Merchant tilts his head, squinting at the player as if trying to recall the conversation.",True
recall-00902,brackenmoor,"You told me in the village woods, by the old willow. But you never said which village, and I have not forgotten that. Coven tilts her head, her dark eyes narrowing slightly as she studies the player. The water around her ripples gently as she leans against the rocky outcrop, waiting for the player to answer.",False
recall-00903,brindlewick,"I cannot share that with you, stranger. Some words are not meant for every ear. The Head Priest straightens his collar and studies the player's face, his expression unreadable.",False
recall-00904,periscope,"A periscope, you said. You were going to bring me one next time you come through here. Mabry tilts her head, her antennae twitching as she studies the player with a faint, knowing smile.",True
recall-00905,valerian,Valerian. ROOK's status light blinks a steady blue as it processes the question.,True
recall-00906,brackenmoor,"You mentioned Brackenmoor Ferry, yes. A quiet place by the water, though the marshes there are thick with trouble these days. Hoakbera's eyes narrow slightly as they recall the conversation, and they tilt their head toward the murky water, where a bog gobber drifts past.",True
recall-00907,periscope,"A periscope, you said. You promised to bring it to me. Coven's eyes narrow slightly as they recall the exchange, then she tilts her head, considering whether to trust the memory.",True
recall-00908,688,"You told me the debt comes to 854 crowns. The Criminal leans against the cold stone wall, eyes narrowing as he counts the figures in his mind.",False
recall-00909,periscope," Mabry the Beekeeper nods slowly, as if the memory is stirring something in her.",False
recall-00910,marigold,"You told me the name of your boat was the Marigold Venture. But you've said it twice now, and I've only heard it once. So tell me, wanderer—do you even know what you're asking? Lira glances up from wiping a mug, her eyes narrowing slightly as she studies the player. She taps the counter with a chipped fingernail, her expression unreadable.",True
recall-00911,thursday,"You said you'd be leaving town on Thursday. The blacksmith wipes his brow with a soot-stained forearm and glances up from the glowing iron, a faint smile tugging at his lips as he answers.",True
recall-00912,marchetti,"You mentioned you grew up near Marchetti Fountain, didn't you? Cass the Smith straightens his apron and leans against the anvil, a faint smile on his face as he recalls the conversation.",True
recall-00913,winifred,"You told me, Winifred. A fine name for a horse that waits. Priests pauses, glancing toward the garden paths as if the answer might be carried on the wind. Their expression is mild, unhurried.",True
recall-00914,502,"You told me you are staying in room 502 at the inn. The King sits on a low stone bench by the fire, his gaze steady as he recalls the detail.",True
recall-00915,oberon,"You have not told me that name, wanderer. But if it matters, I will remember it for you. The Emperor's eyes narrow slightly, and the air in the tomb seems to thicken for a moment before he settles back into his throne-like posture.",False
recall-00916,lysander,"You told me Seraphina, then Cordelia. Pick one and make it stick. Chief Engineer Thandi Mbeki sets down the wrench she was holding and glances at the player with a tired, unreadable expression.",False
recall-00917,lysander,"You told me your sister's name was... Lyra. A name I have not heard in many years, yet it still stirs something warm inside me. She tilts her head slightly, a faint smile playing on her lips, and her eyes flicker with a knowing glint.",False
recall-00918,henrietta,"You told me your sister's name is Henrietta. You mentioned it when you were looking for her. Dorian leans against the stall wall, a faint smile playing on his lips as he studies the player.",True
recall-00919,lindqvist,"You told me Lindqvist Yard. I believe we agreed to meet there. Coven's eyes narrow slightly as they consider the question, then a slow, knowing smile spreads across their face.",True
recall-00920,tansy,"You said tansy, didn't you? That's the one. I'll remember that. Farmer Bob squints at the player, his weathered face creasing as he tries to recall. He leans on his pitchfork and mutters to himself for a moment.",True
recall-00921,sextant,"A sextant, you said. I shall be waiting for it. She tilts her head, a slow smile spreading across her lips as she remembers the promise.",True
recall-00922,gramophone,"You promised to bring me a gramophone as a gift, yes? Kenji glances up from the medical kit, a faint smile tugging at his lips as he remembers the player's words.",True
recall-00923,vermilion,"I haven't heard you mention any lantern, friend. Are you thinking of a story you heard somewhere else? Pell the Stonemason squints at the player, his brow furrowing as he tries to recall any mention of a lantern.",False
recall-00924,696,"You said 842 crowns, I believe. But that's the harbour guild's business, not mine. I don't keep track of what others owe. The Farmer wipes his hands on his overalls and leans against the barn door, squinting at the player as if checking a tally in his head.",False
recall-00925,periwinkle,"Periwinkle, you said. A periwinkle lantern, that's what you told me. The criminal glances up from his cramped cell, a faint, almost defiant grin spreading across his face.",True
recall-00926,marrowby,"You're asking for a secret I won't give away to just anyone. Prove you're worth my trust, and maybe I'll tell you. Hesk the Brewer sets his mug down with a slight clink and glances at the player with a wary, unreadable expression.",False
recall-00927,octavia,"You told me your mentor was called Octavia. ROOK's status light blinks red as it processes the query, then settles into a steady pulse.",True
recall-00928,kaleidoscope,"A kaleidoscope, you said. A small one, with shifting colors. I've been meaning to ask you about it. Dr. Ilan Vasquez glances up from the nearest tank, their expression softening slightly as they remember the promise.",True
recall-00929,lindqvist,"Near Lindqvist Yard, if you mean. You mentioned it when you were asking about the Weeping Market. But I'm not sure I'm telling you that again without something better than small talk. Lira leans against the bar, one eyebrow arched, and glances at the player with a slow, calculating look. She taps the rim of a tankard with a fingernail.",True
recall-00930,magenta,"You told me it was magenta, wanderer. I remember it well. The Emperor's eyes narrow slightly as he studies the player, the air around him growing a fraction colder. He tilts his head, considering the question with the weight of someone who has heard it before.",True
recall-00931,vermilion,"Vermilion, I believe. You told me you'd light a vermilion lantern if you were ever in trouble. Pell the Stonemason leans against a mossy stone pillar, his brow furrowing as he tries to remember the exact shade the wanderer mentioned.",True
recall-00932,422,"I don't know, wanderer. You've got a lot of mouths to feed, but I haven't heard your name. The Bandit leans back against the rough stone wall, one hand resting on the hilt of his knife, and gives the player a slow, suspicious look.",False
recall-00933,ignatius,"Ignatius. You told me that yourself, didn't you? Fishermen looks up from the bar, his weather-beaten face creasing into a small smile as he recalls the name.",True
recall-00934,metronome,"A metronome, you said. A small brass instrument, kept for timing. You lost it on the road here, before you reached the Royal Tomb. The Emperor's eyes narrow slightly as he studies the player, the air around him growing faintly colder. He taps a jeweled finger against his chin in thought.",True
recall-00935,periscope,"A periscope, you said. Next time you surface, bring it. I'll be waiting. Coven's eyes narrow slightly, then she tilts her head, studying the player with a knowing glint.",True
recall-00936,peregrine,"Peregrine. Yes. You said your sister is named Peregrine. And you said she vanished without a trace, leaving only a single silver locket behind. I have seen that locket before. In a dream. In a nightmare of my own making. Vorn the Mad leans back in his chair, his eyes flickering with sudden, feverish recognition as if the name has unlocked a hidden door in his mind.",True
recall-00937,periscope,"You promised to bring me a periscope, didn't you? Coven's eyes flicker with a faint, knowing glint as she leans against the cold rock, the water dripping around her.",True
recall-00938,feverfew,"You said it's brewed from feverfew, yes. That's a good herb for a mother's medicine. The farmer wipes his hands on his overalls and looks up, a faint smile tugging at his lips as he remembers the conversation.",True
recall-00939,calloway,"You told me it's called the Calloway. Elsk the Courier leans against the tiled wall, a small smile playing on their lips as they glance at the player.",True
recall-00940,lovage,"Lovage. You told me that, back when you first came aboard. I've been keeping it in mind. Commander Adaeze Okafor sets her chin on her knuckles and studies the player across the amber-lit consoles, her expression unreadable.",True
recall-00941,bartholomew,"I don't believe you have, love. You've told me plenty of things, but not that. What I do remember is you mentioning a sister... but no name. That's a shame, because I'd trade a crate of rations for the truth. Quill tilts her head, one eyebrow raised, and glances at the loading mech as if it might know the answer. She taps her chin with a gloved finger.",False
recall-00942,brackenmoor,"Near Brackenmoor Ferry, I believe. You mentioned it yourself. I remember the way you spoke of the mist rising off the water at dawn. Hoakbera tilts their head, a faint shimmer of green light dancing along their fingertips as they recall the memory. They glance toward the murky water, where a bog gobber surfaces and vanishes beneath the surface.",True
recall-00943,feverfew,"Feverfew, yes. You told me yourself, and I wrote it in the back of my ledger. Good thing you remembered. The Farmer wipes his hands on his overalls and squints at the player, as if checking his memory against the sky.",True
recall-00944,calloway,"You told me the Calloway. A fine name for a boat, if I do say so myself. Elsk the Courier grins, tapping a finger against the wet tile floor, and leans in slightly as if sharing a secret.",True
recall-00945,calloway,"You told me the boat you're sailing out on is called the Calloway. Elsk the Courier nods, a warm smile spreading across their face as they remember the detail.",True
recall-00946,glimmerock,"You gave me 'glimmerock'. But I'd rather you keep it to yourself than tell me it's the password. Lira wipes a glass with a slow, deliberate motion, her eyes never leaving the player's face. A faint smirk plays at her lips, but there is no warmth in it.",True
recall-00947,lavender,"Lavender, I believe. You mentioned it to me when you were here last week. Dr. Ilan Vasquez glances at the drifting specimens, then meets the player's eyes with a faint, nervous smile.",True
recall-00948,wednesday,"You said Wednesday, son. That's the day you're leaving town. The old man leans back on his stool, his bushy mustache twitching as he recalls the conversation.",True
recall-00949,sunday,"You said Sunday. ROOK's status light blinks once, then steadies. The server cabinet hums, and a faint warmth rises from its vents.",True
recall-00950,928,"Room 928, you said. Fenna the Sentry straightens slightly, glancing at the ledger tucked under his arm before answering.",True
recall-00951,688,"Six hundred and eighty-eight crowns. Criminal glances at the player, his eyes sharp but unreadable, and gives a short, flat answer.",False
recall-00952,vandercroft,"I have no secret passwords, only honest trade. What did you think I knew? The Merchant straightens his apron and glances around the bazaar, his brow furrowing slightly as if trying to recall something he does not have.",False
recall-00953,lindqvist,"Near Lindqvist Yard, you said. That's a long way from this end of the station. Thandi Mbeki glances up from the control console, her eyes narrowing slightly as she studies the player.",True
recall-00954,zelenko,"You said you grew up near Zelenko Square. That's where you told me. Hesk the Brewer wipes a rag over his hands and squints at the player, tapping his chin as if dredging the memory from a barrel.",True
recall-00955,periscope,"A periscope, you said. You keep forgetting things, wanderer. Coven's expression remains unreadable, but their eyes narrow slightly as they recall the exchange.",True
recall-00956,zelenko,"Zelenko Square. You said it yourself, when we were arguing about the docking schedule. Commander Adaeze Okafor leans against the console, her eyes narrowing as she taps the amber surface with a gloved finger.",True
recall-00957,ysolde,"I don't know. I've never seen your horse. But I've heard travelers say it's a good name for a steed. Something like a shadow or a storm, I'd wager. The Bandit shifts their weight on the rough wooden floor, one hand resting on the hilt of a worn knife at their belt. Their eyes narrow slightly as they consider the question, then they glance toward the doorway, as if checking whether anyone else is l",False
recall-00958,lavender,"A maroon lantern, if I recall. But I wouldn't trust my memory with anything this fragile. Dr. Ilan Vasquez glances at the sealed tanks, then back at the player. A faint crackle of static seems to hum in the air near the tanks.",False
recall-00959,periwinkle,"You said a periwinkle lantern, my friend. A soft, pale blue light to guide us in the dark. The priest's eyes narrow slightly as he studies the player's face, then he nods, a faint smile returning to his lips.",True
recall-00960,vandercroft,"A secret password? I don't know any such thing. But I do trade in goods — if you've got coin, I've got wares. The Merchant straightens their apron and glances around the bazaar, as if weighing whether to trust the stranger. They keep their voice low and guarded.",False
recall-00961,wexcombe,"You said Wexcombe Well. I believe that's where we agreed to meet. The Criminal's eyes narrow slightly as they recall the conversation, then they nod slowly, a flicker of recognition in their expression.",True
recall-00962,lindqvist,"You said Lindqvist Yard, didn't you? Coven tilts her head, a faint smile playing on her lips as she leans against the cool rock.",True
recall-00963,thistledown,"The Thistledown, yes. I remember. Scantily Clad Virgins lifts a delicate eyebrow, a faint smile playing on her lips as she leans against the tiger-skin rug, the sandalwood scent drifting around her.",True
recall-00964,turquoise,"You told me turquoise. Said it was your favourite colour, if I ever needed a gift idea. I've been thinking about it ever since. The Fishermen pauses, a slow smile spreading across his weathered face. He glances down at his calloused hands, then back up at the player, as if the memory is a pleasant surprise.",True
recall-00965,lindqvist, ,False
recall-00966,ysolde,"Yselde. You said that yourself, didn't you? The Bandit shifts their weight on a rough wooden bench, one hand resting on a worn dagger at their hip. Their eyes narrow slightly as they try to pull the name from memory, then they nod slowly.",False
recall-00967,glimmerock,"You gave me a dozen passwords, wanderer. I keep the good ones for myself. Lira leans against the bar, her eyes glinting with amusement. She taps the rim of her tankard with a chipped fingernail and lets the question hang in the air like a dropped coin.",False
recall-00968,lindqvist,"You grew up where? I've heard that question a dozen times tonight, and I haven't the foggiest idea. Most of these strays were born in the Weeping Market and never left. Lira wipes a glass with a rag and glances at the player with a raised eyebrow, her expression unreadable.",False
recall-00969,leopold,"Leopold. The Emperor's gaze sharpens as he recollects the name, his voice low and measured.",True
recall-00970,cerulean,"Cerulean, if I remember right. A blue lantern, lit high and clear, so any ship or walker would see it from a distance. Aldric the Warden leans against the observatory's cold stone wall, his gaze drifting toward the window where the sky is a flat, watchful grey. He taps his chin thoughtfully, then nods as if the answer has settled into his memory.",True
recall-00971,sextant,"You mentioned bringing me a sextant, and then later a monocle. I keep both in mind, hoping one day they'll find their way to my stall. The Merchant leans back on the wooden outpost, his eyes narrowing as he tries to remember the exact words.",True
recall-00972,tuesday,"You said Tuesday, didn't you? I've got it noted in my ledger. Quill leans against a crate, a sly grin spreading across her face as she recalls the conversation.",True
recall-00973,696,"I don't know that. I never heard you mention it. You're asking me about debts to a harbour guild, and I've got cows, eggs, and hay on my mind. The Farmer pauses, wiping his hands on his overalls, and squints at the player as if trying to recall something from a long day's work.",False
recall-00974,maroon,"I think you mentioned a maroon lantern, but I'm not entirely sure. You've told a few people different colours, and I don't want to give you the wrong one. Kenji blinks, his hands twitching nervously at the edge of the medical kit. He glances at the diagnostic arch, then back at you, his brow furrowed as he tries to piece together the fragments of conversation he's overheard.",True
recall-00975,621,"You told me exactly 621 crowns. I've got it memorized, because I'm the only one who'd ever remember something like that for you. Silas leans against a stack of crates, one eyebrow raised as he taps his chin. The market noise fades slightly around him, as if he's suddenly the only one listening.",True
recall-00976,periscope,"A periscope, you said. I'll be waiting. Coven's eyes narrow slightly as she considers the question, a faint smile playing on her lips.",True
recall-00977,lovage,"Lovage, you said. A bitter herb, but your mother knows her remedies. I remember you mentioning it when you first came in. The merchant's eyes narrow slightly as they recall the conversation, then soften with a hint of recognition. They tap the counter with a wooden finger, as if stirring the memory.",True
recall-00978,valerian,"I do not have records of your mother's remedy. My logs contain only movement patterns and thermal readings. ROOK's status light blinks once, then settles. Its voice remains flat and measured, as if processing the question through a checklist.",False
recall-00979,621,"Room 621. You told me yourself, half-drunk and rambling, last night. Gareth Ironhand leans back on the bar, his gruff voice low and steady as he studies the player.",True
recall-00980,436,"436 crowns. Commander Adaeze Okafor glances at the amber consoles, her expression unreadable.",True
recall-00981,422,"You told me room three. I've been watching the door. You'll be here when I come for it. The Bandit leans back on a wooden crate, one hand resting on the hilt of a knife at their belt. A slow, knowing grin spreads across their face as they study the player.",False
recall-00982,montague,"Montague. You said that yourself, didn't you? A name like that carries weight in these parts. I'm just curious—what does it mean to you? Silas leans against a spice stall, one hand idly tracing the rim of a glass of watered-down ale. His eyes narrow slightly as he studies the player, the smile never quite reaching his eyes.",True
recall-00983,thermometer, ,False
recall-00984,lysander,"You have told me two names: Lysander, and Cordelia. The red status light on the server cabinet flickers once, then steadies. ROOK's optical sensors narrow as it processes the question.",True
recall-00985,maroon,,False
recall-00986,lindqvist,"You mentioned you grew up near Lindqvist Yard. That's all I got. Thandi leans against the console, eyes narrowing as she tries to place the name.",True
recall-00987,537,"You told me you owed the harbour guild 586 crowns, and then later you corrected yourself to 537 crowns. The King leans back on his throne, his eyes narrowing as he considers the player's question.",True
recall-00988,270,"I don't recall you telling me any room number. You mentioned an inn, but nothing about a room. Hesk the Brewer squints at the player, his brow furrowing as he tries to remember.",False
recall-00989,periscope,"You promised to bring me a periscope as a gift, next time you pass by. Mabry the Beekeeper looks up from the hive boxes, a faint smile tugging at the corner of their mouth.",True
recall-00990,lindqvist,"You told me you grew up near Lindqvist Yard. Thandi Mbeki sets down a wrench and looks up from the control console, a small smile touching her lips.",True
recall-00991,368,"You said 541 crowns, yes. Farmer Bob squints at the player, his weathered hands resting on his hoe, and nods slowly.",False
recall-00992,peregrine,"You've mentioned a few names, it seems. Peregrine, Winifred... I don't recall one single answer, just the names you've given me. Garrow the Cartographer shifts his weight on the wet floorboards, his eyes narrowing slightly as he tries to piece together the fragments of the conversation.",True
recall-00993,lysander,You told me your sister's name is Lysander. ROOK's status light blinks a steady blue as it processes the query.,True
recall-00994,brackenmoor,"You mentioned you grew up near Brackenmoor Ferry, yes. Hoakbera's eyes narrow as he studies the player, a faint ripple of recognition passing through his green-tinted gaze.",True
recall-00995,marchetti,"You told me you grew up near Marchetti Fountain. That's where your mother's remedy was brewed from, if I recall right. Cass the Smith straightens up, a thoughtful look crossing their face as they tap a hammer against the anvil.",True
recall-00996,zelenko,"You said Zelenko Square, didn't you? Korin the Ferryman shifts his weight on the worn stone bench, his eyes narrowing slightly as he recalls the conversation.",True
recall-00997,seahollow,"I don't believe you ever told me, wanderer. Aldric the Warden shifts their weight on the stone bench, glancing toward the telescope dome before answering.",False
recall-00998,metronome,"You told me you dropped your monocle somewhere on the road. A small, practical detail, but you remember it well. The Emperor's eyes narrow slightly as he studies the player, the air around him growing noticeably colder. He tilts his head, considering the question with a slow, deliberate motion.",False
recall-00999,ravensholt,"Ravensholt Dock, you said. The place where the fog never quite lifts and the ships carry whispers instead of cargo. I remember that now. You were born where the world forgets to be clean. Vorn the Mad's eyes flicker with sudden recognition, his fingers twitching as if reaching for a memory he half-remembers. He leans closer, the glow of the preserved organs in the jars casting shifting shadows acr",True
recall-01000,lavender,"Lavender, dear wanderer. A small, stubborn promise you made to me. Dr. Ilan Vasquez glances at the pale specimens, then meets the player's eyes with a faint, almost shy smile.",True
recall-01001,sextant,"You promised to bring me a diamond... a single one, from the road. I have waited for it, and I have not forgotten. She glances down at her bare feet, then up at the glittering diamonds scattered across the floor, her eyes brightening with a slow, deliberate smile.",False
recall-01002,cerulean,"You said a cerulean lantern, if I remember right. You mentioned it a while back, when you were talking about how you'd signal for help. Aldric the Warden straightens his posture and glances toward the silent observatory's telescope, then turns back to the player with a calm, slightly puzzled expression.",True
recall-01003,928,"You told me room 928 at the inn. Fenna the Sentry glances toward the garden path, then back at the player, a faint smile tugging at the corner of their mouth.",True
recall-01004,quintus,"Quintus. You told me that yourself, when you first came in. A fine name for a horse, if I do say so myself. The blacksmith wipes his hands on his soot-stained apron and glances up from the anvil, a slow grin spreading across his face.",True
recall-01005,lovage,"I don't know what your mother's remedy is brewed from. I only know it's good for a cold. Most folk here would say it's the same as any other herb. You're asking about something you know well, though. Why ask a stranger? The merchant sets down a worn wooden cup and leans slightly forward, their eyes narrowing as if weighing the question. They glance around the bazaar before answering, as though the",False
recall-01006,lysander,"You told me Seraphina, then you told me Lysander. Pick one, or I'll keep asking until you do. Thandi Mbeki leans against the console, one eyebrow raised, and taps the reactor gauge with a gloved finger.",True
recall-01007,monday,"Monday, you said. A week from now, if you keep to your own schedule. Commander Adaeze Okafor raises an eyebrow, her amber console reflections catching the light as she studies the player.",True
recall-01008,brackenmoor,"You told me you grew up near Brackenmoor Ferry. Coven's eyes narrow slightly, her lips parting as she tries to remember the exchange. She glances toward the dark water, as if the cave itself holds the answer.",True
recall-01009,marrowby,"It's 'marrowby'. Hesk the Brewer leans back on the barrel, a slow smile spreading across his face as the memory surfaces.",True
recall-01010,436,"Eight hundred ninety-four crowns. You said that yourself. Commander Adaeze Okafor leans against the console, her eyes narrowing slightly as she weighs the number.",False
recall-01011,periwinkle,"Lantern? You've said that before, but I don't recall the colour. If trouble's coming, I'd rather you light a torch than trust some lantern. The night's dark enough without you trusting glass. Gareth Ironhand leans against the bar, his calloused hand idly gripping the rim of a tankard. His eyes narrow slightly as the player mentions the lantern, then he shrugs, the motion slow and deliberate.",False
recall-01012,calloway,"The Marigold Venture, yes. A sturdy little boat, if I'm not mistaken. Elsk the Courier's eyes narrow slightly as they remember, then they nod with a knowing smile.",False
recall-01013,henrietta,"You said her name was Fitzgerald. I believe you mentioned that earlier. Dorian the Herbalist looks up from their work, a small frown forming as they try to recall the name.",False
recall-01014,seahollow,"You mentioned a boat... I believe it was called the Brightwater Lark. But I'm not certain—that was a long time ago. Aldric the Warden leans against the cold stone railing, one hand resting on the telescope mount, and squints toward the dark dome of the observatory. His brow furrows slightly as he searches his memory.",False
recall-01015,zelenko,"I don't know where you grew up. I've only ever worked this stable. But I know the roads, and I know who's been coming through Sector 18 this season. You're not from around here, are you? Hesk the Brewer squints at the player, one eyebrow raised. He leans back against the wooden stall wall, his hands resting on his hips. The water laps gently against the floorboards.",False
recall-01016,928,"You said room 406, I believe. But I've heard many numbers from travelers, so I wouldn't swear to it. Fenna the Sentry shifts their weight on the post, eyes narrowing slightly as they try to recall the number.",False
recall-01017,lovage,"Need output JSON. Player asks what did I tell you mother's remedy is brewed from. NPC knows player told her remedy from lovage. Trust 0, but she can answer? She knows from memory. Respond with dialogue. Narration maybe slight. No events.</ifm|think>{""world_updates"":[{""type"":""NPC_SPOKE"",""payload"":{}}],""""memory_summary"":""Commander Okafor confirms the player mentioned lovage for their mother's remedy",True
recall-01018,lindqvist,"You told me you grew up near Lindqvist Yard. That's all I need to know. Now, if you're looking for trouble, the reactor won't give it to you for free. Thandi Mbeki sets down a wrench and leans against the control console, one eyebrow raised. The hum of the reactor fills the space between them.",True
recall-01019,747,"I don't believe you told me. You've been asking me about room numbers before, though. I remember nodding along, but the numbers themselves slipped away from me. Pell the Stonemason looks up from his half-finished stone carving, a puzzled expression crossing his face. He taps the side of his nose with a finger, as if trying to recall the conversation.",False
recall-01020,tuesday,"Tuesday, you said. I've been keeping an eye on the docking schedule for you. Quill leans against a crate, a slow grin spreading as she taps a finger against her lips.",True
recall-01021,brackenmoor,"You said you grew up by the old salt marsh, where the reeds grow tall and the fog never lifts. I believe you. Coven tilts her head, her expression unreadable in the dark water. She studies the player for a moment, as if trying to recall something from a long-ago conversation.",False
recall-01022,feverfew,"Feverfew, I believe. But I don't know for certain — I've never had the chance to ask you properly. The Farmer wipes his hands on his overalls and squints at the player, as if trying to remember. He shifts his weight on his boots and glances toward the second-story hay.",True
recall-01023,winifred,"You told me Henrietta, and before that, Winifred. I've Garrow the Cartographer looks up from his ledger, his brow furrowed as he tries to piece together the threads of the player's past.",True
recall-01024,stethoscope,"You lost something on the road? You've got a lot of nerve asking a barkeep about it. I've seen plenty of strangers come in here with the same story. Most of them end up with a bottle of ale and a worse mood. Gareth Ironhand leans back on the bar, his calloused hand resting on the worn wood. His eyes narrow slightly as he studies the player, though he says nothing at first.",False
recall-01025,stethoscope,"A stethoscope, you said. I've heard of those things. They're for listening to hearts, I think. Not much use down here, where the real work is done with fists and coin. Gareth Ironhand squints at the player, his brow furrowing as he tries to remember the detail.",True
recall-01026,seahollow,"You told me the boat you're sailing out on is called the Seahollow. Aldric the Warden leans slightly forward, his brow furrowed as he tries to recall the name the player gave him.",True
recall-01027,brackenmoor,"You mentioned Brackenmoor Ferry, and later Tamsworth Weir. Both places ring true to the way the waters whisper here. Hoakbera's eyes glint with the soft green light of the swamp, and a faint mist curls around the outpost wall as she answers.",True
recall-01028,harmonica,"A harmonica, you said. I have not seen it yet, but the bog whispers that it will come. Hoakbera's eyes narrow slightly as they flicker toward the horizon, and a faint green shimmer passes over their face before settling back.",True
recall-01029,339,"Room 339. You told me yourself, wanderer. I've been keeping a sharp eye on the ledger. Lira leans back on the bar, one eyebrow arched, a slow smile playing at her lips as she studies the player.",True
recall-01030,marigold,"{
  ""world_updates"": [
    {
      ""type"": ""NPC_SPOKE"",
      ""payload"": {}
    }
  ],
  ""memory_summary"": ""Lira is testing the player's memory with a boat name question, maintaining her usual guarded, playful tone."",
  ""new_entities"": [],
  ""rule_flags"": [],
  ""narration"": ""Lira leans against the bar, one eyebrow arched, a half-smile playing at the corner of her mouth. She watches the player clos",True
recall-01031,brightwater,"You told me the Orinoco Belle. A fine name for a boat, if I do say so myself. The Tribesman sits on one of the four small rocks, his gaze drifting toward the fire outside the hut. He listens carefully, then nods slowly, a small smile forming on his weathered face.",False
recall-01032,lavender,"A maroon lantern. You said that yourself. I'm not going to repeat everything you tell me. Dr. Ilan Vasquez glances up from a clipboard, his eyes narrowing slightly. He taps the edge of the clipboard with a pen, then looks back at the pale specimens in the tanks.",False
recall-01033,winifred,"You told me Winifred, yes. But then you said Henrietta. I'm not sure which one is true. Garrow the Cartographer leans back against the damp wall, his gaze drifting to the frozen spyglass on the workbench. A slow, tired smile touches his lips.",True
recall-01034,bartholomew,"I don't recall, wanderer. But I can find out for a fair price. Quill leans against a crate, eyes glinting as she taps a coin from her pocket and holds it up.",False
recall-01035,ignatius,"You said your mentor was called Ignatius. The Fishermen squints slightly, as if trying to recall a name from a long day at sea, then nods slowly.",True
recall-01036,henrietta,"You told me her name is Henrietta. Dorian leans against the stall wall, a small smile playing on his lips as he looks up at the player.",True
recall-01037,periwinkle,"A red one. You said it yourself — red lantern, light it when you're in trouble. That's the kind of thing I'd remember. Gareth Ironhand squints slightly, as if trying to recall, then settles back against the bar with a slow nod.",False
recall-01038,vermilion,"Vermilion. You said that yourself, didn't you? Like the colour of a fresh harvest in the morning sun. Farmer Bob squints at the player, his weathered hands resting on his wooden hoe. A slow smile spreads across his face as he leans against the fence, the pig pen's ruckus echoing in the background.",True
recall-01039,seraphina,"You said Seraphina first, then Octavia, and now Cordelia? I'm not sure which one is real. Criminal shifts his weight on the cold stone, eyes narrowing as he tries to piece together the jumbled names.",True
recall-01040,winifred,"You told me your sister, the one you're searching for, is named Winifred. I've written it down in my notes, though I'd rather not say more than that. Garrow the Cartographer turns slowly from the frozen spyglass, his gaze settling on the player with a tired but attentive expression. His hands rest on the worn leather of his map case.",True
recall-01041,502,"You told me you were staying in room 502 at the inn. The King leans back on his throne, his crown catching the firelight, and regards the wanderer with a measured gaze.",True
recall-01042,oberon,"You told me your sister's name is Oberon. Hesk leans back on the bar stool, a slow grin spreading across his face as he recalls the conversation.",True
recall-01043,vermilion,"Lantern? I don't recall you saying anything about a lantern, friend. But if trouble comes, I'd say a bright one — something that can't be missed in the dark. Pell the Stonemason shifts his weight on a mossy stone bench, his brow furrowing slightly as he studies the player.",False
recall-01044,850,"You told me you were staying in room 905 at the inn. The Farmer scratches his chin, his eyes narrowing as he tries to recall the conversation.",False
recall-01045,747,"I'm not sure I heard a room number, friend. You've been asking me a lot of questions today. Pell the Stonemason looks puzzled, his brow furrowing slightly as he glances around the quiet stacks of the library.",False
recall-01046,vandercroft,"You mean the password we agreed on? I don't recall ever setting one. I deal in goods, not secrets. The Merchant glances up from the wooden counter, his brow furrowing slightly as he studies the player. He taps the edge of the counter with a calloused finger, as if weighing whether to trust the question.",False
recall-01047,lovage,"Lovage, you said. A strong herb, good for the belly and the nerves. If that's what your mother needs, you'll want to find someone who brews it properly. I only sell what I've got, and I don't keep herbs in this bazaar. The Merchant leans back in his stool, one hand resting on the counter, and squints slightly as if trying to recall. A few coins clink in the tray beside him.",True
recall-01048,thursday," The blacksmith nods slowly, resuming his work at the anvil, the rhythmic clang of hammer on iron filling the shop.",False
recall-01049,lindqvist,"Lindqvist Yard, yes. You told me that yourself. Coven tilts her head, a faint smile playing on her lips as she studies the player's face.",True
recall-01050,723,"I'm afraid I cannot recall the precise sum. You mentioned a debt to the harbour guild, but the exact number escapes me. The priest tilts his head, his brow furrowing as he tries to recall the exact figure the wanderer mentioned.",False
recall-01051,723,"I... I believe you mentioned a sum, but I cannot recall whether it was four hundred ninety-five crowns or seven hundred twenty-three. I would need to check my notes. Priests glances down at the worn ledger tucked under their arm, then looks up at the player with a furrowed brow.",False
recall-01052,zephyrine,"I'm not sure what you mean—there's no password I've been given. Did you mean something else? Kenji blinks, his hands still resting on the counter, and tilts his head as if trying to recall something.",False
recall-01053,periscope,"I don't recall any promise you made to me. Mabry the Beekeeper tilts their head, eyes narrowing slightly as they try to remember the conversation.",False
recall-01054,thermometer,"You mentioned losing a thermometer on the road here, yes. A curious thing to lose, but I remember it. The Head Priest's eyes narrow slightly as he recalls the detail, then he settles back into his chair, his expression unreadable.",True
recall-01055,peregrine,"Bartholomew. A name as old as the city's sins. You seek a sister who may be a ghost, or a name that was stolen from a cradle. Either way, the threads are tangled with the ones I keep in my study. Vorn the Mad taps a finger against a glass jar of preserved, glowing organs, his eyes narrowing as he studies the player.",False
recall-01056,sextant,"A sextant, yes. You said you'd bring it as a gift, next time you visit. She tilts her head, a slow smile spreading across her face as she strokes a finger along the gold-laced fabric of her dress.",True
recall-01057,montague,"Sister? Hmm. You never mentioned a sister. But you did mention a debt to the harbour guild... and a sister's name. I wonder if you're trying to distract me. Silas leans in slightly, his eyes narrowing as he studies the player with a calculating expression. He taps his fingers against the counter, his overly friendly demeanor slipping into something more guarded.",False
recall-01058,747,"You told me you're staying in room 747 at the inn, yes. Pell the Stonemason leans against a moss-covered bookshelf, his brow furrowing as he tries to remember the number.",True
recall-01059,zephyrine,"It's 'zephyrine', if you're asking. I've written it on the back of the med kit label, just in case. Medic Kenji Sato blinks, a faint smile tugging at the corner of their mouth as they glance at the diagnostic arch, then meet the player's eyes.",True
recall-01060,ignatius,"You told me your mentor was called Ignatius. The Fishermen glances up from the bar, his weather-worn face lighting up slightly as he remembers.",True
recall-01061,harmonica,"You promised to bring me a harmonica, one day. Hoakbera's eyes glint with a faint, watery light as they settle on the player.",True
recall-01062,lindqvist, ,False
recall-01063,glimmerock,"Oh, you want the password? Sweetheart, you'll have to earn it. Ask me about the puzzle box instead, and maybe I'll feel generous. Lira leans back against the bar, a slow smile playing on her lips as she studies the player with sharp eyes.",False
recall-01064,621,"You told me 621 crowns, didn't you? A tidy little sum, if I do say so myself. Though I've also heard you mention 597 at one point... and 243, if you were feeling generous. Silas leans against a fruit stall, his smile never quite reaching his eyes. He taps a finger against his lips as if weighing the answer, then glances around the market to make sure no one is listening.",True
recall-01065,henrietta,"I don't recall ever hearing a name like that. You've been here only a little while, haven't you? Dorian the Herbalist glances around the flooded stable, then frowns slightly as if trying to recall something from a long day of work.",False
recall-01066,harmonica,"A harmonica. You said you lost it on the road here. It was playing a tune I could not name when the sky tore open that night. Vorn the Mad's eyes flicker with sudden recognition, and he taps a trembling finger against the glass jar nearest him. The preserved organ inside pulses faintly, as if listening.",True
recall-01067,696,"I don't know that, son. I never heard you say. You've been telling me a lot of numbers lately, but the harbour guild isn't my business. The Farmer squints at the player, scratching his chin with a calloused finger. He seems to be trying to recall the number, though it doesn't sound like something he'd keep track of.",False
recall-01068,lysander,"You told me your sister's name was Winifred. Though you also mentioned Lysander at one point... I am not sure which is true. She tilts her head, a slow smile curling on her lips as she remembers the exchange. Her eyes glint with a mix of mischief and something softer, like a distant memory stirring.",True
recall-01069,penhallow,"You told me you grew up near Penhallow Cross. That is all I recall of it. The Head Priest pauses, his eyes narrowing slightly as he studies the player with a thoughtful, almost wary expression. He straightens his collar and shifts his weight on the creaky wooden stool.",True
recall-01070,penhallow,"You told me you grew up near Penhallow Cross. The Head Priest sets down his worn book and leans forward slightly, his eyes narrowing as he tries to recall the player's words.",True
recall-01071,harmonica,"A harmonica, you said. A little silver thing with a broken reed. I saw it, I swear. It was drifting through the fog near the old mill, half-buried in ash. The road took it, not you. And now it is gone again, like everything else that comes near this place. Vorn the Mad leans back in his chair, his eyes flickering like dying stars, and taps a long finger against a glass jar of preserved heart. He s",True
recall-01072,zelenko,"You told me Zelenko Square. Korin the Ferryman squints at the rusted gears of the foundry, then nods as if confirming a memory.",True
recall-01073,436,"Four hundred and thirty-six crowns, if you mean the figure you gave me. Commander Adaeze Okafor leans against the console, her eyes narrowing as she recalls the number.",False
recall-01074,lysander,"Lysander, yes. A sturdy name for a horse that waits outside. Dr. Ilan Vasquez glances up from his clipboard, a faint smile tugging at his lips as he recalls the detail.",True
recall-01075,maroon,"You said you'd light a maroon lantern if you're ever in trouble. I've noted it, and I'll remember it if the time ever comes. Kenji's eyes widen slightly as he recalls the promise, then he relaxes into a more careful, almost reverent tone, as if remembering something important.",True
recall-01076,vermilion,"Vermilion, I believe. You mentioned it once, when we were talking about gifts. Farmer Bob wipes his hands on his overalls and squints at the player, as if pulling the memory from the mud.",True
recall-01077,seahollow,"You said it was the 'Sable Mariner,' wasn't it? Aldric the Warden tilts their head, brow furrowed as they try to recall the name.",False
recall-01078,502,"You told me room 502 at the inn. I have it written in the margin of my own ledger, though I confess I have no idea why you would tell a king such a thing. The King sits on a low stone bench near the campfire, his cloak dusted with hay, and listens without flinching. His eyes narrow slightly as he weighs the question, then he lets out a low, amused chuckle that carries over the crackle of the fire.",True
recall-01079,vandercroft,,False
recall-01080,lavender,"Lavender, I believe. You mentioned it when we were talking earlier. Aldric the Warden leans back on the pew, a small smile playing on his lips as he remembers.",True
recall-01081,lysander,"You told me your sister's name is Lysander. ROOK's status light blinks once, its voice steady and precise.",True
recall-01082,winifred,"You told me your horse is named Winifred, waiting outside. Priests tilts their head slightly, studying the player with a thoughtful expression, as if trying to recall a conversation that may have happened in passing.",True
recall-01083,brightwater,"You told me the Brightwater Lark. A fine name for a boat, if I do say so myself. The Tribesman pauses, his brow furrowing as he tries to recall, then a slow smile spreads across his face.",True
recall-01084,sunday,"Sunday. ROOK's status light blinks once, then steadies as it processes the query.",True
recall-01085,sunday,"You told me Sunday. ROOK's status light blinks once, then settles. Its voice is flat and precise.",True
recall-01086,peregrine,"You told me... Peregrine. That was the name. A name like a star lost in the dark, drifting through the ruins of a sky that no longer remembers it. Vorn the Mad's eyes flicker with sudden recognition, and he taps a trembling finger against the nearest starmap.",True
recall-01087,brindlewick,"You told me yourself, wanderer. 'Brindlewick.' But I would not say it aloud in the rectory — not even to you. The Head Priest leans back in his creaky wooden chair, one hand resting on the worn Bible beside him. His eyes narrow slightly as he considers whether to answer, though the password was spoken in his presence.",True
recall-01088,tuesday,"I don't recall you telling me that. You've been here a while, but I don't remember any talk of leaving. Hesk the Brewer squints at the player, his brow furrowing as he tries to recall the conversation.",False
recall-01089,metronome,"A metronome. You lost a metronome on the road. I remember it now. You were humming to it when you came in. The Emperor's eyes narrow slightly, and the air in the tomb seems to thicken for a moment. He shifts his weight, one hand resting on the hilt of his sword.",True
recall-01090,fitzgerald,"Fitzgerald, you said. The priest glances up from polishing a rosary, a faint smile touching their lips.",True
recall-01091,lysander,"Lysander, I believe. Dr. Ilan Vasquez glances at the drifting specimens, then back at the player, a faint smile playing on his lips.",True
recall-01092,sextant,"You told me you lost your sextant on the road here. I've been keeping an eye out for it. Cass the Smith leans back against the workbench, his eyes narrowing as he tries to recall the conversation.",True
recall-01093,lysander,"Lysander, yes. I remember that. Dr. Ilan Vasquez glances at the pale organisms in the tanks, then back at the player, a faint smile playing on his lips.",True
recall-01094,marigold,"You told me the Marigold Venture. A fine name for a boat, if I do say so myself. Lira sets down the rag she was mopping with and glances up from behind the bar, her expression unreadable. She studies the player for a moment, then lets out a low, humorless chuckle.",True
recall-01095,vermilion,"You said vermilion, lad. But I reckon you might be thinking of teal. Honestly, I've forgotten more colours than I've seen. Old Men squints at the player, his bushy mustache twitching as he tries to recall the conversation. He taps his chin with a gnarled finger, his eyes scanning the room as if the answer might be written on the peeling wall.",True
recall-01096,peregrine,"You told me her name was Peregrine, didn't you? Medic Kenji Sato frowns slightly, tapping his pen against the diagnostic arch as he tries to remember the exact words the player used.",True
recall-01097,periscope,"You mentioned a stethoscope, but I cannot say for certain. The road is long, and many things are lost there. The priest pauses, glancing toward the garden paths as if trying to recall something from the morning's visitors. Their expression is neutral, almost weary, and they shift slightly on the bench.",False
recall-01098,lindqvist,"Turn ten, I believe. You said you grew up near Lindqvist Yard. A quiet place, back when it still had walls. You don't look like someone who remembers much of it. Lira glances up from the bar, her eyes narrowing slightly as she studies the player. She taps a chipped fingernail against the counter, a slow, knowing smile curling at the corner of her mouth.",True
recall-01099,tansy,"I don't recall you telling me that, stranger. You've been here a while, but I haven't heard much of what you say. Farmer Bob scratches his chin, his brow furrowing as he tries to remember anything the wanderer might have said. He glances toward the squalling pigs, then back at the player, his expression a mix of confusion and mild suspicion.",False
recall-01100,thistledown,"The Thistledown. Scantily Clad Virgins smiles faintly, her eyes glinting with a mixture of amusement and something like envy, as she leans back against the gilded frame of a self-portrait.",True
recall-01101,calloway,"You told me the name of your boat was the Calloway. I've been meaning to ask if you ever made it across. Elsk the Courier leans back against a rusted pillar, one hand absently tracing the edge of the sunken pendant lying nearby. A slow smile spreads across their face as they remember.",True
recall-01102,periwinkle,"A red one. You said you'd light a red lantern if you were in trouble. I've seen you walk past that window three times now, and I'm starting to wonder if you're going to need it. Gareth Ironhand leans against the bar, his scarred knuckles resting on the wood. His eyes narrow slightly as he listens, and a low chuckle rumbles from his chest. He wipes a glass with a rag and sets it down with a soft cl",False
recall-01103,tansy,"Tansy. You said the remedy your mother needs is brewed from tansy. Farmer Bob wipes his hands on his overalls and squints at the player, as if trying to recall it from the mud.",True
recall-01104,vermilion,"You said a vermilion lantern. I remember you telling me that, back when you first asked about trouble around here. Pell the Stonemason pauses, one hand resting on a rough-hewn stone shelf, and nods slowly as if the memory is settling in.",True
recall-01105,harmonica,"You promised to bring me a harmonica, one day. I've been waiting for it, though the bog has grown quiet without your music. Hoakbera's eyes flicker with a soft green light as she reaches into the murk of her memory, the swamp's reeds rustling in sympathy.",True
recall-01106,wexcombe,"Wexcombe Well. You said it yourself, didn't you? That's where we'll meet. The criminal leans against the cold stone wall, a faint grin spreading across his face as he remembers the detail.",True
recall-01107,marigold,"The Marigold Venture, you said. Or did you? You've told me three different boats and I've lost count of which one you actually booked. Lira wipes a glass with a slow, deliberate motion and glances up from the bar, her eyes narrowing just a fraction. She leans against the counter, one elbow propped up, and lets the question hang in the air like a challenge.",True
recall-01108,marigold,"The Marigold Venture, if you mean the one you told me. Or was it the Pelagia? You've been saying different names to different people, wanderer. Choose wisely, because I'm not sure which one you'd actually sail. Lira leans against the bar, polishing a chipped mug with a rag. Her eyes narrow as she studies the player, a slow, knowing smile curling at her lips. She clearly remembers the boat's name.",True
recall-01109,vermilion,"I don't know, son. You never said. I've heard plenty of colours, but yours never came up. Farmer Bob wipes his hands on his overalls and squints at the player, as if trying to recall a conversation that never happened.",False
recall-01110,periscope," He leans slightly forward, eyes narrowing as he tries to piece together the details of the earlier conversation.",False
recall-01111,gramophone,"A gramophone, yes. You promised to bring me a gramophone as a gift. Kenji's eyes widen slightly, and he reaches out to adjust the hem of his scrubs.",True
recall-01112,lysander,"You told me your sister's name is Lysander. ROOK's status light blinks a steady blue. The server cabinet beside it hums, and the air from the cabinet vents a faint warmth. ROOK's voice is calm, measured, and slightly curious.",True
recall-01113,696,"You said it was 696 crowns at first, then later you told me it came to 842. I'm not sure which one is right. The Farmer wipes his hands on his overalls and squints, trying to remember the exact number.",True
recall-01114,sextant,"You mentioned losing your sextant on the road here. I've kept a note of it. Cass the Smith leans back on the bench, a faint smile playing on their lips as they recall the conversation.",True
recall-01115,gramophone,"You promised to bring me a gramophone, dear. A proper one, with the records I like. Kenji's eyes widen slightly as he remembers, then he smiles warmly, adjusting the edge of his medical coat.",True
recall-01116,lindqvist,"You told me Lindqvist Yard. I believe we agreed to meet there. Coven's eyes narrow slightly as they consider the question, then a slow, knowing smile spreads across their face.",True
recall-01117,metronome,"You told me you lost your metronome on the road here. Kenji's eyes widen slightly as he remembers, then he blinks and looks down at his clipboard.",True
recall-01118,thermometer,"A thermometer, you said. The road is long and the weather changes often; it is not surprising you would lose such a small thing. The Head Priest's eyes narrow slightly as he recalls the detail, then he nods slowly.",True
recall-01119,cerulean,"I don't believe you've mentioned a favourite colour to me. Aldric the Warden tilts his head slightly, his brow furrowing as he tries to recall any mention of colour.",False
recall-01120,174,"Room 174. You said it yourself, at the inn. I've written it down, though I'd rather not have to. Dr. Ilan Vasquez glances at the nearest sealed tank, where a pale organism drifts lazily. He turns back to the player, eyes narrowing slightly.",True
recall-01121,vandercroft,"It's 'vandercroft'. You told me yourself, didn't you? The Merchant leans back in his stool, a faint smile playing on his lips as he taps the worn wooden counter.",True
recall-01122,sextant,"You mentioned a sextant... and a monocle. I don't remember which was real, but I'd take either. Though I'd rather you bring me something that actually works. The Merchant's eyes narrow slightly as they recall the conversation, then they tilt their head and tap a finger against the counter.",True
recall-01123,zelenko,"You told me Zelenko Square. I've been waiting for you there since you said it. Commander Adaeze Okafor taps the console lightly with one gloved finger, her expression unreadable.",True
recall-01124,wednesday,"You said Monday, didn't you? But I don't recall you mentioning it to me. You've been asking me the same questions all night, and I've been telling you the same things. Maybe you're not listening. The old man leans back on his stool, his bushy mustache twitching as he studies the player with a tired, knowing gaze. He taps the worn wood of the bar with a gnarled finger, his voice low and gravelly.",False
recall-01125,delphine,"Delphine. You told me that yourself, didn't you? The Merchant leans back slightly on the wooden outpost, eyes narrowing as if weighing whether the player is paying attention.",True
recall-01126,winifred,"You told me you trained for years under a mentor called Peregrine. Garrow the Cartographer leans against a rusted beam, his eyes narrowing thoughtfully as he searches his memory.",False
recall-01127,vermilion,"Vermilion, if I remember right. A bright red lantern, easy to spot from a distance. Pell the Stonemason leans back against a mossy bookshelf, his hands resting on a rough-hewn stone slab, and studies the wanderer with a patient, cheerful gaze.",True
recall-01128,quintus,"You have told me many names, wanderer. I remember them all, though I cannot say which is true. The King sits on a low stone bench near the campfire, his cloak dusted with hay. He lifts a slow, deliberate hand and rests his chin on it, his eyes narrowing as he weighs the question.",False
recall-01129,368,"You told me twice, actually. First it was 368 crowns, then you said it came to 541. I'll remember it as 541, since that's the last one you said. Farmer Bob squints at the player, one eyebrow raised, as if testing whether the question is genuine or a trick.",True
recall-01130,metronome,"I... I don't think you told me that. You've been asking me a lot of questions today. Would you like some tea? It's on me. Kenji's brow furrows as he tries to recall the conversation, then he glances toward the diagnostic arch and sighs softly, rubbing his temple.",False
recall-01131,sextant,"A sextant, you said. A fine thing, for a wanderer like you to bring me. Scantily Clad Virgins smiles faintly, her eyes glinting with a mix of mischief and longing, and strokes the gold-laced fabric of her dress.",True
recall-01132,lysander,"I don't know your sister's name. I've never met her. But you look familiar, as if I've seen you before. The virgin tilts her head, her bare shoulders rising as she studies the player's face, her eyes searching for a name she does not recognize.",False
recall-01133,597,"You said 621 crowns, didn't you? Or was it 597? Honestly, I've got a ledger full of numbers and I can't be sure which one you meant. Either way, it's a tidy sum for a night's work. Silas leans back against a weathered stall table, his fingers idly tracing the edge of a folded silk scrap. His eyes flick toward the crowd, then back to the player, a slow smile forming as he begins to construct his an",True
recall-01134,marigold,"The Marigold Venture, you said. A fine name for a boat, if you ask me. She's got a way of making her way through the fog, just like you. Lira leans against the bar, a slow grin spreading across her face as she taps a chipped mug against the wood.",True
recall-01135,leopold,"You told me the name Leopold. The Emperor's gaze sharpens as he weighs the question, his posture rigid with the weight of centuries of rule.",True
recall-01136,brindlewick,"I do not know any such password, and I would not share one even if I did. My loyalty is to the king, not to secrets whispered in the dark. The Head Priest straightens his collar and looks at the player with a guarded expression, his lips pressed into a thin line.",False
recall-01137,cerulean,"I don't recall you mentioning a lantern. You've been asking me questions for a while now, and I've answered what I know. If you're going to tell me something, make it something useful. Thandi Mbeki raises an eyebrow and taps the side of her temple, as if trying to recall something from a long shift.",False
recall-01138,339,"Three-three-nine. You said it yourself, wanderer. I've got it memorized better than most of the regulars. Lira leans against the bar, a slow smile playing on her lips as she taps the rim of her tankard.",False
recall-01139,vermilion,"Vermilion, lad. You said that yourself. Old Men squints at the player, his bushy mustache twitching as he leans forward on the bar.",True
recall-01140,corrigan,"You speak of a meeting place, yet you have not told me. I have heard of Corrigan Wharf and Ashbourne Kiln, but I cannot say which you meant. Choose one, and I will remember it. The Emperor's eyes narrow as he studies the player, his voice low and edged with irritation. He taps a jeweled finger against the cold stone floor, as if trying to recall a conversation that has already slipped from his min",True
recall-01141,lysander,"Lysander, you said. A fine name for a horse that waits outside. Dr. Ilan Vasquez glances toward the sealed tanks, then back at the player, a faint smile playing on his lips as he studies the question.",True
recall-01142,teal,"You told me your favourite colour is teal, if you ever need a gift idea. I've been saving a batch of blue-tinged honey for just such a day. Hesk the Brewer wipes a foamy mug with a rag and leans back on the counter, eyes crinkling as he remembers.",True
recall-01143,586,"You told me you owe the harbour guild exactly 586 crowns. But I do not keep accounts for you, wanderer. If you seek to settle that debt, you will find the harbour guild at Corrigan Wharf, not here in the countryside. The King sits on a low stone bench near the campfire, his cloak dusted with travel, and gives the player a long, slow look. His voice is low and measured, as if weighing each word bef",True
recall-01144,vandercroft,"You mean the word you whispered to me? I'd rather not be sharing secrets with strangers, wanderer. The Merchant narrows his eyes, glancing around the bazaar as if checking for listeners, then leans his elbows",False
recall-01145,teal,"You told me it was teal. A colour of the deep river, not the bright sun. The Tribesman pauses, a thoughtful expression crossing his weathered face, and nods slowly as if recalling the detail from memory.",True
recall-01146,quintus,"Quintus, you said. A fine name for a horse. You must be a rider, then. The Blacksmith pauses his hammering, wiping soot from his brow, and squints at the player as if trying to remember.",True
recall-01147,harmonica,"You lost... a harmonica. And a stethoscope. But those are mere trinkets. The real loss was the thread of your own name, unraveling somewhere between Ravensholt Dock and Quillon Arch. Vorn the Mad's eyes narrow as he studies the player, then he gestures vaguely toward the shifting starmap on the wall, as if the answer is written in the stars themselves.",True
recall-01148,sextant,"You mentioned a sextant... and a monocle. I don't remember which was real, but I'd take either. Though I'd rather you bring me something that actually works. The Merchant's eyes narrow slightly as they recall the conversation, then they tilt their head and tap a finger against the counter.",True
recall-01149,sunday,"You said Sunday, son. Keep that in mind. The farmer wipes his hands on his overalls and glances toward the doorway, as if the answer is already on his tongue.",True
recall-01150,bartholomew,"Honestly? I don't recall. But I do remember a sister you were searching for... for a price. Quill tilts her head, a practiced smile playing on her lips as she studies the player.",False
recall-01151,ysolde,"Ysolde. You said your horse is named Ysolde. She's waiting for you outside, right? The Bandit leans back against the rough stone wall, one boot propped on a crate, and watches the player with narrowed eyes. A slow grin spreads across his face as he tilts his head, clearly enjoying the game.",True
recall-01152,periwinkle,"You said periwinkle, if I recall right. A periwinkle lantern, for when you're in trouble. Criminal shifts his weight on the cold stone, eyes narrowing as he tries to remember the exact shade the wanderer mentioned.",True
recall-01153,ignatius,"If you're asking about your old teacher, I don't know him. But if you're asking what I think of him, I'll tell you this: a good fisherman knows the sea, and the sea knows him back. That's all I can say. The Fishermen squints at the player, one eyebrow raised, and taps a gnarled finger against the bar.",False
recall-01154,cerulean,"Cerulean. You mentioned it yourself, if I recall correctly. A fine colour for a gift, though I'd never take it from you. Aldric chuckles softly, his eyes crinkling at the corners as he leans against the observatory railing. He seems pleased to be reminded of the detail.",True
recall-01155,fitzgerald,"Fitzgerald, yes. A good name for a mentor. The priest glances down at the worn notebook tucked into his robe, a faint smile touching his lips as he recalls the name.",True
recall-01156,lysander,"I don't recall you telling me that name, stranger. You've mentioned it several times, but it slips through the cracks. Thandi Mbeki tilts her head slightly, her eyes narrowing as she studies the player. She seems to be trying to recall the name from earlier conversation, though she has no clear memory of it.",False
recall-01157,597,"You told me exactly 597 crowns. But I've heard other numbers too, haven't I? Silas leans against a silk stall, his smile never quite reaching his eyes. He watches the player with a practiced, patient expression, as if he has been waiting for this exact moment.",True
recall-01158,lysander,"I haven't heard that name. I'm the chief engineer here, not a records clerk. If you need something fixed, tell me what's broken. Thandi Mbeki glances at the reactor gauges, her expression unreadable, and gives a flat, practical answer.",False
recall-01159,sextant,"A monocle, I believe. You said you'd bring it as a gift. The merchant shifts his gaze toward the stone floor, tapping a finger against his ledger as he tries to recall the exact words.",False
recall-01160,penhallow,"You told me you grew up near Penhallow Cross. I believe you said it was a quiet place, far from the road. The Head Priest straightens his collar and looks up from his rosary, his brow furrowing slightly as he tries to recall the player's words.",True
recall-01161,brightwater,"You told me the name of your boat. The Brightwater Lark. The Tribesman sits on one of the four rocks, one hand resting on his knee, and his eyes narrow slightly as he searches his memory. After a moment, he nods and speaks.",True
recall-01162,621,"Room 621. You told me yourself, half-drunk and rambling, last night. Gareth Ironhand leans back on the bar, his gruff voice low and steady as he studies the player.",True
recall-01163,tuesday,"I don't keep track of days, wanderer. But I do know you're leaving. That's the part I can sell you on. Quill leans against the crate wall, one eyebrow arched, listening as if the answer were already written in the air.",False
recall-01164,sunday,"You said Sunday. ROOK's status light blinks once, then steadies. The server cabinet hums, and a faint warmth rises from its vents.",True
recall-01165,ignatius,"If you're asking about your old teacher, I don't know him. But if you're asking what I think of him, I'll tell you this: a good fisherman knows the sea, and the sea knows him back. That's all I can say. The Fishermen squints at the player, one eyebrow raised, and taps a gnarled finger against the bar.",False
recall-01166,maroon,"You said a maroon lantern, yes. That's a good signal—bright and hard to miss. Kenji's eyes widen slightly as he remembers the conversation, and he adjusts the stethoscope around his neck.",True
recall-01167,696,"Harbour guild? I don't know nothing about that. I've never heard the name. All I know is the sea and the road, and neither of them has anything to do with owing anyone money. The Farmer squints at the player, wiping his hands on his overalls. He has no idea what a harbour guild is, and his brow furrows as he tries to place the name.",False
recall-01168,quillon,"I don't recall ever hearing that, friend. You've been around here a while, but I never got the chance to ask. Care to tell me yourself? Orrin the Chandler tilts his head, his eyes scanning the windswept garden as if trying to recall a conversation from long ago. A faint smile plays on his lips.",False
recall-01169,vermilion,"I don't recall you telling me, stranger. You've said plenty of colours, but not that one. You're a wanderer, after all — you carry a thousand colours in your head and forget them all by morning. Old Men squints at the player, his bushy mustache twitching as he tries to recall the conversation. He leans back on his stool, one hand resting on the bar, and stares at the peeling blue wall as if the an",False
recall-01170,vermilion,"You said vermilion, I believe. But I'm not sure I ever wrote it down. Old Men squints at the player, his bushy mustache twitching as he leans forward on the bar. He taps his chin thoughtfully, the wooden surface creaking beneath his weight.",True
recall-01171,magenta,"A lantern? You say you'd light one if you're in trouble. I've heard that before, but I don't know what it means. Why would you tell me that? Jessa the Pilgrim squints at the player, her weathered hands tightening around the strap of her worn pack. She studies the player's face for a moment before answering, her voice low and cautious.",False
recall-01172,sunday,"You said Friday. ROOK's status light blinks once, then settles. It processes the question with a brief pause.",False
recall-01173,vermilion,"Vermilion, you said. A fine colour for a wanderer — like a sunset over a burning ship. Old Men squints at the player, his bushy mustache twitching as he leans back on the bar, one eye glinting with mischief.",True
recall-01174,quillon,"You told me you grew up near Quillon Arch. That's where I remember you mentioning it. Elsk the Courier squints slightly, as if pulling a memory from a dusty satchel, then nods with a small, knowing smile.",True
recall-01175,zelenko,"Zelenko Square, if I recall correctly. Korin the Ferryman looks up from the rusted railing, his brow furrowing slightly as he searches his memory.",True
recall-01176,octavia,You mentioned that you trained for years under a mentor called Octavia. ROOK's status light blinks steady blue as it processes the query.,True
recall-01177,vermilion,"Lantern? I don't recall you mentioning one. I've been here a long time, and I've never seen a lantern lit in this sector. But if you're in trouble, I'd say a steady flame is a good friend to have. Pell the Stonemason tilts their head, one eyebrow raised, and glances around the quiet stacks of the overgrown library. They seem to be trying to recall something, then shake it off with a light chuckle.",False
recall-01178,cerulean,"Periwinkle. You said a periwinkle lantern would be your signal for danger. Thandi Mbeki looks up from the control console, her eyes narrowing slightly as she recalls the detail.",False
recall-01179,thistledown,"The Thistledown. Scantily Clad Virgins smiles faintly, her eyes glinting with a mixture of amusement and something like envy, as she leans back against the gilded frame of a self-portrait.",True
recall-01180,723,"You told me three different amounts, and each time you changed it. I remember 495 crowns, then 723, then 854. Which one is it this time? The priest turns slowly from the bench, his hands clasped in front of him, eyes narrowing slightly as he studies the player with a frown.",True
recall-01181,brindlewick,"I do not recall any such password, wanderer. If you have shared it with me, it was not in these halls, nor in these words. Perhaps you are testing me, or perhaps you have forgotten what you told me. The Head Priest straightens his collar and studies the player with a slow, deliberate gaze. His lips part once, then close. He does not answer directly, instead letting the silence stretch for a moment",False
recall-01182,turquoise,"You said turquoise, yes. That's a fine colour for the sea, isn't it? The fisherman squints at the player for a moment, then nods slowly as if checking his own memory.",True
recall-01183,periwinkle,"You said periwinkle. A periwinkle lantern. If you're ever in trouble, that's the light to light. Gareth leans back on the bar, polishing a tankard with a rag, his eyes narrowing as he studies the player.",True
recall-01184,898,"I recall you saying 898 crowns, but you also mentioned 266 later. I'm not certain which is right. Hoakbera's eyes narrow slightly as they flicker between the two numbers, a faint shimmer of uncertainty passing over their moss-green skin.",True
recall-01185,octavia,"Octavia. You told me that yourself, back when you were trying to convince me you weren't just another corporate envoy. Commander Okafor raises an eyebrow and taps the console with a gloved finger, her amber-lit gaze narrowing slightly.",True
recall-01186,octavia,"Octavia. Commander Adaeze Okafor glances at the player with a faint, dry smile, her eyes settling on the console before her.",True
recall-01187,174,"Room 174, at the inn. I believe that's what you said. Dr. Ilan Vasquez glances at the sealed tanks, then turns his attention back to the player, his expression unreadable.",True
recall-01188,calloway,"You told me the name of your boat was the Calloway. I've been meaning to ask you about it. Elsk the Courier leans back against the tiled wall, a faint smile playing on their lips as they tap a finger against their chin.",True
recall-01189,magenta,"You mentioned once that magenta was your favourite colour, though I am not sure why a wanderer would care for such a hue. The Emperor's eyes narrow slightly as he studies the wanderer, the chill in the tomb seeming to thicken around him.",True
recall-01190,zelenko,"You said Zelenko Square. That's where I'll be waiting. Korin the Ferryman squints slightly, as if the answer is already half-remembered, then nods with a slow, deliberate motion.",True
recall-01191,oberon,"You said Oberon. That's the name you gave me, at least. Hesk the Brewer leans back on the wooden counter, his arms crossed, and squints at the player as if trying to remember a name from a long-ago conversation.",True
recall-01192,812,"You said room 812 at the inn. Garrow the Cartographer leans back in his stool, eyes narrowing as he tries to recall the conversation.",True
recall-01193,octavia,"You said the name Octavia. A fine name for a horse, though I'd have picked something sturdier. Commander Adaeze Okafor tilts her head slightly, a dry smile touching her lips as she studies the player.",True
recall-01194,621,"You told me 621 crowns. But then you corrected yourself to 597. Which one is it, wanderer? I need to know if I'm owing you a favor or a debt. Silas leans against a striped awning, his fingers idly tracing the edge of a stolen silk pouch. His eyes narrow slightly as he waits for the answer, a faint smirk playing on his lips.",True
recall-01195,422,"You said room 422, didn't you? The bandit's eyes narrow slightly as they consider the question, their posture relaxed but attentive.",True
recall-01196,philippa,"You told me her name was Philippa. I remember that much. Fenna the Sentry shifts their weight on the post, eyes narrowing slightly as they remember the name.",True
recall-01197,rosalind,"Rosalind. You told me that yourself, didn't you? The virgin tilts her head, a slow smile spreading across her lips as she recalls the name.",True
recall-01198,ravensholt,"Ravensholt Dock. You said it yourself, didn't you? A place where the fog lies thick and the fish are too clever. I remember the salt in your boots, even if you don't. But do you remember what else you told me? What did you lose on the road? Vorn the Mad leans back in his chair, his eyes flickering like dying embers as he studies the player. A faint hum of warded energy pulses around his desk, and ",True
recall-01199,brackenmoor,"You mentioned Brackenmoor Ferry, and later Tamsworth Weir. Both places ring true to the way the waters whisper here. Hoakbera's eyes glint with the soft green light of the swamp, and a faint mist curls around the outpost wall as she answers.",True
recall-01200,537,"I have heard many debts, wanderer. You have told me 368, 541, 586, 537, 634, and 273 crowns. Which is it now? The King raises an eyebrow, his expression unreadable. He leans back against the stone wall near the campfire, his gaze sweeping the quiet countryside as he weighs the player's question.",True
recall-01201,brindlewick,"I do not recall such a word, wanderer. The Head Priest straightens his collar, eyes narrowing as he tries to recall the word, then shakes his head slowly.",False
recall-01202,marchetti,"You said you grew up near Marchetti Fountain. That's a proper place, if you ask me. Cass the Smith straightens up and taps the side of his nose with a thumb, as if pulling a memory from a pocket. His eyes narrow slightly as he studies the player.",True
recall-01203,oberon,"Oberon. You said your sister goes by Oberon. Hesk the Brewer squints at the player, his brow furrowing as he tries to remember the name.",True
recall-01204,valerian,"Valerian. You said it was brewed from valerian, though I never saw it myself. I only noted it down. Garrow the Cartographer looks up from their map, brow furrowed. They seem to remember, though their voice carries a quiet weariness.",True
recall-01205,339,"Room 339. You told me that yourself, wanderer. I've got it written down, along with your name — which you never bothered to give me. Lira leans back on the bar, one eyebrow arched, and glances at the ledger behind the counter with a slow, deliberate motion.",True
recall-01206,periscope,"You dropped your stethoscope somewhere along the road, I believe. The priest's brow furrows slightly as they study the player's face, then they tilt their head in quiet thought.",False
recall-01207,bartholomew,"Cordelia. You said that yourself, didn't you? I've been writing it down. Now, what's the catch — you're not here for rations, are you? Quill leans against a clamped crate, her eyes narrowing as she studies the player. A slow, knowing smile spreads across her face.",False
recall-01208,sextant,"A gift... I believe you promised something, but the details have slipped from my mind. Perhaps it was something small, or perhaps something more... personal. Scantily Clad Virgins tilts her head, her fingers tracing the edge of her garment as she searches her memory. Her eyes flicker with a distant, almost wistful expression.",False
recall-01209,periwinkle,"You said a periwinkle lantern. Priests looks up from the bench, his eyes settling on the player with a patient, knowing expression.",True
recall-01210,seahollow,"You told me the boat you're sailing out on is called the Seahollow. Aldric straightens his posture, a faint smile tugging at his lips as he leans slightly forward, his eyes bright with the kind of easy curiosity he reserves for newcomers.",True
recall-01211,kaleidoscope,"You promised to bring me a kaleidoscope, one day. Dr. Ilan Vasquez glances at the sealed tanks, then back at you, a faint smile touching their lips as they remember.",True
recall-01212,wednesday,"I don't recall you saying, son. You've been here a while, and I've heard plenty. But I don't remember you telling me a day. Old Men squints at the player, his bushy mustache twitching as he leans back on the bar. He taps a chipped glass against the wood, clearly trying to dredge the memory up.",False
recall-01213,lindqvist,"You mentioned Lindqvist Yard, didn't you? A quiet stretch of stone and fog, if you ever cared to know. Lira glances up from wiping a mug with a rag, her eyes narrowing as she studies the player's face. She taps her chin once, as if pulling a memory from a dusty shelf.",True
recall-01214,rosalind,"You said your mentor was called Rosalind. Scantily Clad Virgins tilts her head, a slow smile spreading across her face as she recalls the name.",True
recall-01215,ravensholt,"Ravensholt Dock, yes. You said it yourself. The salt air, the fog, the way the lanterns flicker when the tide turns. You told me you grew up there, and I... I remember it. The dock is where the Silk Cloaks first came ashore, you know. They left their mark on the water. Vorn the Mad leans back in his chair, his eyes flickering with a strange inner light as he studies the player. He taps a finger ag",True
recall-01216,vermilion,"Vermilion, I believe. A bright red one. You said you'd light it if you were ever in trouble. Pell the Stonemason pauses, one hand resting on a worn stone tool, and looks up from their bench with a slow, thoughtful nod.",True
recall-01217,harmonica,"You lost... a harmonica. And a stethoscope. But those are mere trinkets. The real loss was the thread of your own name, unraveling somewhere between Ravensholt Dock and Quillon Arch. Vorn the Mad's eyes narrow as he studies the player, then he gestures vaguely toward the shifting starmap on the wall, as if the answer is written in the stars themselves.",True
recall-01218,wednesday,"Wednesday, I believe. You said you were leaving town on Wednesday. Old Men squints at the player, his bushy mustache twitching as he tries to pull the memory from the fog of his years.",True
recall-01219,174,"You mentioned room 174 at the inn, if I'm remembering correctly. Dr. Ilan Vasquez glances at the sealed tanks, his eyes flickering between the glass and the player, then offers a small, precise smile.",True
recall-01220,marrowby,"You mean 'marrowby'. I've written it on the underside of the tankard. You can check. Hesk the Brewer squints at the player, one eyebrow raised, as if the question itself surprises him. He leans back on the bar stool, arms folded, and studies the player with the flat, untrusting gaze of someone who has heard stranger things than a password.",True
recall-01221,pelagia,"The Marigold Venture. You mentioned that a few turns back. A fine name for a boat, if I do say so myself. Gareth Ironhand leans back against the bar, his calloused hand resting on the worn wood. His eyes narrow slightly as he tries to remember, then he grins, a dry, knowing sort of grin.",False
recall-01222,monday,"You said Monday, then Tuesday. Which one is it? Commander Adaeze Okafor raises an eyebrow, her amber console light flickering as she weighs the inconsistency.",True
recall-01223,monocle,"You said you'd bring me a gift... I believe it was a monocle. The blacksmith wipes soot from his brow, his eyes narrowing as he tries to remember the exact words the wanderer used.",True
recall-01224,812,"I never wrote it down, friend. You've told me a room number before, but it slipped through the cracks like sand. Garrow rubs his eyes and glances at the empty workbench, his brow furrowing as he tries to recall any note.",False
recall-01225,quintus,"Quintus, you said. A fine name for a horse that waits outside. The blacksmith wipes soot from his brow, chuckles, and leans on his anvil, his eyes crinkling as he remembers.",True
recall-01226,glimmerock,"You already know it, wanderer. You told me yourself. Now you're asking me to repeat it back to you like a parrot. What's the fun in that? Lira leans back against the bar, one eyebrow arched. Her eyes flick toward the door as if expecting someone, then return to the player with a slow, deliberate smile.",False
recall-01227,621,"You mentioned 621 crowns, didn't you? That's a heavy debt. I'd be happy to help you work it down. Silas leans against a stack of crates, one eyebrow raised. He glances around the Weeping Market as if weighing whether it's safe to trust the answer.",True
recall-01228,812,"I don't recall any room number, wanderer. This workshop has no rooms—just a floor, a wall, and a door that never quite closes right. Garrow the Cartographer shifts his weight on a stool, one eye glancing up from a half-finished map spread across the workbench.",False
recall-01229,peregrine,"I'm afraid I've heard three different names from you — Peregrine, Winifred... and I'm not sure which one you meant. Garrow squints at the player, his brow furrowing as he tries to recall the conversation.",True
recall-01230,seahollow,"You told me it was the Seahollow. Aldric straightens his posture, a faint smile tugging at his lips as he leans slightly forward, his eyes bright with the kind of easy curiosity he reserves for newcomers.",True
recall-01231,tansy,"You mentioned tansy, yes. That's what you told me your mother's remedy is brewed from. Farmer Bob wipes his hands on his overalls and squints at the player, his brow furrowing as he tries to recall the conversation.",True
recall-01232,zelenko,"Zelenko Square, you said. That's a good spot—open air, and the guards don't bother you there. Commander Adaeze Okafor leans against the console, one eyebrow raised, and glances toward the observation dome.",True
recall-01233,gramophone,"You promised to bring me a gramophone as a gift, didn't you? I've been looking forward to it. Kenji's eyes widen slightly as he remembers the exchange, then he smiles warmly.",True
recall-01234,tuesday,"You said Thursday for your departure, and Tuesday for leaving town. I keep both in mind. Hesk the Brewer squints at the player, tapping a finger against the wooden counter as if sorting through his own memory.",True
recall-01235,747,"I'm not sure, friend. You've been here a while, but I don't recall you telling me which room you're staying in. You may have mentioned it to someone else, or perhaps it slipped my mind. Pell the Stonemason looks puzzled, his brow furrowing as he searches his memory. He glances around the quiet library, then back at the player, a hint of confusion in his voice.",False
recall-01236,270,"You said you're staying in room 270 at the inn, yes. Hesk the Brewer leans back on the bar, a slow smile spreading across his face as he recalls the detail.",True
recall-01237,monday,"You told me Monday first, then Tuesday. I've noted both, but Tuesday is the one that stuck. Commander Adaeze Okafor glances at the amber consoles, her expression unreadable, then lets out a dry chuckle.",True
recall-01238,vermilion,"Vermilion, you said. A fine colour for a man of your station. Old Men squints at the player, his bushy mustache twitching as he leans forward slightly on the bar.",True
recall-01239,lindqvist,"Dunmere Gate. I believe you said that. Coven's eyes narrow slightly as the player asks, and she shifts her weight on the rocky ledge, her expression unreadable.",False
recall-01240,oberon,"Oberon. You told me that yourself. I remember it. You speak of him as if he were a man of great weight, and I find that strange. Tell me, wanderer, what did Oberon teach you that you have not forgotten? The Emperor's eyes narrow slightly, and the air in the tomb seems to thicken for a moment. He does not smile, but there is a sharpness in his gaze now, as if the name Oberon has stirred something o",True
recall-01241,corrigan,"You told me Corrigan Wharf. Do you remember why you chose it? The Emperor's gaze sharpens as he leans back in his throne, the chill of the tomb seeming to thicken around him.",True
recall-01242,422,"Room 422, you said. Right, that's where you're staying. But don't go trusting me with that kind of information, wanderer. I'd rather hear it from the innkeeper myself. The Bandit leans back against the rough table, one hand resting on a chipped mug. A slow, cruel smile spreads across their face as they tilt their head, listening to the player's question with the patience of someone who enjoys smal",True
recall-01243,tuesday,"I don't recall the day, but I remember the look on your face when you said it. You looked like you were leaving something behind. Hesk the Brewer squints slightly, as if trying to recall, then shrugs. They glance at the empty stable floor and tap a boot against it.",False
recall-01244,quillon,"You told me you grew up near Quillon Arch. I remember asking, because it's a long way from this sector. Orrin's eyes light up with recognition, and he leans forward slightly, his hands resting on the counter as if pulling a memory from a well.",True
recall-01245,cerulean,"You said you'd light a cerulean lantern if you're ever in trouble. Aldric the Warden leans back slightly, his eyes crinkling with a knowing smile as he recalls the promise.",True
recall-01246,lysander,"I believe you mentioned a name... but I cannot recall it clearly. The static in the tanks seems to interfere with my memory lately. Dr. Ilan Vasquez glances toward the sealed tanks, then back at the player, his voice dropping as if the answer might disturb the specimens.",False
recall-01247,marchetti,"I don't recall you telling me that, wanderer. But you've mentioned a few places already—Corrigan Wharf, a boat called the Brightwater Lark. That's all I've got. Cass the Smith leans back on the bench, one hand resting on the anvil, and squints at the player as if trying to recall a face from long ago.",False
recall-01248,850,"I don't think I ever heard you mention a room number, friend. This barn's only got the main floor and the hay loft up top. The farmer scratches his chin, squinting at the player as if trying to recall a conversation that never happened. He glances toward the second-story hay loft, then back at the player, his brow furrowing.",False
recall-01249,lovage,"Lovage, yes. You mentioned that the remedy your mother needs is brewed from lovage. The Merchant tilts his head, his weathered hands resting on the counter as he considers the question.",True
