sid,world,horizon,age,cond,rank,k,gold_in_prompt,sweep,rr
W1-H100-000,W1,100,5,buf4,1.0,6,True,True,1.0
W1-H100-000,W1,100,5,buf8 (default),1.0,6,True,True,1.0
W1-H100-000,W1,100,5,buf16,1.0,6,True,True,1.0
W1-H100-000,W1,100,5,k3,1.0,3,True,True,1.0
W1-H100-000,W1,100,5,k12,1.0,12,True,True,1.0
W1-H100-000,W1,100,5,thr0,1.0,6,True,True,1.0
W1-H100-000,W1,100,5,thr6,1.0,6,True,True,1.0
W1-H100-000,W1,100,5,buf4,1.0,6,True,True,1.0
W1-H100-000,W1,100,5,buf8 (default),1.0,6,True,True,1.0
W1-H100-000,W1,100,5,buf16,1.0,6,True,True,1.0
W1-H100-000,W1,100,5,k3,1.0,3,True,True,1.0
W1-H100-000,W1,100,5,k12,1.0,12,True,True,1.0
W1-H100-000,W1,100,5,thr0,1.0,6,True,True,1.0
W1-H100-000,W1,100,5,thr6,1.0,6,True,True,1.0
W1-H100-000,W1,100,10,buf4,1.0,6,True,True,1.0
W1-H100-000,W1,100,10,buf8 (default),1.0,6,True,True,1.0
W1-H100-000,W1,100,10,buf16,1.0,6,True,True,1.0
W1-H100-000,W1,100,10,k3,1.0,3,True,True,1.0
W1-H100-000,W1,100,10,k12,1.0,12,True,True,1.0
W1-H100-000,W1,100,10,thr0,1.0,6,True,True,1.0
W1-H100-000,W1,100,10,thr6,1.0,6,True,True,1.0
W1-H100-000,W1,100,20,buf4,1.0,6,True,True,1.0
W1-H100-000,W1,100,20,buf8 (default),1.0,6,True,True,1.0
W1-H100-000,W1,100,20,buf16,1.0,6,True,True,1.0
W1-H100-000,W1,100,20,k3,1.0,3,True,True,1.0
W1-H100-000,W1,100,20,k12,1.0,12,True,True,1.0
W1-H100-000,W1,100,20,thr0,1.0,6,True,True,1.0
W1-H100-000,W1,100,20,thr6,1.0,6,True,True,1.0
W1-H100-000,W1,100,10,buf4,2.0,6,True,True,0.5
W1-H100-000,W1,100,10,buf8 (default),2.0,6,True,True,0.5
W1-H100-000,W1,100,10,buf16,2.0,6,True,True,0.5
W1-H100-000,W1,100,10,k3,2.0,3,True,True,0.5
W1-H100-000,W1,100,10,k12,2.0,12,True,True,0.5
W1-H100-000,W1,100,10,thr0,2.0,6,True,True,0.5
W1-H100-000,W1,100,10,thr6,3.0,6,True,True,0.3333333333333333
W1-H100-000,W1,100,20,buf4,1.0,6,True,True,1.0
W1-H100-000,W1,100,20,buf8 (default),1.0,6,True,True,1.0
W1-H100-000,W1,100,20,buf16,1.0,6,True,True,1.0
W1-H100-000,W1,100,20,k3,1.0,3,True,True,1.0
W1-H100-000,W1,100,20,k12,1.0,12,True,True,1.0
W1-H100-000,W1,100,20,thr0,1.0,6,True,True,1.0
W1-H100-000,W1,100,20,thr6,1.0,6,True,True,1.0
W1-H100-000,W1,100,40,buf4,1.0,6,True,True,1.0
W1-H100-000,W1,100,40,buf8 (default),1.0,6,True,True,1.0
W1-H100-000,W1,100,40,buf16,1.0,6,True,True,1.0
W1-H100-000,W1,100,40,k3,1.0,3,True,True,1.0
W1-H100-000,W1,100,40,k12,1.0,12,True,True,1.0
W1-H100-000,W1,100,40,thr0,1.0,6,True,True,1.0
W1-H100-000,W1,100,40,thr6,1.0,6,True,True,1.0
W1-H100-000,W1,100,80,buf4,1.0,6,True,True,1.0
W1-H100-000,W1,100,80,buf8 (default),1.0,6,True,True,1.0
W1-H100-000,W1,100,80,buf16,1.0,6,True,True,1.0
W1-H100-000,W1,100,80,k3,1.0,3,True,True,1.0
W1-H100-000,W1,100,80,k12,1.0,12,True,True,1.0
W1-H100-000,W1,100,80,thr0,1.0,6,True,True,1.0
W1-H100-000,W1,100,80,thr6,1.0,6,True,True,1.0
W1-H100-000,W1,100,80,buf4,1.0,6,True,True,1.0
W1-H100-000,W1,100,80,buf8 (default),1.0,6,True,True,1.0
W1-H100-000,W1,100,80,buf16,1.0,6,True,True,1.0
W1-H100-000,W1,100,80,k3,1.0,3,True,True,1.0
W1-H100-000,W1,100,80,k12,1.0,12,True,True,1.0
W1-H100-000,W1,100,80,thr0,1.0,6,True,True,1.0
W1-H100-000,W1,100,80,thr6,1.0,6,True,True,1.0
W1-H100-000,W1,100,40,buf4,1.0,6,True,True,1.0
W1-H100-000,W1,100,40,buf8 (default),1.0,6,True,True,1.0
W1-H100-000,W1,100,40,buf16,1.0,6,True,True,1.0
W1-H100-000,W1,100,40,k3,1.0,3,True,True,1.0
W1-H100-000,W1,100,40,k12,1.0,12,True,True,1.0
W1-H100-000,W1,100,40,thr0,1.0,6,True,True,1.0
W1-H100-000,W1,100,40,thr6,1.0,6,True,True,1.0
W1-H100-001,W1,100,20,buf4,1.0,6,True,True,1.0
W1-H100-001,W1,100,20,buf8 (default),1.0,6,True,True,1.0
W1-H100-001,W1,100,20,buf16,1.0,6,True,True,1.0
W1-H100-001,W1,100,20,k3,2.0,3,True,True,0.5
W1-H100-001,W1,100,20,k12,1.0,12,True,True,1.0
W1-H100-001,W1,100,20,thr0,1.0,6,True,True,1.0
W1-H100-001,W1,100,20,thr6,2.0,6,True,True,0.5
W1-H100-001,W1,100,20,buf4,1.0,6,True,True,1.0
W1-H100-001,W1,100,20,buf8 (default),1.0,6,True,True,1.0
W1-H100-001,W1,100,20,buf16,1.0,6,True,True,1.0
W1-H100-001,W1,100,20,k3,1.0,3,True,True,1.0
W1-H100-001,W1,100,20,k12,1.0,12,True,True,1.0
W1-H100-001,W1,100,20,thr0,1.0,6,True,True,1.0
W1-H100-001,W1,100,20,thr6,1.0,6,True,True,1.0
W1-H100-001,W1,100,10,buf4,1.0,6,True,True,1.0
W1-H100-001,W1,100,10,buf8 (default),1.0,6,True,True,1.0
W1-H100-001,W1,100,10,buf16,1.0,6,True,True,1.0
W1-H100-001,W1,100,10,k3,1.0,3,True,True,1.0
W1-H100-001,W1,100,10,k12,1.0,12,True,True,1.0
W1-H100-001,W1,100,10,thr0,1.0,6,True,True,1.0
W1-H100-001,W1,100,10,thr6,1.0,6,True,True,1.0
W1-H100-001,W1,100,5,buf4,1.0,6,True,True,1.0
W1-H100-001,W1,100,5,buf8 (default),1.0,6,True,True,1.0
W1-H100-001,W1,100,5,buf16,1.0,6,True,True,1.0
W1-H100-001,W1,100,5,k3,1.0,3,True,True,1.0
W1-H100-001,W1,100,5,k12,1.0,12,True,True,1.0
W1-H100-001,W1,100,5,thr0,1.0,6,True,True,1.0
W1-H100-001,W1,100,5,thr6,1.0,6,True,True,1.0
W1-H100-001,W1,100,40,buf4,2.0,6,True,True,0.5
W1-H100-001,W1,100,40,buf8 (default),2.0,6,True,True,0.5
W1-H100-001,W1,100,40,buf16,2.0,6,True,True,0.5
W1-H100-001,W1,100,40,k3,2.0,3,True,True,0.5
W1-H100-001,W1,100,40,k12,2.0,12,True,True,0.5
W1-H100-001,W1,100,40,thr0,2.0,6,True,True,0.5
W1-H100-001,W1,100,40,thr6,2.0,6,True,True,0.5
W1-H100-001,W1,100,5,buf4,3.0,6,True,True,0.3333333333333333
W1-H100-001,W1,100,5,buf8 (default),3.0,6,True,True,0.3333333333333333
W1-H100-001,W1,100,5,buf16,3.0,6,True,True,0.3333333333333333
W1-H100-001,W1,100,5,k3,3.0,3,True,True,0.3333333333333333
W1-H100-001,W1,100,5,k12,3.0,12,True,True,0.3333333333333333
W1-H100-001,W1,100,5,thr0,3.0,6,True,True,0.3333333333333333
W1-H100-001,W1,100,5,thr6,3.0,6,True,True,0.3333333333333333
W1-H100-001,W1,100,80,buf4,1.0,6,True,True,1.0
W1-H100-001,W1,100,80,buf8 (default),1.0,6,True,True,1.0
W1-H100-001,W1,100,80,buf16,1.0,6,True,True,1.0
W1-H100-001,W1,100,80,k3,1.0,3,True,True,1.0
W1-H100-001,W1,100,80,k12,1.0,12,True,True,1.0
W1-H100-001,W1,100,80,thr0,1.0,6,True,True,1.0
W1-H100-001,W1,100,80,thr6,1.0,6,True,True,1.0
W1-H100-001,W1,100,40,buf4,3.0,6,True,True,0.3333333333333333
W1-H100-001,W1,100,40,buf8 (default),3.0,6,True,True,0.3333333333333333
W1-H100-001,W1,100,40,buf16,3.0,6,True,True,0.3333333333333333
W1-H100-001,W1,100,40,k3,3.0,3,True,True,0.3333333333333333
W1-H100-001,W1,100,40,k12,3.0,12,True,True,0.3333333333333333
W1-H100-001,W1,100,40,thr0,3.0,6,True,True,0.3333333333333333
W1-H100-001,W1,100,40,thr6,3.0,6,True,True,0.3333333333333333
W1-H100-001,W1,100,10,buf4,1.0,6,True,True,1.0
W1-H100-001,W1,100,10,buf8 (default),1.0,6,True,True,1.0
W1-H100-001,W1,100,10,buf16,1.0,6,True,True,1.0
W1-H100-001,W1,100,10,k3,2.0,3,True,True,0.5
W1-H100-001,W1,100,10,k12,1.0,12,True,True,1.0
W1-H100-001,W1,100,10,thr0,1.0,6,True,True,1.0
W1-H100-001,W1,100,10,thr6,2.0,6,True,True,0.5
W1-H100-001,W1,100,80,buf4,1.0,6,True,True,1.0
W1-H100-001,W1,100,80,buf8 (default),1.0,6,True,True,1.0
W1-H100-001,W1,100,80,buf16,1.0,6,True,True,1.0
W1-H100-001,W1,100,80,k3,1.0,3,True,True,1.0
W1-H100-001,W1,100,80,k12,1.0,12,True,True,1.0
W1-H100-001,W1,100,80,thr0,1.0,6,True,True,1.0
W1-H100-001,W1,100,80,thr6,1.0,6,True,True,1.0
W1-H100-002,W1,100,10,buf4,1.0,6,True,True,1.0
W1-H100-002,W1,100,10,buf8 (default),1.0,6,True,True,1.0
W1-H100-002,W1,100,10,buf16,1.0,6,True,True,1.0
W1-H100-002,W1,100,10,k3,1.0,3,True,True,1.0
W1-H100-002,W1,100,10,k12,1.0,12,True,True,1.0
W1-H100-002,W1,100,10,thr0,1.0,6,True,True,1.0
W1-H100-002,W1,100,10,thr6,1.0,6,True,True,1.0
W1-H100-002,W1,100,10,buf4,2.0,6,True,True,0.5
W1-H100-002,W1,100,10,buf8 (default),2.0,6,True,True,0.5
W1-H100-002,W1,100,10,buf16,2.0,6,True,True,0.5
W1-H100-002,W1,100,10,k3,2.0,3,True,True,0.5
W1-H100-002,W1,100,10,k12,2.0,12,True,True,0.5
W1-H100-002,W1,100,10,thr0,1.0,6,True,True,1.0
W1-H100-002,W1,100,10,thr6,2.0,6,True,True,0.5
W1-H100-002,W1,100,20,buf4,1.0,6,True,True,1.0
W1-H100-002,W1,100,20,buf8 (default),1.0,6,True,True,1.0
W1-H100-002,W1,100,20,buf16,1.0,6,True,True,1.0
W1-H100-002,W1,100,20,k3,1.0,3,True,True,1.0
W1-H100-002,W1,100,20,k12,1.0,12,True,True,1.0
W1-H100-002,W1,100,20,thr0,1.0,6,True,True,1.0
W1-H100-002,W1,100,20,thr6,1.0,6,True,True,1.0
W1-H100-002,W1,100,20,buf4,1.0,6,True,True,1.0
W1-H100-002,W1,100,20,buf8 (default),1.0,6,True,True,1.0
W1-H100-002,W1,100,20,buf16,1.0,6,True,True,1.0
W1-H100-002,W1,100,20,k3,1.0,3,True,True,1.0
W1-H100-002,W1,100,20,k12,1.0,12,True,True,1.0
W1-H100-002,W1,100,20,thr0,1.0,6,True,True,1.0
W1-H100-002,W1,100,20,thr6,1.0,6,True,True,1.0
W1-H100-002,W1,100,40,buf4,1.0,6,True,True,1.0
W1-H100-002,W1,100,40,buf8 (default),1.0,6,True,True,1.0
W1-H100-002,W1,100,40,buf16,1.0,6,True,True,1.0
W1-H100-002,W1,100,40,k3,1.0,3,True,True,1.0
W1-H100-002,W1,100,40,k12,1.0,12,True,True,1.0
W1-H100-002,W1,100,40,thr0,1.0,6,True,True,1.0
W1-H100-002,W1,100,40,thr6,1.0,6,True,True,1.0
W1-H100-002,W1,100,5,buf4,1.0,6,True,True,1.0
W1-H100-002,W1,100,5,buf8 (default),1.0,6,True,True,1.0
W1-H100-002,W1,100,5,buf16,1.0,6,True,True,1.0
W1-H100-002,W1,100,5,k3,1.0,3,True,True,1.0
W1-H100-002,W1,100,5,k12,1.0,12,True,True,1.0
W1-H100-002,W1,100,5,thr0,1.0,6,True,True,1.0
W1-H100-002,W1,100,5,thr6,1.0,6,True,True,1.0
W1-H100-002,W1,100,80,buf4,1.0,6,True,True,1.0
W1-H100-002,W1,100,80,buf8 (default),1.0,6,True,True,1.0
W1-H100-002,W1,100,80,buf16,1.0,6,True,True,1.0
W1-H100-002,W1,100,80,k3,2.0,3,True,True,0.5
W1-H100-002,W1,100,80,k12,1.0,12,True,True,1.0
W1-H100-002,W1,100,80,thr0,1.0,6,True,True,1.0
W1-H100-002,W1,100,80,thr6,1.0,6,True,True,1.0
W1-H100-002,W1,100,5,buf4,1.0,6,True,True,1.0
W1-H100-002,W1,100,5,buf8 (default),1.0,6,True,True,1.0
W1-H100-002,W1,100,5,buf16,1.0,6,True,True,1.0
W1-H100-002,W1,100,5,k3,1.0,3,True,True,1.0
W1-H100-002,W1,100,5,k12,1.0,12,True,True,1.0
W1-H100-002,W1,100,5,thr0,1.0,6,True,True,1.0
W1-H100-002,W1,100,5,thr6,1.0,6,True,True,1.0
W1-H100-002,W1,100,40,buf4,1.0,6,True,True,1.0
W1-H100-002,W1,100,40,buf8 (default),1.0,6,True,True,1.0
W1-H100-002,W1,100,40,buf16,1.0,6,True,True,1.0
W1-H100-002,W1,100,40,k3,1.0,3,True,True,1.0
W1-H100-002,W1,100,40,k12,1.0,12,True,True,1.0
W1-H100-002,W1,100,40,thr0,1.0,6,True,True,1.0
W1-H100-002,W1,100,40,thr6,1.0,6,True,True,1.0
W1-H100-002,W1,100,80,buf4,1.0,6,True,True,1.0
W1-H100-002,W1,100,80,buf8 (default),1.0,6,True,True,1.0
W1-H100-002,W1,100,80,buf16,1.0,6,True,True,1.0
W1-H100-002,W1,100,80,k3,,3,False,True,0.0
W1-H100-002,W1,100,80,k12,1.0,12,True,True,1.0
W1-H100-002,W1,100,80,thr0,1.0,6,True,True,1.0
W1-H100-002,W1,100,80,thr6,5.0,6,True,True,0.2
W1-H100-003,W1,100,5,buf4,1.0,6,True,True,1.0
W1-H100-003,W1,100,5,buf8 (default),1.0,6,True,True,1.0
W1-H100-003,W1,100,5,buf16,1.0,6,True,True,1.0
W1-H100-003,W1,100,5,k3,1.0,3,True,True,1.0
W1-H100-003,W1,100,5,k12,1.0,12,True,True,1.0
W1-H100-003,W1,100,5,thr0,1.0,6,True,True,1.0
W1-H100-003,W1,100,5,thr6,1.0,6,True,True,1.0
W1-H100-003,W1,100,10,buf4,1.0,6,True,True,1.0
W1-H100-003,W1,100,10,buf8 (default),1.0,6,True,True,1.0
W1-H100-003,W1,100,10,buf16,1.0,6,True,True,1.0
W1-H100-003,W1,100,10,k3,1.0,3,True,True,1.0
W1-H100-003,W1,100,10,k12,1.0,12,True,True,1.0
W1-H100-003,W1,100,10,thr0,1.0,6,True,True,1.0
W1-H100-003,W1,100,10,thr6,1.0,6,True,True,1.0
W1-H100-003,W1,100,10,buf4,1.0,6,True,True,1.0
W1-H100-003,W1,100,10,buf8 (default),1.0,6,True,True,1.0
W1-H100-003,W1,100,10,buf16,1.0,6,True,True,1.0
W1-H100-003,W1,100,10,k3,3.0,3,True,True,0.3333333333333333
W1-H100-003,W1,100,10,k12,1.0,12,True,True,1.0
W1-H100-003,W1,100,10,thr0,1.0,6,True,True,1.0
W1-H100-003,W1,100,10,thr6,3.0,6,True,True,0.3333333333333333
W1-H100-003,W1,100,20,buf4,1.0,6,True,True,1.0
W1-H100-003,W1,100,20,buf8 (default),1.0,6,True,True,1.0
W1-H100-003,W1,100,20,buf16,1.0,6,True,True,1.0
W1-H100-003,W1,100,20,k3,1.0,3,True,True,1.0
W1-H100-003,W1,100,20,k12,1.0,12,True,True,1.0
W1-H100-003,W1,100,20,thr0,1.0,6,True,True,1.0
W1-H100-003,W1,100,20,thr6,1.0,6,True,True,1.0
W1-H100-003,W1,100,40,buf4,1.0,6,True,True,1.0
W1-H100-003,W1,100,40,buf8 (default),1.0,6,True,True,1.0
W1-H100-003,W1,100,40,buf16,1.0,6,True,True,1.0
W1-H100-003,W1,100,40,k3,1.0,3,True,True,1.0
W1-H100-003,W1,100,40,k12,1.0,12,True,True,1.0
W1-H100-003,W1,100,40,thr0,1.0,6,True,True,1.0
W1-H100-003,W1,100,40,thr6,1.0,6,True,True,1.0
W1-H100-003,W1,100,20,buf4,1.0,6,True,True,1.0
W1-H100-003,W1,100,20,buf8 (default),1.0,6,True,True,1.0
W1-H100-003,W1,100,20,buf16,1.0,6,True,True,1.0
W1-H100-003,W1,100,20,k3,1.0,3,True,True,1.0
W1-H100-003,W1,100,20,k12,1.0,12,True,True,1.0
W1-H100-003,W1,100,20,thr0,1.0,6,True,True,1.0
W1-H100-003,W1,100,20,thr6,1.0,6,True,True,1.0
W1-H100-003,W1,100,40,buf4,1.0,6,True,True,1.0
W1-H100-003,W1,100,40,buf8 (default),1.0,6,True,True,1.0
W1-H100-003,W1,100,40,buf16,1.0,6,True,True,1.0
W1-H100-003,W1,100,40,k3,1.0,3,True,True,1.0
W1-H100-003,W1,100,40,k12,1.0,12,True,True,1.0
W1-H100-003,W1,100,40,thr0,1.0,6,True,True,1.0
W1-H100-003,W1,100,40,thr6,1.0,6,True,True,1.0
W1-H100-003,W1,100,5,buf4,1.0,6,True,True,1.0
W1-H100-003,W1,100,5,buf8 (default),1.0,6,True,True,1.0
W1-H100-003,W1,100,5,buf16,1.0,6,True,True,1.0
W1-H100-003,W1,100,5,k3,1.0,3,True,True,1.0
W1-H100-003,W1,100,5,k12,1.0,12,True,True,1.0
W1-H100-003,W1,100,5,thr0,1.0,6,True,True,1.0
W1-H100-003,W1,100,5,thr6,1.0,6,True,True,1.0
W1-H100-003,W1,100,80,buf4,1.0,6,True,True,1.0
W1-H100-003,W1,100,80,buf8 (default),1.0,6,True,True,1.0
W1-H100-003,W1,100,80,buf16,1.0,6,True,True,1.0
W1-H100-003,W1,100,80,k3,1.0,3,True,True,1.0
W1-H100-003,W1,100,80,k12,1.0,12,True,True,1.0
W1-H100-003,W1,100,80,thr0,1.0,6,True,True,1.0
W1-H100-003,W1,100,80,thr6,1.0,6,True,True,1.0
W1-H100-003,W1,100,80,buf4,1.0,6,True,True,1.0
W1-H100-003,W1,100,80,buf8 (default),1.0,6,True,True,1.0
W1-H100-003,W1,100,80,buf16,1.0,6,True,True,1.0
W1-H100-003,W1,100,80,k3,1.0,3,True,True,1.0
W1-H100-003,W1,100,80,k12,1.0,12,True,True,1.0
W1-H100-003,W1,100,80,thr0,1.0,6,True,True,1.0
W1-H100-003,W1,100,80,thr6,1.0,6,True,True,1.0
W1-H100-004,W1,100,5,buf4,1.0,6,True,True,1.0
W1-H100-004,W1,100,5,buf8 (default),1.0,6,True,True,1.0
W1-H100-004,W1,100,5,buf16,1.0,6,True,True,1.0
W1-H100-004,W1,100,5,k3,1.0,3,True,True,1.0
W1-H100-004,W1,100,5,k12,1.0,12,True,True,1.0
W1-H100-004,W1,100,5,thr0,1.0,6,True,True,1.0
W1-H100-004,W1,100,5,thr6,1.0,6,True,True,1.0
W1-H100-004,W1,100,40,buf4,2.0,6,True,True,0.5
W1-H100-004,W1,100,40,buf8 (default),2.0,6,True,True,0.5
W1-H100-004,W1,100,40,buf16,2.0,6,True,True,0.5
W1-H100-004,W1,100,40,k3,2.0,3,True,True,0.5
W1-H100-004,W1,100,40,k12,2.0,12,True,True,0.5
W1-H100-004,W1,100,40,thr0,2.0,6,True,True,0.5
W1-H100-004,W1,100,40,thr6,2.0,6,True,True,0.5
W1-H100-004,W1,100,20,buf4,1.0,6,True,True,1.0
W1-H100-004,W1,100,20,buf8 (default),1.0,6,True,True,1.0
W1-H100-004,W1,100,20,buf16,1.0,6,True,True,1.0
W1-H100-004,W1,100,20,k3,1.0,3,True,True,1.0
W1-H100-004,W1,100,20,k12,1.0,12,True,True,1.0
W1-H100-004,W1,100,20,thr0,1.0,6,True,True,1.0
W1-H100-004,W1,100,20,thr6,1.0,6,True,True,1.0
W1-H100-004,W1,100,5,buf4,1.0,6,True,True,1.0
W1-H100-004,W1,100,5,buf8 (default),1.0,6,True,True,1.0
W1-H100-004,W1,100,5,buf16,1.0,6,True,True,1.0
W1-H100-004,W1,100,5,k3,1.0,3,True,True,1.0
W1-H100-004,W1,100,5,k12,1.0,12,True,True,1.0
W1-H100-004,W1,100,5,thr0,1.0,6,True,True,1.0
W1-H100-004,W1,100,5,thr6,1.0,6,True,True,1.0
W1-H100-004,W1,100,20,buf4,3.0,6,True,True,0.3333333333333333
W1-H100-004,W1,100,20,buf8 (default),3.0,6,True,True,0.3333333333333333
W1-H100-004,W1,100,20,buf16,3.0,6,True,True,0.3333333333333333
W1-H100-004,W1,100,20,k3,3.0,3,True,True,0.3333333333333333
W1-H100-004,W1,100,20,k12,3.0,12,True,True,0.3333333333333333
W1-H100-004,W1,100,20,thr0,3.0,6,True,True,0.3333333333333333
W1-H100-004,W1,100,20,thr6,3.0,6,True,True,0.3333333333333333
W1-H100-004,W1,100,10,buf4,1.0,6,True,True,1.0
W1-H100-004,W1,100,10,buf8 (default),1.0,6,True,True,1.0
W1-H100-004,W1,100,10,buf16,1.0,6,True,True,1.0
W1-H100-004,W1,100,10,k3,1.0,3,True,True,1.0
W1-H100-004,W1,100,10,k12,1.0,12,True,True,1.0
W1-H100-004,W1,100,10,thr0,1.0,6,True,True,1.0
W1-H100-004,W1,100,10,thr6,1.0,6,True,True,1.0
W1-H100-004,W1,100,40,buf4,1.0,6,True,True,1.0
W1-H100-004,W1,100,40,buf8 (default),1.0,6,True,True,1.0
W1-H100-004,W1,100,40,buf16,1.0,6,True,True,1.0
W1-H100-004,W1,100,40,k3,1.0,3,True,True,1.0
W1-H100-004,W1,100,40,k12,1.0,12,True,True,1.0
W1-H100-004,W1,100,40,thr0,1.0,6,True,True,1.0
W1-H100-004,W1,100,40,thr6,1.0,6,True,True,1.0
W1-H100-004,W1,100,80,buf4,3.0,6,True,True,0.3333333333333333
W1-H100-004,W1,100,80,buf8 (default),3.0,6,True,True,0.3333333333333333
W1-H100-004,W1,100,80,buf16,3.0,6,True,True,0.3333333333333333
W1-H100-004,W1,100,80,k3,3.0,3,True,True,0.3333333333333333
W1-H100-004,W1,100,80,k12,3.0,12,True,True,0.3333333333333333
W1-H100-004,W1,100,80,thr0,3.0,6,True,True,0.3333333333333333
W1-H100-004,W1,100,80,thr6,3.0,6,True,True,0.3333333333333333
W1-H100-004,W1,100,80,buf4,1.0,6,True,True,1.0
W1-H100-004,W1,100,80,buf8 (default),1.0,6,True,True,1.0
W1-H100-004,W1,100,80,buf16,1.0,6,True,True,1.0
W1-H100-004,W1,100,80,k3,1.0,3,True,True,1.0
W1-H100-004,W1,100,80,k12,1.0,12,True,True,1.0
W1-H100-004,W1,100,80,thr0,1.0,6,True,True,1.0
W1-H100-004,W1,100,80,thr6,1.0,6,True,True,1.0
W1-H100-004,W1,100,10,buf4,1.0,6,True,True,1.0
W1-H100-004,W1,100,10,buf8 (default),1.0,6,True,True,1.0
W1-H100-004,W1,100,10,buf16,1.0,6,True,True,1.0
W1-H100-004,W1,100,10,k3,1.0,3,True,True,1.0
W1-H100-004,W1,100,10,k12,1.0,12,True,True,1.0
W1-H100-004,W1,100,10,thr0,1.0,6,True,True,1.0
W1-H100-004,W1,100,10,thr6,1.0,6,True,True,1.0
W1-H100-005,W1,100,10,buf4,1.0,6,True,True,1.0
W1-H100-005,W1,100,10,buf8 (default),1.0,6,True,True,1.0
W1-H100-005,W1,100,10,buf16,1.0,6,True,True,1.0
W1-H100-005,W1,100,10,k3,1.0,3,True,True,1.0
W1-H100-005,W1,100,10,k12,1.0,12,True,True,1.0
W1-H100-005,W1,100,10,thr0,1.0,6,True,True,1.0
W1-H100-005,W1,100,10,thr6,1.0,6,True,True,1.0
W1-H100-005,W1,100,20,buf4,1.0,6,True,True,1.0
W1-H100-005,W1,100,20,buf8 (default),1.0,6,True,True,1.0
W1-H100-005,W1,100,20,buf16,1.0,6,True,True,1.0
W1-H100-005,W1,100,20,k3,1.0,3,True,True,1.0
W1-H100-005,W1,100,20,k12,1.0,12,True,True,1.0
W1-H100-005,W1,100,20,thr0,1.0,6,True,True,1.0
W1-H100-005,W1,100,20,thr6,1.0,6,True,True,1.0
W1-H100-005,W1,100,5,buf4,1.0,6,True,True,1.0
W1-H100-005,W1,100,5,buf8 (default),1.0,6,True,True,1.0
W1-H100-005,W1,100,5,buf16,1.0,6,True,True,1.0
W1-H100-005,W1,100,5,k3,1.0,3,True,True,1.0
W1-H100-005,W1,100,5,k12,1.0,12,True,True,1.0
W1-H100-005,W1,100,5,thr0,1.0,6,True,True,1.0
W1-H100-005,W1,100,5,thr6,1.0,6,True,True,1.0
W1-H100-005,W1,100,10,buf4,1.0,6,True,True,1.0
W1-H100-005,W1,100,10,buf8 (default),1.0,6,True,True,1.0
W1-H100-005,W1,100,10,buf16,1.0,6,True,True,1.0
W1-H100-005,W1,100,10,k3,1.0,3,True,True,1.0
W1-H100-005,W1,100,10,k12,1.0,12,True,True,1.0
W1-H100-005,W1,100,10,thr0,1.0,6,True,True,1.0
W1-H100-005,W1,100,10,thr6,1.0,6,True,True,1.0
W1-H100-005,W1,100,20,buf4,1.0,6,True,True,1.0
W1-H100-005,W1,100,20,buf8 (default),1.0,6,True,True,1.0
W1-H100-005,W1,100,20,buf16,1.0,6,True,True,1.0
W1-H100-005,W1,100,20,k3,1.0,3,True,True,1.0
W1-H100-005,W1,100,20,k12,1.0,12,True,True,1.0
W1-H100-005,W1,100,20,thr0,1.0,6,True,True,1.0
W1-H100-005,W1,100,20,thr6,1.0,6,True,True,1.0
W1-H100-005,W1,100,40,buf4,1.0,6,True,True,1.0
W1-H100-005,W1,100,40,buf8 (default),1.0,6,True,True,1.0
W1-H100-005,W1,100,40,buf16,1.0,6,True,True,1.0
W1-H100-005,W1,100,40,k3,1.0,3,True,True,1.0
W1-H100-005,W1,100,40,k12,1.0,12,True,True,1.0
W1-H100-005,W1,100,40,thr0,1.0,6,True,True,1.0
W1-H100-005,W1,100,40,thr6,1.0,6,True,True,1.0
W1-H100-005,W1,100,40,buf4,2.0,6,True,True,0.5
W1-H100-005,W1,100,40,buf8 (default),2.0,6,True,True,0.5
W1-H100-005,W1,100,40,buf16,2.0,6,True,True,0.5
W1-H100-005,W1,100,40,k3,2.0,3,True,True,0.5
W1-H100-005,W1,100,40,k12,2.0,12,True,True,0.5
W1-H100-005,W1,100,40,thr0,2.0,6,True,True,0.5
W1-H100-005,W1,100,40,thr6,2.0,6,True,True,0.5
W1-H100-005,W1,100,80,buf4,1.0,6,True,True,1.0
W1-H100-005,W1,100,80,buf8 (default),1.0,6,True,True,1.0
W1-H100-005,W1,100,80,buf16,1.0,6,True,True,1.0
W1-H100-005,W1,100,80,k3,2.0,3,True,True,0.5
W1-H100-005,W1,100,80,k12,1.0,12,True,True,1.0
W1-H100-005,W1,100,80,thr0,1.0,6,True,True,1.0
W1-H100-005,W1,100,80,thr6,2.0,6,True,True,0.5
W1-H100-005,W1,100,80,buf4,1.0,6,True,True,1.0
W1-H100-005,W1,100,80,buf8 (default),1.0,6,True,True,1.0
W1-H100-005,W1,100,80,buf16,1.0,6,True,True,1.0
W1-H100-005,W1,100,80,k3,,3,False,True,0.0
W1-H100-005,W1,100,80,k12,1.0,12,True,True,1.0
W1-H100-005,W1,100,80,thr0,1.0,6,True,True,1.0
W1-H100-005,W1,100,80,thr6,1.0,6,True,True,1.0
W1-H100-005,W1,100,5,buf4,1.0,6,True,True,1.0
W1-H100-005,W1,100,5,buf8 (default),1.0,6,True,True,1.0
W1-H100-005,W1,100,5,buf16,1.0,6,True,True,1.0
W1-H100-005,W1,100,5,k3,1.0,3,True,True,1.0
W1-H100-005,W1,100,5,k12,1.0,12,True,True,1.0
W1-H100-005,W1,100,5,thr0,1.0,6,True,True,1.0
W1-H100-005,W1,100,5,thr6,1.0,6,True,True,1.0
W1-H100-006,W1,100,40,buf4,1.0,6,True,True,1.0
W1-H100-006,W1,100,40,buf8 (default),1.0,6,True,True,1.0
W1-H100-006,W1,100,40,buf16,1.0,6,True,True,1.0
W1-H100-006,W1,100,40,k3,1.0,3,True,True,1.0
W1-H100-006,W1,100,40,k12,1.0,12,True,True,1.0
W1-H100-006,W1,100,40,thr0,1.0,6,True,True,1.0
W1-H100-006,W1,100,40,thr6,1.0,6,True,True,1.0
W1-H100-006,W1,100,20,buf4,1.0,6,True,True,1.0
W1-H100-006,W1,100,20,buf8 (default),1.0,6,True,True,1.0
W1-H100-006,W1,100,20,buf16,1.0,6,True,True,1.0
W1-H100-006,W1,100,20,k3,1.0,3,True,True,1.0
W1-H100-006,W1,100,20,k12,1.0,12,True,True,1.0
W1-H100-006,W1,100,20,thr0,1.0,6,True,True,1.0
W1-H100-006,W1,100,20,thr6,1.0,6,True,True,1.0
W1-H100-006,W1,100,10,buf4,3.0,6,True,True,0.3333333333333333
W1-H100-006,W1,100,10,buf8 (default),3.0,6,True,True,0.3333333333333333
W1-H100-006,W1,100,10,buf16,3.0,6,True,True,0.3333333333333333
W1-H100-006,W1,100,10,k3,3.0,3,True,True,0.3333333333333333
W1-H100-006,W1,100,10,k12,3.0,12,True,True,0.3333333333333333
W1-H100-006,W1,100,10,thr0,3.0,6,True,True,0.3333333333333333
W1-H100-006,W1,100,10,thr6,3.0,6,True,True,0.3333333333333333
W1-H100-006,W1,100,10,buf4,1.0,6,True,True,1.0
W1-H100-006,W1,100,10,buf8 (default),1.0,6,True,True,1.0
W1-H100-006,W1,100,10,buf16,1.0,6,True,True,1.0
W1-H100-006,W1,100,10,k3,1.0,3,True,True,1.0
W1-H100-006,W1,100,10,k12,1.0,12,True,True,1.0
W1-H100-006,W1,100,10,thr0,1.0,6,True,True,1.0
W1-H100-006,W1,100,10,thr6,1.0,6,True,True,1.0
W1-H100-006,W1,100,5,buf4,1.0,6,True,True,1.0
W1-H100-006,W1,100,5,buf8 (default),1.0,6,True,True,1.0
W1-H100-006,W1,100,5,buf16,1.0,6,True,True,1.0
W1-H100-006,W1,100,5,k3,1.0,3,True,True,1.0
W1-H100-006,W1,100,5,k12,1.0,12,True,True,1.0
W1-H100-006,W1,100,5,thr0,1.0,6,True,True,1.0
W1-H100-006,W1,100,5,thr6,1.0,6,True,True,1.0
W1-H100-006,W1,100,20,buf4,1.0,6,True,True,1.0
W1-H100-006,W1,100,20,buf8 (default),1.0,6,True,True,1.0
W1-H100-006,W1,100,20,buf16,1.0,6,True,True,1.0
W1-H100-006,W1,100,20,k3,1.0,3,True,True,1.0
W1-H100-006,W1,100,20,k12,1.0,12,True,True,1.0
W1-H100-006,W1,100,20,thr0,1.0,6,True,True,1.0
W1-H100-006,W1,100,20,thr6,1.0,6,True,True,1.0
W1-H100-006,W1,100,5,buf4,1.0,6,True,True,1.0
W1-H100-006,W1,100,5,buf8 (default),1.0,6,True,True,1.0
W1-H100-006,W1,100,5,buf16,1.0,6,True,True,1.0
W1-H100-006,W1,100,5,k3,1.0,3,True,True,1.0
W1-H100-006,W1,100,5,k12,1.0,12,True,True,1.0
W1-H100-006,W1,100,5,thr0,1.0,6,True,True,1.0
W1-H100-006,W1,100,5,thr6,1.0,6,True,True,1.0
W1-H100-006,W1,100,40,buf4,1.0,6,True,True,1.0
W1-H100-006,W1,100,40,buf8 (default),1.0,6,True,True,1.0
W1-H100-006,W1,100,40,buf16,1.0,6,True,True,1.0
W1-H100-006,W1,100,40,k3,1.0,3,True,True,1.0
W1-H100-006,W1,100,40,k12,1.0,12,True,True,1.0
W1-H100-006,W1,100,40,thr0,1.0,6,True,True,1.0
W1-H100-006,W1,100,40,thr6,1.0,6,True,True,1.0
W1-H100-006,W1,100,80,buf4,1.0,6,True,True,1.0
W1-H100-006,W1,100,80,buf8 (default),1.0,6,True,True,1.0
W1-H100-006,W1,100,80,buf16,1.0,6,True,True,1.0
W1-H100-006,W1,100,80,k3,1.0,3,True,True,1.0
W1-H100-006,W1,100,80,k12,1.0,12,True,True,1.0
W1-H100-006,W1,100,80,thr0,1.0,6,True,True,1.0
W1-H100-006,W1,100,80,thr6,1.0,6,True,True,1.0
W1-H100-006,W1,100,80,buf4,1.0,6,True,True,1.0
W1-H100-006,W1,100,80,buf8 (default),1.0,6,True,True,1.0
W1-H100-006,W1,100,80,buf16,1.0,6,True,True,1.0
W1-H100-006,W1,100,80,k3,1.0,3,True,True,1.0
W1-H100-006,W1,100,80,k12,1.0,12,True,True,1.0
W1-H100-006,W1,100,80,thr0,1.0,6,True,True,1.0
W1-H100-006,W1,100,80,thr6,1.0,6,True,True,1.0
W1-H100-007,W1,100,10,buf4,1.0,6,True,True,1.0
W1-H100-007,W1,100,10,buf8 (default),1.0,6,True,True,1.0
W1-H100-007,W1,100,10,buf16,1.0,6,True,True,1.0
W1-H100-007,W1,100,10,k3,1.0,3,True,True,1.0
W1-H100-007,W1,100,10,k12,1.0,12,True,True,1.0
W1-H100-007,W1,100,10,thr0,1.0,6,True,True,1.0
W1-H100-007,W1,100,10,thr6,1.0,6,True,True,1.0
W1-H100-007,W1,100,5,buf4,1.0,6,True,True,1.0
W1-H100-007,W1,100,5,buf8 (default),1.0,6,True,True,1.0
W1-H100-007,W1,100,5,buf16,1.0,6,True,True,1.0
W1-H100-007,W1,100,5,k3,1.0,3,True,True,1.0
W1-H100-007,W1,100,5,k12,1.0,12,True,True,1.0
W1-H100-007,W1,100,5,thr0,1.0,6,True,True,1.0
W1-H100-007,W1,100,5,thr6,1.0,6,True,True,1.0
W1-H100-007,W1,100,20,buf4,1.0,6,True,True,1.0
W1-H100-007,W1,100,20,buf8 (default),1.0,6,True,True,1.0
W1-H100-007,W1,100,20,buf16,1.0,6,True,True,1.0
W1-H100-007,W1,100,20,k3,1.0,3,True,True,1.0
W1-H100-007,W1,100,20,k12,1.0,12,True,True,1.0
W1-H100-007,W1,100,20,thr0,1.0,6,True,True,1.0
W1-H100-007,W1,100,20,thr6,1.0,6,True,True,1.0
W1-H100-007,W1,100,10,buf4,3.0,6,True,True,0.3333333333333333
W1-H100-007,W1,100,10,buf8 (default),3.0,6,True,True,0.3333333333333333
W1-H100-007,W1,100,10,buf16,3.0,6,True,True,0.3333333333333333
W1-H100-007,W1,100,10,k3,3.0,3,True,True,0.3333333333333333
W1-H100-007,W1,100,10,k12,3.0,12,True,True,0.3333333333333333
W1-H100-007,W1,100,10,thr0,3.0,6,True,True,0.3333333333333333
W1-H100-007,W1,100,10,thr6,3.0,6,True,True,0.3333333333333333
W1-H100-007,W1,100,40,buf4,1.0,6,True,True,1.0
W1-H100-007,W1,100,40,buf8 (default),1.0,6,True,True,1.0
W1-H100-007,W1,100,40,buf16,1.0,6,True,True,1.0
W1-H100-007,W1,100,40,k3,1.0,3,True,True,1.0
W1-H100-007,W1,100,40,k12,1.0,12,True,True,1.0
W1-H100-007,W1,100,40,thr0,1.0,6,True,True,1.0
W1-H100-007,W1,100,40,thr6,1.0,6,True,True,1.0
W1-H100-007,W1,100,40,buf4,1.0,6,True,True,1.0
W1-H100-007,W1,100,40,buf8 (default),1.0,6,True,True,1.0
W1-H100-007,W1,100,40,buf16,1.0,6,True,True,1.0
W1-H100-007,W1,100,40,k3,,3,False,True,0.0
W1-H100-007,W1,100,40,k12,1.0,12,True,True,1.0
W1-H100-007,W1,100,40,thr0,1.0,6,True,True,1.0
W1-H100-007,W1,100,40,thr6,4.0,6,True,True,0.25
W1-H100-007,W1,100,20,buf4,3.0,6,True,True,0.3333333333333333
W1-H100-007,W1,100,20,buf8 (default),3.0,6,True,True,0.3333333333333333
W1-H100-007,W1,100,20,buf16,3.0,6,True,True,0.3333333333333333
W1-H100-007,W1,100,20,k3,3.0,3,True,True,0.3333333333333333
W1-H100-007,W1,100,20,k12,3.0,12,True,True,0.3333333333333333
W1-H100-007,W1,100,20,thr0,3.0,6,True,True,0.3333333333333333
W1-H100-007,W1,100,20,thr6,3.0,6,True,True,0.3333333333333333
W1-H100-007,W1,100,5,buf4,1.0,6,True,True,1.0
W1-H100-007,W1,100,5,buf8 (default),1.0,6,True,True,1.0
W1-H100-007,W1,100,5,buf16,1.0,6,True,True,1.0
W1-H100-007,W1,100,5,k3,2.0,3,True,True,0.5
W1-H100-007,W1,100,5,k12,1.0,12,True,True,1.0
W1-H100-007,W1,100,5,thr0,1.0,6,True,True,1.0
W1-H100-007,W1,100,5,thr6,2.0,6,True,True,0.5
W1-H100-007,W1,100,80,buf4,1.0,6,True,True,1.0
W1-H100-007,W1,100,80,buf8 (default),1.0,6,True,True,1.0
W1-H100-007,W1,100,80,buf16,1.0,6,True,True,1.0
W1-H100-007,W1,100,80,k3,1.0,3,True,True,1.0
W1-H100-007,W1,100,80,k12,1.0,12,True,True,1.0
W1-H100-007,W1,100,80,thr0,1.0,6,True,True,1.0
W1-H100-007,W1,100,80,thr6,2.0,6,True,True,0.5
W1-H100-007,W1,100,80,buf4,3.0,6,True,True,0.3333333333333333
W1-H100-007,W1,100,80,buf8 (default),3.0,6,True,True,0.3333333333333333
W1-H100-007,W1,100,80,buf16,3.0,6,True,True,0.3333333333333333
W1-H100-007,W1,100,80,k3,3.0,3,True,True,0.3333333333333333
W1-H100-007,W1,100,80,k12,3.0,12,True,True,0.3333333333333333
W1-H100-007,W1,100,80,thr0,3.0,6,True,True,0.3333333333333333
W1-H100-007,W1,100,80,thr6,3.0,6,True,True,0.3333333333333333
W1-H100-008,W1,100,5,buf4,2.0,6,True,True,0.5
W1-H100-008,W1,100,5,buf8 (default),2.0,6,True,True,0.5
W1-H100-008,W1,100,5,buf16,2.0,6,True,True,0.5
W1-H100-008,W1,100,5,k3,2.0,3,True,True,0.5
W1-H100-008,W1,100,5,k12,2.0,12,True,True,0.5
W1-H100-008,W1,100,5,thr0,1.0,6,True,True,1.0
W1-H100-008,W1,100,5,thr6,2.0,6,True,True,0.5
W1-H100-008,W1,100,20,buf4,1.0,6,True,True,1.0
W1-H100-008,W1,100,20,buf8 (default),1.0,6,True,True,1.0
W1-H100-008,W1,100,20,buf16,1.0,6,True,True,1.0
W1-H100-008,W1,100,20,k3,1.0,3,True,True,1.0
W1-H100-008,W1,100,20,k12,1.0,12,True,True,1.0
W1-H100-008,W1,100,20,thr0,1.0,6,True,True,1.0
W1-H100-008,W1,100,20,thr6,1.0,6,True,True,1.0
W1-H100-008,W1,100,20,buf4,1.0,6,True,True,1.0
W1-H100-008,W1,100,20,buf8 (default),1.0,6,True,True,1.0
W1-H100-008,W1,100,20,buf16,1.0,6,True,True,1.0
W1-H100-008,W1,100,20,k3,1.0,3,True,True,1.0
W1-H100-008,W1,100,20,k12,1.0,12,True,True,1.0
W1-H100-008,W1,100,20,thr0,1.0,6,True,True,1.0
W1-H100-008,W1,100,20,thr6,1.0,6,True,True,1.0
W1-H100-008,W1,100,40,buf4,2.0,6,True,True,0.5
W1-H100-008,W1,100,40,buf8 (default),2.0,6,True,True,0.5
W1-H100-008,W1,100,40,buf16,2.0,6,True,True,0.5
W1-H100-008,W1,100,40,k3,2.0,3,True,True,0.5
W1-H100-008,W1,100,40,k12,2.0,12,True,True,0.5
W1-H100-008,W1,100,40,thr0,2.0,6,True,True,0.5
W1-H100-008,W1,100,40,thr6,2.0,6,True,True,0.5
W1-H100-008,W1,100,40,buf4,1.0,6,True,True,1.0
W1-H100-008,W1,100,40,buf8 (default),1.0,6,True,True,1.0
W1-H100-008,W1,100,40,buf16,1.0,6,True,True,1.0
W1-H100-008,W1,100,40,k3,1.0,3,True,True,1.0
W1-H100-008,W1,100,40,k12,1.0,12,True,True,1.0
W1-H100-008,W1,100,40,thr0,1.0,6,True,True,1.0
W1-H100-008,W1,100,40,thr6,1.0,6,True,True,1.0
W1-H100-008,W1,100,10,buf4,1.0,6,True,True,1.0
W1-H100-008,W1,100,10,buf8 (default),1.0,6,True,True,1.0
W1-H100-008,W1,100,10,buf16,1.0,6,True,True,1.0
W1-H100-008,W1,100,10,k3,1.0,3,True,True,1.0
W1-H100-008,W1,100,10,k12,1.0,12,True,True,1.0
W1-H100-008,W1,100,10,thr0,1.0,6,True,True,1.0
W1-H100-008,W1,100,10,thr6,1.0,6,True,True,1.0
W1-H100-008,W1,100,5,buf4,1.0,6,True,True,1.0
W1-H100-008,W1,100,5,buf8 (default),1.0,6,True,True,1.0
W1-H100-008,W1,100,5,buf16,1.0,6,True,True,1.0
W1-H100-008,W1,100,5,k3,1.0,3,True,True,1.0
W1-H100-008,W1,100,5,k12,1.0,12,True,True,1.0
W1-H100-008,W1,100,5,thr0,1.0,6,True,True,1.0
W1-H100-008,W1,100,5,thr6,1.0,6,True,True,1.0
W1-H100-008,W1,100,80,buf4,1.0,6,True,True,1.0
W1-H100-008,W1,100,80,buf8 (default),1.0,6,True,True,1.0
W1-H100-008,W1,100,80,buf16,1.0,6,True,True,1.0
W1-H100-008,W1,100,80,k3,1.0,3,True,True,1.0
W1-H100-008,W1,100,80,k12,1.0,12,True,True,1.0
W1-H100-008,W1,100,80,thr0,1.0,6,True,True,1.0
W1-H100-008,W1,100,80,thr6,1.0,6,True,True,1.0
W1-H100-008,W1,100,10,buf4,1.0,6,True,True,1.0
W1-H100-008,W1,100,10,buf8 (default),1.0,6,True,True,1.0
W1-H100-008,W1,100,10,buf16,1.0,6,True,True,1.0
W1-H100-008,W1,100,10,k3,1.0,3,True,True,1.0
W1-H100-008,W1,100,10,k12,1.0,12,True,True,1.0
W1-H100-008,W1,100,10,thr0,1.0,6,True,True,1.0
W1-H100-008,W1,100,10,thr6,1.0,6,True,True,1.0
W1-H100-008,W1,100,80,buf4,3.0,6,True,True,0.3333333333333333
W1-H100-008,W1,100,80,buf8 (default),3.0,6,True,True,0.3333333333333333
W1-H100-008,W1,100,80,buf16,3.0,6,True,True,0.3333333333333333
W1-H100-008,W1,100,80,k3,3.0,3,True,True,0.3333333333333333
W1-H100-008,W1,100,80,k12,3.0,12,True,True,0.3333333333333333
W1-H100-008,W1,100,80,thr0,3.0,6,True,True,0.3333333333333333
W1-H100-008,W1,100,80,thr6,3.0,6,True,True,0.3333333333333333
W1-H100-009,W1,100,5,buf4,1.0,6,True,True,1.0
W1-H100-009,W1,100,5,buf8 (default),1.0,6,True,True,1.0
W1-H100-009,W1,100,5,buf16,1.0,6,True,True,1.0
W1-H100-009,W1,100,5,k3,1.0,3,True,True,1.0
W1-H100-009,W1,100,5,k12,1.0,12,True,True,1.0
W1-H100-009,W1,100,5,thr0,1.0,6,True,True,1.0
W1-H100-009,W1,100,5,thr6,1.0,6,True,True,1.0
W1-H100-009,W1,100,5,buf4,1.0,6,True,True,1.0
W1-H100-009,W1,100,5,buf8 (default),1.0,6,True,True,1.0
W1-H100-009,W1,100,5,buf16,1.0,6,True,True,1.0
W1-H100-009,W1,100,5,k3,1.0,3,True,True,1.0
W1-H100-009,W1,100,5,k12,1.0,12,True,True,1.0
W1-H100-009,W1,100,5,thr0,1.0,6,True,True,1.0
W1-H100-009,W1,100,5,thr6,1.0,6,True,True,1.0
W1-H100-009,W1,100,10,buf4,2.0,6,True,True,0.5
W1-H100-009,W1,100,10,buf8 (default),2.0,6,True,True,0.5
W1-H100-009,W1,100,10,buf16,2.0,6,True,True,0.5
W1-H100-009,W1,100,10,k3,,3,False,True,0.0
W1-H100-009,W1,100,10,k12,2.0,12,True,True,0.5
W1-H100-009,W1,100,10,thr0,2.0,6,True,True,0.5
W1-H100-009,W1,100,10,thr6,2.0,6,True,True,0.5
W1-H100-009,W1,100,10,buf4,2.0,6,True,True,0.5
W1-H100-009,W1,100,10,buf8 (default),2.0,6,True,True,0.5
W1-H100-009,W1,100,10,buf16,2.0,6,True,True,0.5
W1-H100-009,W1,100,10,k3,2.0,3,True,True,0.5
W1-H100-009,W1,100,10,k12,2.0,12,True,True,0.5
W1-H100-009,W1,100,10,thr0,2.0,6,True,True,0.5
W1-H100-009,W1,100,10,thr6,2.0,6,True,True,0.5
W1-H100-009,W1,100,20,buf4,1.0,6,True,True,1.0
W1-H100-009,W1,100,20,buf8 (default),1.0,6,True,True,1.0
W1-H100-009,W1,100,20,buf16,1.0,6,True,True,1.0
W1-H100-009,W1,100,20,k3,1.0,3,True,True,1.0
W1-H100-009,W1,100,20,k12,1.0,12,True,True,1.0
W1-H100-009,W1,100,20,thr0,1.0,6,True,True,1.0
W1-H100-009,W1,100,20,thr6,1.0,6,True,True,1.0
W1-H100-009,W1,100,20,buf4,3.0,6,True,True,0.3333333333333333
W1-H100-009,W1,100,20,buf8 (default),3.0,6,True,True,0.3333333333333333
W1-H100-009,W1,100,20,buf16,3.0,6,True,True,0.3333333333333333
W1-H100-009,W1,100,20,k3,3.0,3,True,True,0.3333333333333333
W1-H100-009,W1,100,20,k12,3.0,12,True,True,0.3333333333333333
W1-H100-009,W1,100,20,thr0,3.0,6,True,True,0.3333333333333333
W1-H100-009,W1,100,20,thr6,3.0,6,True,True,0.3333333333333333
W1-H100-009,W1,100,40,buf4,1.0,6,True,True,1.0
W1-H100-009,W1,100,40,buf8 (default),1.0,6,True,True,1.0
W1-H100-009,W1,100,40,buf16,1.0,6,True,True,1.0
W1-H100-009,W1,100,40,k3,1.0,3,True,True,1.0
W1-H100-009,W1,100,40,k12,1.0,12,True,True,1.0
W1-H100-009,W1,100,40,thr0,1.0,6,True,True,1.0
W1-H100-009,W1,100,40,thr6,1.0,6,True,True,1.0
W1-H100-009,W1,100,80,buf4,2.0,6,True,True,0.5
W1-H100-009,W1,100,80,buf8 (default),2.0,6,True,True,0.5
W1-H100-009,W1,100,80,buf16,2.0,6,True,True,0.5
W1-H100-009,W1,100,80,k3,2.0,3,True,True,0.5
W1-H100-009,W1,100,80,k12,2.0,12,True,True,0.5
W1-H100-009,W1,100,80,thr0,2.0,6,True,True,0.5
W1-H100-009,W1,100,80,thr6,2.0,6,True,True,0.5
W1-H100-009,W1,100,80,buf4,1.0,6,True,True,1.0
W1-H100-009,W1,100,80,buf8 (default),1.0,6,True,True,1.0
W1-H100-009,W1,100,80,buf16,1.0,6,True,True,1.0
W1-H100-009,W1,100,80,k3,1.0,3,True,True,1.0
W1-H100-009,W1,100,80,k12,1.0,12,True,True,1.0
W1-H100-009,W1,100,80,thr0,1.0,6,True,True,1.0
W1-H100-009,W1,100,80,thr6,1.0,6,True,True,1.0
W1-H100-009,W1,100,40,buf4,3.0,6,True,True,0.3333333333333333
W1-H100-009,W1,100,40,buf8 (default),3.0,6,True,True,0.3333333333333333
W1-H100-009,W1,100,40,buf16,3.0,6,True,True,0.3333333333333333
W1-H100-009,W1,100,40,k3,3.0,3,True,True,0.3333333333333333
W1-H100-009,W1,100,40,k12,3.0,12,True,True,0.3333333333333333
W1-H100-009,W1,100,40,thr0,3.0,6,True,True,0.3333333333333333
W1-H100-009,W1,100,40,thr6,3.0,6,True,True,0.3333333333333333
W1-H200-000,W1,200,20,buf4,1.0,6,True,True,1.0
W1-H200-000,W1,200,20,buf8 (default),1.0,6,True,True,1.0
W1-H200-000,W1,200,20,buf16,1.0,6,True,True,1.0
W1-H200-000,W1,200,20,k3,1.0,3,True,True,1.0
W1-H200-000,W1,200,20,k12,1.0,12,True,True,1.0
W1-H200-000,W1,200,20,thr0,1.0,6,True,True,1.0
W1-H200-000,W1,200,20,thr6,1.0,6,True,True,1.0
W1-H200-000,W1,200,40,buf4,1.0,6,True,True,1.0
W1-H200-000,W1,200,40,buf8 (default),1.0,6,True,True,1.0
W1-H200-000,W1,200,40,buf16,1.0,6,True,True,1.0
W1-H200-000,W1,200,40,k3,1.0,3,True,True,1.0
W1-H200-000,W1,200,40,k12,1.0,12,True,True,1.0
W1-H200-000,W1,200,40,thr0,1.0,6,True,True,1.0
W1-H200-000,W1,200,40,thr6,1.0,6,True,True,1.0
W1-H200-000,W1,200,10,buf4,1.0,6,True,True,1.0
W1-H200-000,W1,200,10,buf8 (default),1.0,6,True,True,1.0
W1-H200-000,W1,200,10,buf16,1.0,6,True,True,1.0
W1-H200-000,W1,200,10,k3,1.0,3,True,True,1.0
W1-H200-000,W1,200,10,k12,1.0,12,True,True,1.0
W1-H200-000,W1,200,10,thr0,1.0,6,True,True,1.0
W1-H200-000,W1,200,10,thr6,1.0,6,True,True,1.0
W1-H200-000,W1,200,5,buf4,1.0,6,True,True,1.0
W1-H200-000,W1,200,5,buf8 (default),1.0,6,True,True,1.0
W1-H200-000,W1,200,5,buf16,1.0,6,True,True,1.0
W1-H200-000,W1,200,5,k3,1.0,3,True,True,1.0
W1-H200-000,W1,200,5,k12,1.0,12,True,True,1.0
W1-H200-000,W1,200,5,thr0,1.0,6,True,True,1.0
W1-H200-000,W1,200,5,thr6,1.0,6,True,True,1.0
W1-H200-000,W1,200,80,buf4,1.0,6,True,True,1.0
W1-H200-000,W1,200,80,buf8 (default),1.0,6,True,True,1.0
W1-H200-000,W1,200,80,buf16,1.0,6,True,True,1.0
W1-H200-000,W1,200,80,k3,1.0,3,True,True,1.0
W1-H200-000,W1,200,80,k12,1.0,12,True,True,1.0
W1-H200-000,W1,200,80,thr0,1.0,6,True,True,1.0
W1-H200-000,W1,200,80,thr6,1.0,6,True,True,1.0
W1-H200-000,W1,200,40,buf4,1.0,6,True,True,1.0
W1-H200-000,W1,200,40,buf8 (default),1.0,6,True,True,1.0
W1-H200-000,W1,200,40,buf16,1.0,6,True,True,1.0
W1-H200-000,W1,200,40,k3,1.0,3,True,True,1.0
W1-H200-000,W1,200,40,k12,1.0,12,True,True,1.0
W1-H200-000,W1,200,40,thr0,1.0,6,True,True,1.0
W1-H200-000,W1,200,40,thr6,1.0,6,True,True,1.0
W1-H200-000,W1,200,5,buf4,2.0,6,True,True,0.5
W1-H200-000,W1,200,5,buf8 (default),2.0,6,True,True,0.5
W1-H200-000,W1,200,5,buf16,2.0,6,True,True,0.5
W1-H200-000,W1,200,5,k3,2.0,3,True,True,0.5
W1-H200-000,W1,200,5,k12,2.0,12,True,True,0.5
W1-H200-000,W1,200,5,thr0,2.0,6,True,True,0.5
W1-H200-000,W1,200,5,thr6,2.0,6,True,True,0.5
W1-H200-000,W1,200,10,buf4,1.0,6,True,True,1.0
W1-H200-000,W1,200,10,buf8 (default),1.0,6,True,True,1.0
W1-H200-000,W1,200,10,buf16,1.0,6,True,True,1.0
W1-H200-000,W1,200,10,k3,1.0,3,True,True,1.0
W1-H200-000,W1,200,10,k12,1.0,12,True,True,1.0
W1-H200-000,W1,200,10,thr0,1.0,6,True,True,1.0
W1-H200-000,W1,200,10,thr6,1.0,6,True,True,1.0
W1-H200-000,W1,200,160,buf4,1.0,6,True,True,1.0
W1-H200-000,W1,200,160,buf8 (default),1.0,6,True,True,1.0
W1-H200-000,W1,200,160,buf16,1.0,6,True,True,1.0
W1-H200-000,W1,200,160,k3,1.0,3,True,True,1.0
W1-H200-000,W1,200,160,k12,1.0,12,True,True,1.0
W1-H200-000,W1,200,160,thr0,1.0,6,True,True,1.0
W1-H200-000,W1,200,160,thr6,1.0,6,True,True,1.0
W1-H200-000,W1,200,160,buf4,2.0,6,True,True,0.5
W1-H200-000,W1,200,160,buf8 (default),2.0,6,True,True,0.5
W1-H200-000,W1,200,160,buf16,2.0,6,True,True,0.5
W1-H200-000,W1,200,160,k3,2.0,3,True,True,0.5
W1-H200-000,W1,200,160,k12,2.0,12,True,True,0.5
W1-H200-000,W1,200,160,thr0,2.0,6,True,True,0.5
W1-H200-000,W1,200,160,thr6,2.0,6,True,True,0.5
W1-H200-000,W1,200,80,buf4,1.0,6,True,True,1.0
W1-H200-000,W1,200,80,buf8 (default),1.0,6,True,True,1.0
W1-H200-000,W1,200,80,buf16,1.0,6,True,True,1.0
W1-H200-000,W1,200,80,k3,1.0,3,True,True,1.0
W1-H200-000,W1,200,80,k12,1.0,12,True,True,1.0
W1-H200-000,W1,200,80,thr0,1.0,6,True,True,1.0
W1-H200-000,W1,200,80,thr6,1.0,6,True,True,1.0
W1-H200-000,W1,200,20,buf4,1.0,6,True,True,1.0
W1-H200-000,W1,200,20,buf8 (default),1.0,6,True,True,1.0
W1-H200-000,W1,200,20,buf16,1.0,6,True,True,1.0
W1-H200-000,W1,200,20,k3,1.0,3,True,True,1.0
W1-H200-000,W1,200,20,k12,1.0,12,True,True,1.0
W1-H200-000,W1,200,20,thr0,1.0,6,True,True,1.0
W1-H200-000,W1,200,20,thr6,1.0,6,True,True,1.0
W1-H200-001,W1,200,5,buf4,1.0,6,True,True,1.0
W1-H200-001,W1,200,5,buf8 (default),1.0,6,True,True,1.0
W1-H200-001,W1,200,5,buf16,1.0,6,True,True,1.0
W1-H200-001,W1,200,5,k3,1.0,3,True,True,1.0
W1-H200-001,W1,200,5,k12,1.0,12,True,True,1.0
W1-H200-001,W1,200,5,thr0,1.0,6,True,True,1.0
W1-H200-001,W1,200,5,thr6,1.0,6,True,True,1.0
W1-H200-001,W1,200,20,buf4,1.0,6,True,True,1.0
W1-H200-001,W1,200,20,buf8 (default),1.0,6,True,True,1.0
W1-H200-001,W1,200,20,buf16,1.0,6,True,True,1.0
W1-H200-001,W1,200,20,k3,1.0,3,True,True,1.0
W1-H200-001,W1,200,20,k12,1.0,12,True,True,1.0
W1-H200-001,W1,200,20,thr0,1.0,6,True,True,1.0
W1-H200-001,W1,200,20,thr6,1.0,6,True,True,1.0
W1-H200-001,W1,200,5,buf4,1.0,6,True,True,1.0
W1-H200-001,W1,200,5,buf8 (default),1.0,6,True,True,1.0
W1-H200-001,W1,200,5,buf16,1.0,6,True,True,1.0
W1-H200-001,W1,200,5,k3,1.0,3,True,True,1.0
W1-H200-001,W1,200,5,k12,1.0,12,True,True,1.0
W1-H200-001,W1,200,5,thr0,1.0,6,True,True,1.0
W1-H200-001,W1,200,5,thr6,1.0,6,True,True,1.0
W1-H200-001,W1,200,40,buf4,1.0,6,True,True,1.0
W1-H200-001,W1,200,40,buf8 (default),1.0,6,True,True,1.0
W1-H200-001,W1,200,40,buf16,1.0,6,True,True,1.0
W1-H200-001,W1,200,40,k3,1.0,3,True,True,1.0
W1-H200-001,W1,200,40,k12,1.0,12,True,True,1.0
W1-H200-001,W1,200,40,thr0,1.0,6,True,True,1.0
W1-H200-001,W1,200,40,thr6,1.0,6,True,True,1.0
W1-H200-001,W1,200,10,buf4,1.0,6,True,True,1.0
W1-H200-001,W1,200,10,buf8 (default),1.0,6,True,True,1.0
W1-H200-001,W1,200,10,buf16,1.0,6,True,True,1.0
W1-H200-001,W1,200,10,k3,1.0,3,True,True,1.0
W1-H200-001,W1,200,10,k12,1.0,12,True,True,1.0
W1-H200-001,W1,200,10,thr0,1.0,6,True,True,1.0
W1-H200-001,W1,200,10,thr6,1.0,6,True,True,1.0
W1-H200-001,W1,200,40,buf4,1.0,6,True,True,1.0
W1-H200-001,W1,200,40,buf8 (default),1.0,6,True,True,1.0
W1-H200-001,W1,200,40,buf16,1.0,6,True,True,1.0
W1-H200-001,W1,200,40,k3,1.0,3,True,True,1.0
W1-H200-001,W1,200,40,k12,1.0,12,True,True,1.0
W1-H200-001,W1,200,40,thr0,1.0,6,True,True,1.0
W1-H200-001,W1,200,40,thr6,1.0,6,True,True,1.0
W1-H200-001,W1,200,80,buf4,1.0,6,True,True,1.0
W1-H200-001,W1,200,80,buf8 (default),1.0,6,True,True,1.0
W1-H200-001,W1,200,80,buf16,1.0,6,True,True,1.0
W1-H200-001,W1,200,80,k3,1.0,3,True,True,1.0
W1-H200-001,W1,200,80,k12,1.0,12,True,True,1.0
W1-H200-001,W1,200,80,thr0,1.0,6,True,True,1.0
W1-H200-001,W1,200,80,thr6,1.0,6,True,True,1.0
W1-H200-001,W1,200,80,buf4,2.0,6,True,True,0.5
W1-H200-001,W1,200,80,buf8 (default),2.0,6,True,True,0.5
W1-H200-001,W1,200,80,buf16,2.0,6,True,True,0.5
W1-H200-001,W1,200,80,k3,2.0,3,True,True,0.5
W1-H200-001,W1,200,80,k12,2.0,12,True,True,0.5
W1-H200-001,W1,200,80,thr0,2.0,6,True,True,0.5
W1-H200-001,W1,200,80,thr6,2.0,6,True,True,0.5
W1-H200-001,W1,200,20,buf4,1.0,6,True,True,1.0
W1-H200-001,W1,200,20,buf8 (default),1.0,6,True,True,1.0
W1-H200-001,W1,200,20,buf16,1.0,6,True,True,1.0
W1-H200-001,W1,200,20,k3,1.0,3,True,True,1.0
W1-H200-001,W1,200,20,k12,1.0,12,True,True,1.0
W1-H200-001,W1,200,20,thr0,1.0,6,True,True,1.0
W1-H200-001,W1,200,20,thr6,1.0,6,True,True,1.0
W1-H200-001,W1,200,10,buf4,1.0,6,True,True,1.0
W1-H200-001,W1,200,10,buf8 (default),1.0,6,True,True,1.0
W1-H200-001,W1,200,10,buf16,1.0,6,True,True,1.0
W1-H200-001,W1,200,10,k3,1.0,3,True,True,1.0
W1-H200-001,W1,200,10,k12,1.0,12,True,True,1.0
W1-H200-001,W1,200,10,thr0,1.0,6,True,True,1.0
W1-H200-001,W1,200,10,thr6,1.0,6,True,True,1.0
W1-H200-001,W1,200,160,buf4,1.0,6,True,True,1.0
W1-H200-001,W1,200,160,buf8 (default),1.0,6,True,True,1.0
W1-H200-001,W1,200,160,buf16,1.0,6,True,True,1.0
W1-H200-001,W1,200,160,k3,1.0,3,True,True,1.0
W1-H200-001,W1,200,160,k12,1.0,12,True,True,1.0
W1-H200-001,W1,200,160,thr0,1.0,6,True,True,1.0
W1-H200-001,W1,200,160,thr6,1.0,6,True,True,1.0
W1-H200-001,W1,200,160,buf4,1.0,6,True,True,1.0
W1-H200-001,W1,200,160,buf8 (default),1.0,6,True,True,1.0
W1-H200-001,W1,200,160,buf16,1.0,6,True,True,1.0
W1-H200-001,W1,200,160,k3,1.0,3,True,True,1.0
W1-H200-001,W1,200,160,k12,1.0,12,True,True,1.0
W1-H200-001,W1,200,160,thr0,1.0,6,True,True,1.0
W1-H200-001,W1,200,160,thr6,1.0,6,True,True,1.0
W1-H200-002,W1,200,20,buf4,1.0,6,True,True,1.0
W1-H200-002,W1,200,20,buf8 (default),1.0,6,True,True,1.0
W1-H200-002,W1,200,20,buf16,1.0,6,True,True,1.0
W1-H200-002,W1,200,20,k3,1.0,3,True,True,1.0
W1-H200-002,W1,200,20,k12,1.0,12,True,True,1.0
W1-H200-002,W1,200,20,thr0,1.0,6,True,True,1.0
W1-H200-002,W1,200,20,thr6,1.0,6,True,True,1.0
W1-H200-002,W1,200,10,buf4,1.0,6,True,True,1.0
W1-H200-002,W1,200,10,buf8 (default),1.0,6,True,True,1.0
W1-H200-002,W1,200,10,buf16,1.0,6,True,True,1.0
W1-H200-002,W1,200,10,k3,1.0,3,True,True,1.0
W1-H200-002,W1,200,10,k12,1.0,12,True,True,1.0
W1-H200-002,W1,200,10,thr0,1.0,6,True,True,1.0
W1-H200-002,W1,200,10,thr6,1.0,6,True,True,1.0
W1-H200-002,W1,200,10,buf4,1.0,6,True,True,1.0
W1-H200-002,W1,200,10,buf8 (default),1.0,6,True,True,1.0
W1-H200-002,W1,200,10,buf16,1.0,6,True,True,1.0
W1-H200-002,W1,200,10,k3,1.0,3,True,True,1.0
W1-H200-002,W1,200,10,k12,1.0,12,True,True,1.0
W1-H200-002,W1,200,10,thr0,1.0,6,True,True,1.0
W1-H200-002,W1,200,10,thr6,1.0,6,True,True,1.0
W1-H200-002,W1,200,40,buf4,1.0,6,True,True,1.0
W1-H200-002,W1,200,40,buf8 (default),1.0,6,True,True,1.0
W1-H200-002,W1,200,40,buf16,1.0,6,True,True,1.0
W1-H200-002,W1,200,40,k3,1.0,3,True,True,1.0
W1-H200-002,W1,200,40,k12,1.0,12,True,True,1.0
W1-H200-002,W1,200,40,thr0,1.0,6,True,True,1.0
W1-H200-002,W1,200,40,thr6,1.0,6,True,True,1.0
W1-H200-002,W1,200,5,buf4,1.0,6,True,True,1.0
W1-H200-002,W1,200,5,buf8 (default),1.0,6,True,True,1.0
W1-H200-002,W1,200,5,buf16,1.0,6,True,True,1.0
W1-H200-002,W1,200,5,k3,1.0,3,True,True,1.0
W1-H200-002,W1,200,5,k12,1.0,12,True,True,1.0
W1-H200-002,W1,200,5,thr0,1.0,6,True,True,1.0
W1-H200-002,W1,200,5,thr6,2.0,6,True,True,0.5
W1-H200-002,W1,200,40,buf4,1.0,6,True,True,1.0
W1-H200-002,W1,200,40,buf8 (default),1.0,6,True,True,1.0
W1-H200-002,W1,200,40,buf16,1.0,6,True,True,1.0
W1-H200-002,W1,200,40,k3,2.0,3,True,True,0.5
W1-H200-002,W1,200,40,k12,1.0,12,True,True,1.0
W1-H200-002,W1,200,40,thr0,1.0,6,True,True,1.0
W1-H200-002,W1,200,40,thr6,2.0,6,True,True,0.5
W1-H200-002,W1,200,20,buf4,1.0,6,True,True,1.0
W1-H200-002,W1,200,20,buf8 (default),1.0,6,True,True,1.0
W1-H200-002,W1,200,20,buf16,1.0,6,True,True,1.0
W1-H200-002,W1,200,20,k3,1.0,3,True,True,1.0
W1-H200-002,W1,200,20,k12,1.0,12,True,True,1.0
W1-H200-002,W1,200,20,thr0,1.0,6,True,True,1.0
W1-H200-002,W1,200,20,thr6,1.0,6,True,True,1.0
W1-H200-002,W1,200,5,buf4,1.0,6,True,True,1.0
W1-H200-002,W1,200,5,buf8 (default),1.0,6,True,True,1.0
W1-H200-002,W1,200,5,buf16,1.0,6,True,True,1.0
W1-H200-002,W1,200,5,k3,1.0,3,True,True,1.0
W1-H200-002,W1,200,5,k12,1.0,12,True,True,1.0
W1-H200-002,W1,200,5,thr0,1.0,6,True,True,1.0
W1-H200-002,W1,200,5,thr6,1.0,6,True,True,1.0
W1-H200-002,W1,200,80,buf4,1.0,6,True,True,1.0
W1-H200-002,W1,200,80,buf8 (default),1.0,6,True,True,1.0
W1-H200-002,W1,200,80,buf16,1.0,6,True,True,1.0
W1-H200-002,W1,200,80,k3,1.0,3,True,True,1.0
W1-H200-002,W1,200,80,k12,1.0,12,True,True,1.0
W1-H200-002,W1,200,80,thr0,1.0,6,True,True,1.0
W1-H200-002,W1,200,80,thr6,1.0,6,True,True,1.0
W1-H200-002,W1,200,80,buf4,1.0,6,True,True,1.0
W1-H200-002,W1,200,80,buf8 (default),1.0,6,True,True,1.0
W1-H200-002,W1,200,80,buf16,1.0,6,True,True,1.0
W1-H200-002,W1,200,80,k3,1.0,3,True,True,1.0
W1-H200-002,W1,200,80,k12,1.0,12,True,True,1.0
W1-H200-002,W1,200,80,thr0,1.0,6,True,True,1.0
W1-H200-002,W1,200,80,thr6,1.0,6,True,True,1.0
W1-H200-002,W1,200,160,buf4,1.0,6,True,True,1.0
W1-H200-002,W1,200,160,buf8 (default),1.0,6,True,True,1.0
W1-H200-002,W1,200,160,buf16,1.0,6,True,True,1.0
W1-H200-002,W1,200,160,k3,1.0,3,True,True,1.0
W1-H200-002,W1,200,160,k12,1.0,12,True,True,1.0
W1-H200-002,W1,200,160,thr0,1.0,6,True,True,1.0
W1-H200-002,W1,200,160,thr6,1.0,6,True,True,1.0
W1-H200-002,W1,200,160,buf4,1.0,6,True,True,1.0
W1-H200-002,W1,200,160,buf8 (default),1.0,6,True,True,1.0
W1-H200-002,W1,200,160,buf16,1.0,6,True,True,1.0
W1-H200-002,W1,200,160,k3,1.0,3,True,True,1.0
W1-H200-002,W1,200,160,k12,1.0,12,True,True,1.0
W1-H200-002,W1,200,160,thr0,1.0,6,True,True,1.0
W1-H200-002,W1,200,160,thr6,1.0,6,True,True,1.0
W1-H200-003,W1,200,20,buf4,1.0,6,True,True,1.0
W1-H200-003,W1,200,20,buf8 (default),1.0,6,True,True,1.0
W1-H200-003,W1,200,20,buf16,1.0,6,True,True,1.0
W1-H200-003,W1,200,20,k3,1.0,3,True,True,1.0
W1-H200-003,W1,200,20,k12,1.0,12,True,True,1.0
W1-H200-003,W1,200,20,thr0,1.0,6,True,True,1.0
W1-H200-003,W1,200,20,thr6,1.0,6,True,True,1.0
W1-H200-003,W1,200,10,buf4,1.0,6,True,True,1.0
W1-H200-003,W1,200,10,buf8 (default),1.0,6,True,True,1.0
W1-H200-003,W1,200,10,buf16,1.0,6,True,True,1.0
W1-H200-003,W1,200,10,k3,1.0,3,True,True,1.0
W1-H200-003,W1,200,10,k12,1.0,12,True,True,1.0
W1-H200-003,W1,200,10,thr0,1.0,6,True,True,1.0
W1-H200-003,W1,200,10,thr6,1.0,6,True,True,1.0
W1-H200-003,W1,200,80,buf4,1.0,6,True,True,1.0
W1-H200-003,W1,200,80,buf8 (default),1.0,6,True,True,1.0
W1-H200-003,W1,200,80,buf16,1.0,6,True,True,1.0
W1-H200-003,W1,200,80,k3,1.0,3,True,True,1.0
W1-H200-003,W1,200,80,k12,1.0,12,True,True,1.0
W1-H200-003,W1,200,80,thr0,1.0,6,True,True,1.0
W1-H200-003,W1,200,80,thr6,1.0,6,True,True,1.0
W1-H200-003,W1,200,10,buf4,1.0,6,True,True,1.0
W1-H200-003,W1,200,10,buf8 (default),1.0,6,True,True,1.0
W1-H200-003,W1,200,10,buf16,1.0,6,True,True,1.0
W1-H200-003,W1,200,10,k3,1.0,3,True,True,1.0
W1-H200-003,W1,200,10,k12,1.0,12,True,True,1.0
W1-H200-003,W1,200,10,thr0,1.0,6,True,True,1.0
W1-H200-003,W1,200,10,thr6,1.0,6,True,True,1.0
W1-H200-003,W1,200,5,buf4,1.0,6,True,True,1.0
W1-H200-003,W1,200,5,buf8 (default),1.0,6,True,True,1.0
W1-H200-003,W1,200,5,buf16,1.0,6,True,True,1.0
W1-H200-003,W1,200,5,k3,1.0,3,True,True,1.0
W1-H200-003,W1,200,5,k12,1.0,12,True,True,1.0
W1-H200-003,W1,200,5,thr0,1.0,6,True,True,1.0
W1-H200-003,W1,200,5,thr6,1.0,6,True,True,1.0
W1-H200-003,W1,200,40,buf4,1.0,6,True,True,1.0
W1-H200-003,W1,200,40,buf8 (default),1.0,6,True,True,1.0
W1-H200-003,W1,200,40,buf16,1.0,6,True,True,1.0
W1-H200-003,W1,200,40,k3,1.0,3,True,True,1.0
W1-H200-003,W1,200,40,k12,1.0,12,True,True,1.0
W1-H200-003,W1,200,40,thr0,1.0,6,True,True,1.0
W1-H200-003,W1,200,40,thr6,1.0,6,True,True,1.0
W1-H200-003,W1,200,20,buf4,1.0,6,True,True,1.0
W1-H200-003,W1,200,20,buf8 (default),1.0,6,True,True,1.0
W1-H200-003,W1,200,20,buf16,1.0,6,True,True,1.0
W1-H200-003,W1,200,20,k3,1.0,3,True,True,1.0
W1-H200-003,W1,200,20,k12,1.0,12,True,True,1.0
W1-H200-003,W1,200,20,thr0,1.0,6,True,True,1.0
W1-H200-003,W1,200,20,thr6,1.0,6,True,True,1.0
W1-H200-003,W1,200,5,buf4,1.0,6,True,True,1.0
W1-H200-003,W1,200,5,buf8 (default),1.0,6,True,True,1.0
W1-H200-003,W1,200,5,buf16,1.0,6,True,True,1.0
W1-H200-003,W1,200,5,k3,1.0,3,True,True,1.0
W1-H200-003,W1,200,5,k12,1.0,12,True,True,1.0
W1-H200-003,W1,200,5,thr0,1.0,6,True,True,1.0
W1-H200-003,W1,200,5,thr6,1.0,6,True,True,1.0
W1-H200-003,W1,200,80,buf4,1.0,6,True,True,1.0
W1-H200-003,W1,200,80,buf8 (default),1.0,6,True,True,1.0
W1-H200-003,W1,200,80,buf16,1.0,6,True,True,1.0
W1-H200-003,W1,200,80,k3,1.0,3,True,True,1.0
W1-H200-003,W1,200,80,k12,1.0,12,True,True,1.0
W1-H200-003,W1,200,80,thr0,1.0,6,True,True,1.0
W1-H200-003,W1,200,80,thr6,2.0,6,True,True,0.5
W1-H200-003,W1,200,160,buf4,1.0,6,True,True,1.0
W1-H200-003,W1,200,160,buf8 (default),1.0,6,True,True,1.0
W1-H200-003,W1,200,160,buf16,1.0,6,True,True,1.0
W1-H200-003,W1,200,160,k3,1.0,3,True,True,1.0
W1-H200-003,W1,200,160,k12,1.0,12,True,True,1.0
W1-H200-003,W1,200,160,thr0,1.0,6,True,True,1.0
W1-H200-003,W1,200,160,thr6,1.0,6,True,True,1.0
W1-H200-003,W1,200,40,buf4,1.0,6,True,True,1.0
W1-H200-003,W1,200,40,buf8 (default),1.0,6,True,True,1.0
W1-H200-003,W1,200,40,buf16,1.0,6,True,True,1.0
W1-H200-003,W1,200,40,k3,1.0,3,True,True,1.0
W1-H200-003,W1,200,40,k12,1.0,12,True,True,1.0
W1-H200-003,W1,200,40,thr0,1.0,6,True,True,1.0
W1-H200-003,W1,200,40,thr6,1.0,6,True,True,1.0
W1-H200-003,W1,200,160,buf4,1.0,6,True,True,1.0
W1-H200-003,W1,200,160,buf8 (default),1.0,6,True,True,1.0
W1-H200-003,W1,200,160,buf16,1.0,6,True,True,1.0
W1-H200-003,W1,200,160,k3,1.0,3,True,True,1.0
W1-H200-003,W1,200,160,k12,1.0,12,True,True,1.0
W1-H200-003,W1,200,160,thr0,1.0,6,True,True,1.0
W1-H200-003,W1,200,160,thr6,1.0,6,True,True,1.0
W1-H200-004,W1,200,5,buf4,1.0,6,True,True,1.0
W1-H200-004,W1,200,5,buf8 (default),1.0,6,True,True,1.0
W1-H200-004,W1,200,5,buf16,1.0,6,True,True,1.0
W1-H200-004,W1,200,5,k3,1.0,3,True,True,1.0
W1-H200-004,W1,200,5,k12,1.0,12,True,True,1.0
W1-H200-004,W1,200,5,thr0,1.0,6,True,True,1.0
W1-H200-004,W1,200,5,thr6,1.0,6,True,True,1.0
W1-H200-004,W1,200,20,buf4,1.0,6,True,True,1.0
W1-H200-004,W1,200,20,buf8 (default),1.0,6,True,True,1.0
W1-H200-004,W1,200,20,buf16,1.0,6,True,True,1.0
W1-H200-004,W1,200,20,k3,1.0,3,True,True,1.0
W1-H200-004,W1,200,20,k12,1.0,12,True,True,1.0
W1-H200-004,W1,200,20,thr0,1.0,6,True,True,1.0
W1-H200-004,W1,200,20,thr6,1.0,6,True,True,1.0
W1-H200-004,W1,200,5,buf4,1.0,6,True,True,1.0
W1-H200-004,W1,200,5,buf8 (default),1.0,6,True,True,1.0
W1-H200-004,W1,200,5,buf16,1.0,6,True,True,1.0
W1-H200-004,W1,200,5,k3,1.0,3,True,True,1.0
W1-H200-004,W1,200,5,k12,1.0,12,True,True,1.0
W1-H200-004,W1,200,5,thr0,1.0,6,True,True,1.0
W1-H200-004,W1,200,5,thr6,1.0,6,True,True,1.0
W1-H200-004,W1,200,40,buf4,1.0,6,True,True,1.0
W1-H200-004,W1,200,40,buf8 (default),1.0,6,True,True,1.0
W1-H200-004,W1,200,40,buf16,1.0,6,True,True,1.0
W1-H200-004,W1,200,40,k3,1.0,3,True,True,1.0
W1-H200-004,W1,200,40,k12,1.0,12,True,True,1.0
W1-H200-004,W1,200,40,thr0,1.0,6,True,True,1.0
W1-H200-004,W1,200,40,thr6,2.0,6,True,True,0.5
W1-H200-004,W1,200,20,buf4,1.0,6,True,True,1.0
W1-H200-004,W1,200,20,buf8 (default),1.0,6,True,True,1.0
W1-H200-004,W1,200,20,buf16,1.0,6,True,True,1.0
W1-H200-004,W1,200,20,k3,1.0,3,True,True,1.0
W1-H200-004,W1,200,20,k12,1.0,12,True,True,1.0
W1-H200-004,W1,200,20,thr0,1.0,6,True,True,1.0
W1-H200-004,W1,200,20,thr6,1.0,6,True,True,1.0
W1-H200-004,W1,200,40,buf4,1.0,6,True,True,1.0
W1-H200-004,W1,200,40,buf8 (default),1.0,6,True,True,1.0
W1-H200-004,W1,200,40,buf16,1.0,6,True,True,1.0
W1-H200-004,W1,200,40,k3,1.0,3,True,True,1.0
W1-H200-004,W1,200,40,k12,1.0,12,True,True,1.0
W1-H200-004,W1,200,40,thr0,1.0,6,True,True,1.0
W1-H200-004,W1,200,40,thr6,2.0,6,True,True,0.5
W1-H200-004,W1,200,80,buf4,1.0,6,True,True,1.0
W1-H200-004,W1,200,80,buf8 (default),1.0,6,True,True,1.0
W1-H200-004,W1,200,80,buf16,1.0,6,True,True,1.0
W1-H200-004,W1,200,80,k3,1.0,3,True,True,1.0
W1-H200-004,W1,200,80,k12,1.0,12,True,True,1.0
W1-H200-004,W1,200,80,thr0,1.0,6,True,True,1.0
W1-H200-004,W1,200,80,thr6,1.0,6,True,True,1.0
W1-H200-004,W1,200,10,buf4,1.0,6,True,True,1.0
W1-H200-004,W1,200,10,buf8 (default),1.0,6,True,True,1.0
W1-H200-004,W1,200,10,buf16,1.0,6,True,True,1.0
W1-H200-004,W1,200,10,k3,1.0,3,True,True,1.0
W1-H200-004,W1,200,10,k12,1.0,12,True,True,1.0
W1-H200-004,W1,200,10,thr0,1.0,6,True,True,1.0
W1-H200-004,W1,200,10,thr6,1.0,6,True,True,1.0
W1-H200-004,W1,200,80,buf4,1.0,6,True,True,1.0
W1-H200-004,W1,200,80,buf8 (default),1.0,6,True,True,1.0
W1-H200-004,W1,200,80,buf16,1.0,6,True,True,1.0
W1-H200-004,W1,200,80,k3,1.0,3,True,True,1.0
W1-H200-004,W1,200,80,k12,1.0,12,True,True,1.0
W1-H200-004,W1,200,80,thr0,1.0,6,True,True,1.0
W1-H200-004,W1,200,80,thr6,1.0,6,True,True,1.0
W1-H200-004,W1,200,160,buf4,1.0,6,True,True,1.0
W1-H200-004,W1,200,160,buf8 (default),1.0,6,True,True,1.0
W1-H200-004,W1,200,160,buf16,1.0,6,True,True,1.0
W1-H200-004,W1,200,160,k3,1.0,3,True,True,1.0
W1-H200-004,W1,200,160,k12,1.0,12,True,True,1.0
W1-H200-004,W1,200,160,thr0,1.0,6,True,True,1.0
W1-H200-004,W1,200,160,thr6,1.0,6,True,True,1.0
W1-H200-004,W1,200,160,buf4,1.0,6,True,True,1.0
W1-H200-004,W1,200,160,buf8 (default),1.0,6,True,True,1.0
W1-H200-004,W1,200,160,buf16,1.0,6,True,True,1.0
W1-H200-004,W1,200,160,k3,1.0,3,True,True,1.0
W1-H200-004,W1,200,160,k12,1.0,12,True,True,1.0
W1-H200-004,W1,200,160,thr0,1.0,6,True,True,1.0
W1-H200-004,W1,200,160,thr6,1.0,6,True,True,1.0
W1-H200-004,W1,200,10,buf4,3.0,6,True,True,0.3333333333333333
W1-H200-004,W1,200,10,buf8 (default),3.0,6,True,True,0.3333333333333333
W1-H200-004,W1,200,10,buf16,3.0,6,True,True,0.3333333333333333
W1-H200-004,W1,200,10,k3,3.0,3,True,True,0.3333333333333333
W1-H200-004,W1,200,10,k12,1.0,12,True,True,1.0
W1-H200-004,W1,200,10,thr0,1.0,6,True,True,1.0
W1-H200-004,W1,200,10,thr6,3.0,6,True,True,0.3333333333333333
W1-H200-005,W1,200,5,buf4,1.0,6,True,True,1.0
W1-H200-005,W1,200,5,buf8 (default),1.0,6,True,True,1.0
W1-H200-005,W1,200,5,buf16,1.0,6,True,True,1.0
W1-H200-005,W1,200,5,k3,1.0,3,True,True,1.0
W1-H200-005,W1,200,5,k12,1.0,12,True,True,1.0
W1-H200-005,W1,200,5,thr0,1.0,6,True,True,1.0
W1-H200-005,W1,200,5,thr6,1.0,6,True,True,1.0
W1-H200-005,W1,200,10,buf4,3.0,6,True,True,0.3333333333333333
W1-H200-005,W1,200,10,buf8 (default),3.0,6,True,True,0.3333333333333333
W1-H200-005,W1,200,10,buf16,3.0,6,True,True,0.3333333333333333
W1-H200-005,W1,200,10,k3,3.0,3,True,True,0.3333333333333333
W1-H200-005,W1,200,10,k12,3.0,12,True,True,0.3333333333333333
W1-H200-005,W1,200,10,thr0,3.0,6,True,True,0.3333333333333333
W1-H200-005,W1,200,10,thr6,3.0,6,True,True,0.3333333333333333
W1-H200-005,W1,200,10,buf4,1.0,6,True,True,1.0
W1-H200-005,W1,200,10,buf8 (default),1.0,6,True,True,1.0
W1-H200-005,W1,200,10,buf16,1.0,6,True,True,1.0
W1-H200-005,W1,200,10,k3,1.0,3,True,True,1.0
W1-H200-005,W1,200,10,k12,1.0,12,True,True,1.0
W1-H200-005,W1,200,10,thr0,1.0,6,True,True,1.0
W1-H200-005,W1,200,10,thr6,1.0,6,True,True,1.0
W1-H200-005,W1,200,40,buf4,1.0,6,True,True,1.0
W1-H200-005,W1,200,40,buf8 (default),1.0,6,True,True,1.0
W1-H200-005,W1,200,40,buf16,1.0,6,True,True,1.0
W1-H200-005,W1,200,40,k3,1.0,3,True,True,1.0
W1-H200-005,W1,200,40,k12,1.0,12,True,True,1.0
W1-H200-005,W1,200,40,thr0,1.0,6,True,True,1.0
W1-H200-005,W1,200,40,thr6,1.0,6,True,True,1.0
W1-H200-005,W1,200,40,buf4,1.0,6,True,True,1.0
W1-H200-005,W1,200,40,buf8 (default),1.0,6,True,True,1.0
W1-H200-005,W1,200,40,buf16,1.0,6,True,True,1.0
W1-H200-005,W1,200,40,k3,1.0,3,True,True,1.0
W1-H200-005,W1,200,40,k12,1.0,12,True,True,1.0
W1-H200-005,W1,200,40,thr0,1.0,6,True,True,1.0
W1-H200-005,W1,200,40,thr6,1.0,6,True,True,1.0
W1-H200-005,W1,200,80,buf4,1.0,6,True,True,1.0
W1-H200-005,W1,200,80,buf8 (default),1.0,6,True,True,1.0
W1-H200-005,W1,200,80,buf16,1.0,6,True,True,1.0
W1-H200-005,W1,200,80,k3,1.0,3,True,True,1.0
W1-H200-005,W1,200,80,k12,1.0,12,True,True,1.0
W1-H200-005,W1,200,80,thr0,1.0,6,True,True,1.0
W1-H200-005,W1,200,80,thr6,1.0,6,True,True,1.0
W1-H200-005,W1,200,80,buf4,1.0,6,True,True,1.0
W1-H200-005,W1,200,80,buf8 (default),1.0,6,True,True,1.0
W1-H200-005,W1,200,80,buf16,1.0,6,True,True,1.0
W1-H200-005,W1,200,80,k3,1.0,3,True,True,1.0
W1-H200-005,W1,200,80,k12,1.0,12,True,True,1.0
W1-H200-005,W1,200,80,thr0,1.0,6,True,True,1.0
W1-H200-005,W1,200,80,thr6,1.0,6,True,True,1.0
W1-H200-005,W1,200,5,buf4,1.0,6,True,True,1.0
W1-H200-005,W1,200,5,buf8 (default),1.0,6,True,True,1.0
W1-H200-005,W1,200,5,buf16,1.0,6,True,True,1.0
W1-H200-005,W1,200,5,k3,1.0,3,True,True,1.0
W1-H200-005,W1,200,5,k12,1.0,12,True,True,1.0
W1-H200-005,W1,200,5,thr0,1.0,6,True,True,1.0
W1-H200-005,W1,200,5,thr6,1.0,6,True,True,1.0
W1-H200-005,W1,200,20,buf4,1.0,6,True,True,1.0
W1-H200-005,W1,200,20,buf8 (default),1.0,6,True,True,1.0
W1-H200-005,W1,200,20,buf16,1.0,6,True,True,1.0
W1-H200-005,W1,200,20,k3,3.0,3,True,True,0.3333333333333333
W1-H200-005,W1,200,20,k12,1.0,12,True,True,1.0
W1-H200-005,W1,200,20,thr0,1.0,6,True,True,1.0
W1-H200-005,W1,200,20,thr6,3.0,6,True,True,0.3333333333333333
W1-H200-005,W1,200,160,buf4,1.0,6,True,True,1.0
W1-H200-005,W1,200,160,buf8 (default),1.0,6,True,True,1.0
W1-H200-005,W1,200,160,buf16,1.0,6,True,True,1.0
W1-H200-005,W1,200,160,k3,1.0,3,True,True,1.0
W1-H200-005,W1,200,160,k12,1.0,12,True,True,1.0
W1-H200-005,W1,200,160,thr0,1.0,6,True,True,1.0
W1-H200-005,W1,200,160,thr6,1.0,6,True,True,1.0
W1-H200-005,W1,200,160,buf4,1.0,6,True,True,1.0
W1-H200-005,W1,200,160,buf8 (default),1.0,6,True,True,1.0
W1-H200-005,W1,200,160,buf16,1.0,6,True,True,1.0
W1-H200-005,W1,200,160,k3,1.0,3,True,True,1.0
W1-H200-005,W1,200,160,k12,1.0,12,True,True,1.0
W1-H200-005,W1,200,160,thr0,1.0,6,True,True,1.0
W1-H200-005,W1,200,160,thr6,1.0,6,True,True,1.0
W1-H200-005,W1,200,20,buf4,1.0,6,True,True,1.0
W1-H200-005,W1,200,20,buf8 (default),1.0,6,True,True,1.0
W1-H200-005,W1,200,20,buf16,1.0,6,True,True,1.0
W1-H200-005,W1,200,20,k3,1.0,3,True,True,1.0
W1-H200-005,W1,200,20,k12,1.0,12,True,True,1.0
W1-H200-005,W1,200,20,thr0,1.0,6,True,True,1.0
W1-H200-005,W1,200,20,thr6,1.0,6,True,True,1.0
W1-H200-006,W1,200,40,buf4,1.0,6,True,True,1.0
W1-H200-006,W1,200,40,buf8 (default),1.0,6,True,True,1.0
W1-H200-006,W1,200,40,buf16,1.0,6,True,True,1.0
W1-H200-006,W1,200,40,k3,1.0,3,True,True,1.0
W1-H200-006,W1,200,40,k12,1.0,12,True,True,1.0
W1-H200-006,W1,200,40,thr0,1.0,6,True,True,1.0
W1-H200-006,W1,200,40,thr6,1.0,6,True,True,1.0
W1-H200-006,W1,200,10,buf4,1.0,6,True,True,1.0
W1-H200-006,W1,200,10,buf8 (default),1.0,6,True,True,1.0
W1-H200-006,W1,200,10,buf16,1.0,6,True,True,1.0
W1-H200-006,W1,200,10,k3,1.0,3,True,True,1.0
W1-H200-006,W1,200,10,k12,1.0,12,True,True,1.0
W1-H200-006,W1,200,10,thr0,1.0,6,True,True,1.0
W1-H200-006,W1,200,10,thr6,1.0,6,True,True,1.0
W1-H200-006,W1,200,5,buf4,1.0,6,True,True,1.0
W1-H200-006,W1,200,5,buf8 (default),1.0,6,True,True,1.0
W1-H200-006,W1,200,5,buf16,1.0,6,True,True,1.0
W1-H200-006,W1,200,5,k3,1.0,3,True,True,1.0
W1-H200-006,W1,200,5,k12,1.0,12,True,True,1.0
W1-H200-006,W1,200,5,thr0,1.0,6,True,True,1.0
W1-H200-006,W1,200,5,thr6,1.0,6,True,True,1.0
W1-H200-006,W1,200,10,buf4,1.0,6,True,True,1.0
W1-H200-006,W1,200,10,buf8 (default),1.0,6,True,True,1.0
W1-H200-006,W1,200,10,buf16,1.0,6,True,True,1.0
W1-H200-006,W1,200,10,k3,1.0,3,True,True,1.0
W1-H200-006,W1,200,10,k12,1.0,12,True,True,1.0
W1-H200-006,W1,200,10,thr0,1.0,6,True,True,1.0
W1-H200-006,W1,200,10,thr6,1.0,6,True,True,1.0
W1-H200-006,W1,200,80,buf4,1.0,6,True,True,1.0
W1-H200-006,W1,200,80,buf8 (default),1.0,6,True,True,1.0
W1-H200-006,W1,200,80,buf16,1.0,6,True,True,1.0
W1-H200-006,W1,200,80,k3,1.0,3,True,True,1.0
W1-H200-006,W1,200,80,k12,1.0,12,True,True,1.0
W1-H200-006,W1,200,80,thr0,1.0,6,True,True,1.0
W1-H200-006,W1,200,80,thr6,1.0,6,True,True,1.0
W1-H200-006,W1,200,20,buf4,1.0,6,True,True,1.0
W1-H200-006,W1,200,20,buf8 (default),1.0,6,True,True,1.0
W1-H200-006,W1,200,20,buf16,1.0,6,True,True,1.0
W1-H200-006,W1,200,20,k3,3.0,3,True,True,0.3333333333333333
W1-H200-006,W1,200,20,k12,1.0,12,True,True,1.0
W1-H200-006,W1,200,20,thr0,1.0,6,True,True,1.0
W1-H200-006,W1,200,20,thr6,3.0,6,True,True,0.3333333333333333
W1-H200-006,W1,200,5,buf4,1.0,6,True,True,1.0
W1-H200-006,W1,200,5,buf8 (default),1.0,6,True,True,1.0
W1-H200-006,W1,200,5,buf16,1.0,6,True,True,1.0
W1-H200-006,W1,200,5,k3,1.0,3,True,True,1.0
W1-H200-006,W1,200,5,k12,1.0,12,True,True,1.0
W1-H200-006,W1,200,5,thr0,1.0,6,True,True,1.0
W1-H200-006,W1,200,5,thr6,1.0,6,True,True,1.0
W1-H200-006,W1,200,80,buf4,1.0,6,True,True,1.0
W1-H200-006,W1,200,80,buf8 (default),1.0,6,True,True,1.0
W1-H200-006,W1,200,80,buf16,1.0,6,True,True,1.0
W1-H200-006,W1,200,80,k3,1.0,3,True,True,1.0
W1-H200-006,W1,200,80,k12,1.0,12,True,True,1.0
W1-H200-006,W1,200,80,thr0,1.0,6,True,True,1.0
W1-H200-006,W1,200,80,thr6,1.0,6,True,True,1.0
W1-H200-006,W1,200,20,buf4,1.0,6,True,True,1.0
W1-H200-006,W1,200,20,buf8 (default),1.0,6,True,True,1.0
W1-H200-006,W1,200,20,buf16,1.0,6,True,True,1.0
W1-H200-006,W1,200,20,k3,1.0,3,True,True,1.0
W1-H200-006,W1,200,20,k12,1.0,12,True,True,1.0
W1-H200-006,W1,200,20,thr0,1.0,6,True,True,1.0
W1-H200-006,W1,200,20,thr6,1.0,6,True,True,1.0
W1-H200-006,W1,200,160,buf4,1.0,6,True,True,1.0
W1-H200-006,W1,200,160,buf8 (default),1.0,6,True,True,1.0
W1-H200-006,W1,200,160,buf16,1.0,6,True,True,1.0
W1-H200-006,W1,200,160,k3,1.0,3,True,True,1.0
W1-H200-006,W1,200,160,k12,1.0,12,True,True,1.0
W1-H200-006,W1,200,160,thr0,1.0,6,True,True,1.0
W1-H200-006,W1,200,160,thr6,1.0,6,True,True,1.0
W1-H200-006,W1,200,40,buf4,3.0,6,True,True,0.3333333333333333
W1-H200-006,W1,200,40,buf8 (default),3.0,6,True,True,0.3333333333333333
W1-H200-006,W1,200,40,buf16,3.0,6,True,True,0.3333333333333333
W1-H200-006,W1,200,40,k3,3.0,3,True,True,0.3333333333333333
W1-H200-006,W1,200,40,k12,3.0,12,True,True,0.3333333333333333
W1-H200-006,W1,200,40,thr0,3.0,6,True,True,0.3333333333333333
W1-H200-006,W1,200,40,thr6,3.0,6,True,True,0.3333333333333333
W1-H200-006,W1,200,160,buf4,3.0,6,True,True,0.3333333333333333
W1-H200-006,W1,200,160,buf8 (default),3.0,6,True,True,0.3333333333333333
W1-H200-006,W1,200,160,buf16,3.0,6,True,True,0.3333333333333333
W1-H200-006,W1,200,160,k3,3.0,3,True,True,0.3333333333333333
W1-H200-006,W1,200,160,k12,3.0,12,True,True,0.3333333333333333
W1-H200-006,W1,200,160,thr0,3.0,6,True,True,0.3333333333333333
W1-H200-006,W1,200,160,thr6,3.0,6,True,True,0.3333333333333333
W1-H200-007,W1,200,10,buf4,1.0,6,True,True,1.0
W1-H200-007,W1,200,10,buf8 (default),1.0,6,True,True,1.0
W1-H200-007,W1,200,10,buf16,1.0,6,True,True,1.0
W1-H200-007,W1,200,10,k3,1.0,3,True,True,1.0
W1-H200-007,W1,200,10,k12,1.0,12,True,True,1.0
W1-H200-007,W1,200,10,thr0,1.0,6,True,True,1.0
W1-H200-007,W1,200,10,thr6,1.0,6,True,True,1.0
W1-H200-007,W1,200,20,buf4,1.0,6,True,True,1.0
W1-H200-007,W1,200,20,buf8 (default),1.0,6,True,True,1.0
W1-H200-007,W1,200,20,buf16,1.0,6,True,True,1.0
W1-H200-007,W1,200,20,k3,1.0,3,True,True,1.0
W1-H200-007,W1,200,20,k12,1.0,12,True,True,1.0
W1-H200-007,W1,200,20,thr0,1.0,6,True,True,1.0
W1-H200-007,W1,200,20,thr6,1.0,6,True,True,1.0
W1-H200-007,W1,200,5,buf4,2.0,6,True,True,0.5
W1-H200-007,W1,200,5,buf8 (default),2.0,6,True,True,0.5
W1-H200-007,W1,200,5,buf16,2.0,6,True,True,0.5
W1-H200-007,W1,200,5,k3,2.0,3,True,True,0.5
W1-H200-007,W1,200,5,k12,2.0,12,True,True,0.5
W1-H200-007,W1,200,5,thr0,2.0,6,True,True,0.5
W1-H200-007,W1,200,5,thr6,2.0,6,True,True,0.5
W1-H200-007,W1,200,40,buf4,2.0,6,True,True,0.5
W1-H200-007,W1,200,40,buf8 (default),2.0,6,True,True,0.5
W1-H200-007,W1,200,40,buf16,2.0,6,True,True,0.5
W1-H200-007,W1,200,40,k3,2.0,3,True,True,0.5
W1-H200-007,W1,200,40,k12,2.0,12,True,True,0.5
W1-H200-007,W1,200,40,thr0,2.0,6,True,True,0.5
W1-H200-007,W1,200,40,thr6,2.0,6,True,True,0.5
W1-H200-007,W1,200,80,buf4,1.0,6,True,True,1.0
W1-H200-007,W1,200,80,buf8 (default),1.0,6,True,True,1.0
W1-H200-007,W1,200,80,buf16,1.0,6,True,True,1.0
W1-H200-007,W1,200,80,k3,1.0,3,True,True,1.0
W1-H200-007,W1,200,80,k12,1.0,12,True,True,1.0
W1-H200-007,W1,200,80,thr0,1.0,6,True,True,1.0
W1-H200-007,W1,200,80,thr6,1.0,6,True,True,1.0
W1-H200-007,W1,200,10,buf4,1.0,6,True,True,1.0
W1-H200-007,W1,200,10,buf8 (default),1.0,6,True,True,1.0
W1-H200-007,W1,200,10,buf16,1.0,6,True,True,1.0
W1-H200-007,W1,200,10,k3,1.0,3,True,True,1.0
W1-H200-007,W1,200,10,k12,1.0,12,True,True,1.0
W1-H200-007,W1,200,10,thr0,1.0,6,True,True,1.0
W1-H200-007,W1,200,10,thr6,1.0,6,True,True,1.0
W1-H200-007,W1,200,20,buf4,1.0,6,True,True,1.0
W1-H200-007,W1,200,20,buf8 (default),1.0,6,True,True,1.0
W1-H200-007,W1,200,20,buf16,1.0,6,True,True,1.0
W1-H200-007,W1,200,20,k3,3.0,3,True,True,0.3333333333333333
W1-H200-007,W1,200,20,k12,1.0,12,True,True,1.0
W1-H200-007,W1,200,20,thr0,1.0,6,True,True,1.0
W1-H200-007,W1,200,20,thr6,3.0,6,True,True,0.3333333333333333
W1-H200-007,W1,200,40,buf4,1.0,6,True,True,1.0
W1-H200-007,W1,200,40,buf8 (default),1.0,6,True,True,1.0
W1-H200-007,W1,200,40,buf16,1.0,6,True,True,1.0
W1-H200-007,W1,200,40,k3,1.0,3,True,True,1.0
W1-H200-007,W1,200,40,k12,1.0,12,True,True,1.0
W1-H200-007,W1,200,40,thr0,1.0,6,True,True,1.0
W1-H200-007,W1,200,40,thr6,1.0,6,True,True,1.0
W1-H200-007,W1,200,80,buf4,1.0,6,True,True,1.0
W1-H200-007,W1,200,80,buf8 (default),1.0,6,True,True,1.0
W1-H200-007,W1,200,80,buf16,1.0,6,True,True,1.0
W1-H200-007,W1,200,80,k3,1.0,3,True,True,1.0
W1-H200-007,W1,200,80,k12,1.0,12,True,True,1.0
W1-H200-007,W1,200,80,thr0,1.0,6,True,True,1.0
W1-H200-007,W1,200,80,thr6,1.0,6,True,True,1.0
W1-H200-007,W1,200,5,buf4,2.0,6,True,True,0.5
W1-H200-007,W1,200,5,buf8 (default),2.0,6,True,True,0.5
W1-H200-007,W1,200,5,buf16,2.0,6,True,True,0.5
W1-H200-007,W1,200,5,k3,2.0,3,True,True,0.5
W1-H200-007,W1,200,5,k12,2.0,12,True,True,0.5
W1-H200-007,W1,200,5,thr0,2.0,6,True,True,0.5
W1-H200-007,W1,200,5,thr6,2.0,6,True,True,0.5
W1-H200-007,W1,200,160,buf4,2.0,6,True,True,0.5
W1-H200-007,W1,200,160,buf8 (default),2.0,6,True,True,0.5
W1-H200-007,W1,200,160,buf16,2.0,6,True,True,0.5
W1-H200-007,W1,200,160,k3,2.0,3,True,True,0.5
W1-H200-007,W1,200,160,k12,2.0,12,True,True,0.5
W1-H200-007,W1,200,160,thr0,2.0,6,True,True,0.5
W1-H200-007,W1,200,160,thr6,2.0,6,True,True,0.5
W1-H200-007,W1,200,160,buf4,2.0,6,True,True,0.5
W1-H200-007,W1,200,160,buf8 (default),2.0,6,True,True,0.5
W1-H200-007,W1,200,160,buf16,2.0,6,True,True,0.5
W1-H200-007,W1,200,160,k3,2.0,3,True,True,0.5
W1-H200-007,W1,200,160,k12,2.0,12,True,True,0.5
W1-H200-007,W1,200,160,thr0,2.0,6,True,True,0.5
W1-H200-007,W1,200,160,thr6,2.0,6,True,True,0.5
W1-H200-008,W1,200,5,buf4,1.0,6,True,True,1.0
W1-H200-008,W1,200,5,buf8 (default),1.0,6,True,True,1.0
W1-H200-008,W1,200,5,buf16,1.0,6,True,True,1.0
W1-H200-008,W1,200,5,k3,1.0,3,True,True,1.0
W1-H200-008,W1,200,5,k12,1.0,12,True,True,1.0
W1-H200-008,W1,200,5,thr0,1.0,6,True,True,1.0
W1-H200-008,W1,200,5,thr6,1.0,6,True,True,1.0
W1-H200-008,W1,200,20,buf4,1.0,6,True,True,1.0
W1-H200-008,W1,200,20,buf8 (default),1.0,6,True,True,1.0
W1-H200-008,W1,200,20,buf16,1.0,6,True,True,1.0
W1-H200-008,W1,200,20,k3,1.0,3,True,True,1.0
W1-H200-008,W1,200,20,k12,1.0,12,True,True,1.0
W1-H200-008,W1,200,20,thr0,1.0,6,True,True,1.0
W1-H200-008,W1,200,20,thr6,1.0,6,True,True,1.0
W1-H200-008,W1,200,10,buf4,2.0,6,True,True,0.5
W1-H200-008,W1,200,10,buf8 (default),2.0,6,True,True,0.5
W1-H200-008,W1,200,10,buf16,2.0,6,True,True,0.5
W1-H200-008,W1,200,10,k3,2.0,3,True,True,0.5
W1-H200-008,W1,200,10,k12,2.0,12,True,True,0.5
W1-H200-008,W1,200,10,thr0,2.0,6,True,True,0.5
W1-H200-008,W1,200,10,thr6,2.0,6,True,True,0.5
W1-H200-008,W1,200,40,buf4,1.0,6,True,True,1.0
W1-H200-008,W1,200,40,buf8 (default),1.0,6,True,True,1.0
W1-H200-008,W1,200,40,buf16,1.0,6,True,True,1.0
W1-H200-008,W1,200,40,k3,1.0,3,True,True,1.0
W1-H200-008,W1,200,40,k12,1.0,12,True,True,1.0
W1-H200-008,W1,200,40,thr0,1.0,6,True,True,1.0
W1-H200-008,W1,200,40,thr6,1.0,6,True,True,1.0
W1-H200-008,W1,200,80,buf4,1.0,6,True,True,1.0
W1-H200-008,W1,200,80,buf8 (default),1.0,6,True,True,1.0
W1-H200-008,W1,200,80,buf16,1.0,6,True,True,1.0
W1-H200-008,W1,200,80,k3,1.0,3,True,True,1.0
W1-H200-008,W1,200,80,k12,1.0,12,True,True,1.0
W1-H200-008,W1,200,80,thr0,1.0,6,True,True,1.0
W1-H200-008,W1,200,80,thr6,1.0,6,True,True,1.0
W1-H200-008,W1,200,80,buf4,2.0,6,True,True,0.5
W1-H200-008,W1,200,80,buf8 (default),2.0,6,True,True,0.5
W1-H200-008,W1,200,80,buf16,2.0,6,True,True,0.5
W1-H200-008,W1,200,80,k3,2.0,3,True,True,0.5
W1-H200-008,W1,200,80,k12,2.0,12,True,True,0.5
W1-H200-008,W1,200,80,thr0,2.0,6,True,True,0.5
W1-H200-008,W1,200,80,thr6,2.0,6,True,True,0.5
W1-H200-008,W1,200,20,buf4,2.0,6,True,True,0.5
W1-H200-008,W1,200,20,buf8 (default),2.0,6,True,True,0.5
W1-H200-008,W1,200,20,buf16,2.0,6,True,True,0.5
W1-H200-008,W1,200,20,k3,2.0,3,True,True,0.5
W1-H200-008,W1,200,20,k12,2.0,12,True,True,0.5
W1-H200-008,W1,200,20,thr0,2.0,6,True,True,0.5
W1-H200-008,W1,200,20,thr6,2.0,6,True,True,0.5
W1-H200-008,W1,200,5,buf4,1.0,6,True,True,1.0
W1-H200-008,W1,200,5,buf8 (default),1.0,6,True,True,1.0
W1-H200-008,W1,200,5,buf16,1.0,6,True,True,1.0
W1-H200-008,W1,200,5,k3,1.0,3,True,True,1.0
W1-H200-008,W1,200,5,k12,1.0,12,True,True,1.0
W1-H200-008,W1,200,5,thr0,1.0,6,True,True,1.0
W1-H200-008,W1,200,5,thr6,1.0,6,True,True,1.0
W1-H200-008,W1,200,160,buf4,1.0,6,True,True,1.0
W1-H200-008,W1,200,160,buf8 (default),1.0,6,True,True,1.0
W1-H200-008,W1,200,160,buf16,1.0,6,True,True,1.0
W1-H200-008,W1,200,160,k3,1.0,3,True,True,1.0
W1-H200-008,W1,200,160,k12,1.0,12,True,True,1.0
W1-H200-008,W1,200,160,thr0,1.0,6,True,True,1.0
W1-H200-008,W1,200,160,thr6,1.0,6,True,True,1.0
W1-H200-008,W1,200,160,buf4,1.0,6,True,True,1.0
W1-H200-008,W1,200,160,buf8 (default),1.0,6,True,True,1.0
W1-H200-008,W1,200,160,buf16,1.0,6,True,True,1.0
W1-H200-008,W1,200,160,k3,1.0,3,True,True,1.0
W1-H200-008,W1,200,160,k12,1.0,12,True,True,1.0
W1-H200-008,W1,200,160,thr0,1.0,6,True,True,1.0
W1-H200-008,W1,200,160,thr6,2.0,6,True,True,0.5
W1-H200-008,W1,200,40,buf4,1.0,6,True,True,1.0
W1-H200-008,W1,200,40,buf8 (default),1.0,6,True,True,1.0
W1-H200-008,W1,200,40,buf16,1.0,6,True,True,1.0
W1-H200-008,W1,200,40,k3,1.0,3,True,True,1.0
W1-H200-008,W1,200,40,k12,1.0,12,True,True,1.0
W1-H200-008,W1,200,40,thr0,1.0,6,True,True,1.0
W1-H200-008,W1,200,40,thr6,1.0,6,True,True,1.0
W1-H200-008,W1,200,10,buf4,3.0,6,True,True,0.3333333333333333
W1-H200-008,W1,200,10,buf8 (default),3.0,6,True,True,0.3333333333333333
W1-H200-008,W1,200,10,buf16,3.0,6,True,True,0.3333333333333333
W1-H200-008,W1,200,10,k3,3.0,3,True,True,0.3333333333333333
W1-H200-008,W1,200,10,k12,3.0,12,True,True,0.3333333333333333
W1-H200-008,W1,200,10,thr0,3.0,6,True,True,0.3333333333333333
W1-H200-008,W1,200,10,thr6,3.0,6,True,True,0.3333333333333333
W1-H200-009,W1,200,5,buf4,1.0,6,True,True,1.0
W1-H200-009,W1,200,5,buf8 (default),1.0,6,True,True,1.0
W1-H200-009,W1,200,5,buf16,1.0,6,True,True,1.0
W1-H200-009,W1,200,5,k3,1.0,3,True,True,1.0
W1-H200-009,W1,200,5,k12,1.0,12,True,True,1.0
W1-H200-009,W1,200,5,thr0,1.0,6,True,True,1.0
W1-H200-009,W1,200,5,thr6,1.0,6,True,True,1.0
W1-H200-009,W1,200,20,buf4,1.0,6,True,True,1.0
W1-H200-009,W1,200,20,buf8 (default),1.0,6,True,True,1.0
W1-H200-009,W1,200,20,buf16,1.0,6,True,True,1.0
W1-H200-009,W1,200,20,k3,1.0,3,True,True,1.0
W1-H200-009,W1,200,20,k12,1.0,12,True,True,1.0
W1-H200-009,W1,200,20,thr0,1.0,6,True,True,1.0
W1-H200-009,W1,200,20,thr6,1.0,6,True,True,1.0
W1-H200-009,W1,200,20,buf4,1.0,6,True,True,1.0
W1-H200-009,W1,200,20,buf8 (default),1.0,6,True,True,1.0
W1-H200-009,W1,200,20,buf16,1.0,6,True,True,1.0
W1-H200-009,W1,200,20,k3,,3,False,True,0.0
W1-H200-009,W1,200,20,k12,1.0,12,True,True,1.0
W1-H200-009,W1,200,20,thr0,1.0,6,True,True,1.0
W1-H200-009,W1,200,20,thr6,4.0,6,True,True,0.25
W1-H200-009,W1,200,10,buf4,1.0,6,True,True,1.0
W1-H200-009,W1,200,10,buf8 (default),1.0,6,True,True,1.0
W1-H200-009,W1,200,10,buf16,1.0,6,True,True,1.0
W1-H200-009,W1,200,10,k3,1.0,3,True,True,1.0
W1-H200-009,W1,200,10,k12,1.0,12,True,True,1.0
W1-H200-009,W1,200,10,thr0,1.0,6,True,True,1.0
W1-H200-009,W1,200,10,thr6,1.0,6,True,True,1.0
W1-H200-009,W1,200,80,buf4,1.0,6,True,True,1.0
W1-H200-009,W1,200,80,buf8 (default),1.0,6,True,True,1.0
W1-H200-009,W1,200,80,buf16,1.0,6,True,True,1.0
W1-H200-009,W1,200,80,k3,1.0,3,True,True,1.0
W1-H200-009,W1,200,80,k12,1.0,12,True,True,1.0
W1-H200-009,W1,200,80,thr0,1.0,6,True,True,1.0
W1-H200-009,W1,200,80,thr6,1.0,6,True,True,1.0
W1-H200-009,W1,200,10,buf4,1.0,6,True,True,1.0
W1-H200-009,W1,200,10,buf8 (default),1.0,6,True,True,1.0
W1-H200-009,W1,200,10,buf16,1.0,6,True,True,1.0
W1-H200-009,W1,200,10,k3,1.0,3,True,True,1.0
W1-H200-009,W1,200,10,k12,1.0,12,True,True,1.0
W1-H200-009,W1,200,10,thr0,1.0,6,True,True,1.0
W1-H200-009,W1,200,10,thr6,1.0,6,True,True,1.0
W1-H200-009,W1,200,40,buf4,1.0,6,True,True,1.0
W1-H200-009,W1,200,40,buf8 (default),1.0,6,True,True,1.0
W1-H200-009,W1,200,40,buf16,1.0,6,True,True,1.0
W1-H200-009,W1,200,40,k3,1.0,3,True,True,1.0
W1-H200-009,W1,200,40,k12,1.0,12,True,True,1.0
W1-H200-009,W1,200,40,thr0,1.0,6,True,True,1.0
W1-H200-009,W1,200,40,thr6,1.0,6,True,True,1.0
W1-H200-009,W1,200,160,buf4,1.0,6,True,True,1.0
W1-H200-009,W1,200,160,buf8 (default),1.0,6,True,True,1.0
W1-H200-009,W1,200,160,buf16,1.0,6,True,True,1.0
W1-H200-009,W1,200,160,k3,1.0,3,True,True,1.0
W1-H200-009,W1,200,160,k12,1.0,12,True,True,1.0
W1-H200-009,W1,200,160,thr0,1.0,6,True,True,1.0
W1-H200-009,W1,200,160,thr6,1.0,6,True,True,1.0
W1-H200-009,W1,200,40,buf4,1.0,6,True,True,1.0
W1-H200-009,W1,200,40,buf8 (default),1.0,6,True,True,1.0
W1-H200-009,W1,200,40,buf16,1.0,6,True,True,1.0
W1-H200-009,W1,200,40,k3,1.0,3,True,True,1.0
W1-H200-009,W1,200,40,k12,1.0,12,True,True,1.0
W1-H200-009,W1,200,40,thr0,1.0,6,True,True,1.0
W1-H200-009,W1,200,40,thr6,1.0,6,True,True,1.0
W1-H200-009,W1,200,160,buf4,1.0,6,True,True,1.0
W1-H200-009,W1,200,160,buf8 (default),1.0,6,True,True,1.0
W1-H200-009,W1,200,160,buf16,1.0,6,True,True,1.0
W1-H200-009,W1,200,160,k3,,3,False,True,0.0
W1-H200-009,W1,200,160,k12,1.0,12,True,True,1.0
W1-H200-009,W1,200,160,thr0,1.0,6,True,True,1.0
W1-H200-009,W1,200,160,thr6,1.0,6,True,True,1.0
W1-H200-009,W1,200,5,buf4,1.0,6,True,True,1.0
W1-H200-009,W1,200,5,buf8 (default),1.0,6,True,True,1.0
W1-H200-009,W1,200,5,buf16,1.0,6,True,True,1.0
W1-H200-009,W1,200,5,k3,1.0,3,True,True,1.0
W1-H200-009,W1,200,5,k12,1.0,12,True,True,1.0
W1-H200-009,W1,200,5,thr0,1.0,6,True,True,1.0
W1-H200-009,W1,200,5,thr6,1.0,6,True,True,1.0
W1-H200-009,W1,200,80,buf4,1.0,6,True,True,1.0
W1-H200-009,W1,200,80,buf8 (default),1.0,6,True,True,1.0
W1-H200-009,W1,200,80,buf16,1.0,6,True,True,1.0
W1-H200-009,W1,200,80,k3,1.0,3,True,True,1.0
W1-H200-009,W1,200,80,k12,1.0,12,True,True,1.0
W1-H200-009,W1,200,80,thr0,1.0,6,True,True,1.0
W1-H200-009,W1,200,80,thr6,1.0,6,True,True,1.0
W2a-H100-000,W2a,100,10,buf4,1.0,6,True,True,1.0
W2a-H100-000,W2a,100,10,buf8 (default),1.0,6,True,True,1.0
W2a-H100-000,W2a,100,10,buf16,1.0,6,True,True,1.0
W2a-H100-000,W2a,100,10,k3,1.0,3,True,True,1.0
W2a-H100-000,W2a,100,10,k12,1.0,12,True,True,1.0
W2a-H100-000,W2a,100,10,thr0,1.0,6,True,True,1.0
W2a-H100-000,W2a,100,10,thr6,1.0,6,True,True,1.0
W2a-H100-000,W2a,100,20,buf4,1.0,6,True,True,1.0
W2a-H100-000,W2a,100,20,buf8 (default),1.0,6,True,True,1.0
W2a-H100-000,W2a,100,20,buf16,1.0,6,True,True,1.0
W2a-H100-000,W2a,100,20,k3,1.0,3,True,True,1.0
W2a-H100-000,W2a,100,20,k12,1.0,12,True,True,1.0
W2a-H100-000,W2a,100,20,thr0,1.0,6,True,True,1.0
W2a-H100-000,W2a,100,20,thr6,1.0,6,True,True,1.0
W2a-H100-000,W2a,100,10,buf4,1.0,6,True,True,1.0
W2a-H100-000,W2a,100,10,buf8 (default),1.0,6,True,True,1.0
W2a-H100-000,W2a,100,10,buf16,1.0,6,True,True,1.0
W2a-H100-000,W2a,100,10,k3,1.0,3,True,True,1.0
W2a-H100-000,W2a,100,10,k12,1.0,12,True,True,1.0
W2a-H100-000,W2a,100,10,thr0,1.0,6,True,True,1.0
W2a-H100-000,W2a,100,10,thr6,1.0,6,True,True,1.0
W2a-H100-000,W2a,100,40,buf4,1.0,6,True,True,1.0
W2a-H100-000,W2a,100,40,buf8 (default),1.0,6,True,True,1.0
W2a-H100-000,W2a,100,40,buf16,1.0,6,True,True,1.0
W2a-H100-000,W2a,100,40,k3,1.0,3,True,True,1.0
W2a-H100-000,W2a,100,40,k12,1.0,12,True,True,1.0
W2a-H100-000,W2a,100,40,thr0,1.0,6,True,True,1.0
W2a-H100-000,W2a,100,40,thr6,1.0,6,True,True,1.0
W2a-H100-000,W2a,100,5,buf4,1.0,6,True,True,1.0
W2a-H100-000,W2a,100,5,buf8 (default),1.0,6,True,True,1.0
W2a-H100-000,W2a,100,5,buf16,1.0,6,True,True,1.0
W2a-H100-000,W2a,100,5,k3,1.0,3,True,True,1.0
W2a-H100-000,W2a,100,5,k12,1.0,12,True,True,1.0
W2a-H100-000,W2a,100,5,thr0,1.0,6,True,True,1.0
W2a-H100-000,W2a,100,5,thr6,1.0,6,True,True,1.0
W2a-H100-000,W2a,100,5,buf4,1.0,6,True,True,1.0
W2a-H100-000,W2a,100,5,buf8 (default),1.0,6,True,True,1.0
W2a-H100-000,W2a,100,5,buf16,1.0,6,True,True,1.0
W2a-H100-000,W2a,100,5,k3,2.0,3,True,True,0.5
W2a-H100-000,W2a,100,5,k12,1.0,12,True,True,1.0
W2a-H100-000,W2a,100,5,thr0,1.0,6,True,True,1.0
W2a-H100-000,W2a,100,5,thr6,1.0,6,True,True,1.0
W2a-H100-000,W2a,100,20,buf4,1.0,6,True,True,1.0
W2a-H100-000,W2a,100,20,buf8 (default),1.0,6,True,True,1.0
W2a-H100-000,W2a,100,20,buf16,1.0,6,True,True,1.0
W2a-H100-000,W2a,100,20,k3,1.0,3,True,True,1.0
W2a-H100-000,W2a,100,20,k12,1.0,12,True,True,1.0
W2a-H100-000,W2a,100,20,thr0,1.0,6,True,True,1.0
W2a-H100-000,W2a,100,20,thr6,1.0,6,True,True,1.0
W2a-H100-000,W2a,100,40,buf4,1.0,6,True,True,1.0
W2a-H100-000,W2a,100,40,buf8 (default),1.0,6,True,True,1.0
W2a-H100-000,W2a,100,40,buf16,1.0,6,True,True,1.0
W2a-H100-000,W2a,100,40,k3,3.0,3,True,True,0.3333333333333333
W2a-H100-000,W2a,100,40,k12,1.0,12,True,True,1.0
W2a-H100-000,W2a,100,40,thr0,1.0,6,True,True,1.0
W2a-H100-000,W2a,100,40,thr6,3.0,6,True,True,0.3333333333333333
W2a-H100-000,W2a,100,80,buf4,1.0,6,True,True,1.0
W2a-H100-000,W2a,100,80,buf8 (default),1.0,6,True,True,1.0
W2a-H100-000,W2a,100,80,buf16,1.0,6,True,True,1.0
W2a-H100-000,W2a,100,80,k3,1.0,3,True,True,1.0
W2a-H100-000,W2a,100,80,k12,1.0,12,True,True,1.0
W2a-H100-000,W2a,100,80,thr0,1.0,6,True,True,1.0
W2a-H100-000,W2a,100,80,thr6,1.0,6,True,True,1.0
W2a-H100-000,W2a,100,80,buf4,1.0,6,True,True,1.0
W2a-H100-000,W2a,100,80,buf8 (default),1.0,6,True,True,1.0
W2a-H100-000,W2a,100,80,buf16,1.0,6,True,True,1.0
W2a-H100-000,W2a,100,80,k3,1.0,3,True,True,1.0
W2a-H100-000,W2a,100,80,k12,1.0,12,True,True,1.0
W2a-H100-000,W2a,100,80,thr0,1.0,6,True,True,1.0
W2a-H100-000,W2a,100,80,thr6,1.0,6,True,True,1.0
W2a-H100-001,W2a,100,5,buf4,1.0,6,True,True,1.0
W2a-H100-001,W2a,100,5,buf8 (default),1.0,6,True,True,1.0
W2a-H100-001,W2a,100,5,buf16,1.0,6,True,True,1.0
W2a-H100-001,W2a,100,5,k3,1.0,3,True,True,1.0
W2a-H100-001,W2a,100,5,k12,1.0,12,True,True,1.0
W2a-H100-001,W2a,100,5,thr0,1.0,6,True,True,1.0
W2a-H100-001,W2a,100,5,thr6,1.0,6,True,True,1.0
W2a-H100-001,W2a,100,20,buf4,1.0,6,True,True,1.0
W2a-H100-001,W2a,100,20,buf8 (default),1.0,6,True,True,1.0
W2a-H100-001,W2a,100,20,buf16,1.0,6,True,True,1.0
W2a-H100-001,W2a,100,20,k3,1.0,3,True,True,1.0
W2a-H100-001,W2a,100,20,k12,1.0,12,True,True,1.0
W2a-H100-001,W2a,100,20,thr0,1.0,6,True,True,1.0
W2a-H100-001,W2a,100,20,thr6,1.0,6,True,True,1.0
W2a-H100-001,W2a,100,10,buf4,1.0,6,True,True,1.0
W2a-H100-001,W2a,100,10,buf8 (default),1.0,6,True,True,1.0
W2a-H100-001,W2a,100,10,buf16,1.0,6,True,True,1.0
W2a-H100-001,W2a,100,10,k3,1.0,3,True,True,1.0
W2a-H100-001,W2a,100,10,k12,1.0,12,True,True,1.0
W2a-H100-001,W2a,100,10,thr0,1.0,6,True,True,1.0
W2a-H100-001,W2a,100,10,thr6,1.0,6,True,True,1.0
W2a-H100-001,W2a,100,5,buf4,1.0,6,True,True,1.0
W2a-H100-001,W2a,100,5,buf8 (default),1.0,6,True,True,1.0
W2a-H100-001,W2a,100,5,buf16,1.0,6,True,True,1.0
W2a-H100-001,W2a,100,5,k3,1.0,3,True,True,1.0
W2a-H100-001,W2a,100,5,k12,1.0,12,True,True,1.0
W2a-H100-001,W2a,100,5,thr0,1.0,6,True,True,1.0
W2a-H100-001,W2a,100,5,thr6,1.0,6,True,True,1.0
W2a-H100-001,W2a,100,10,buf4,1.0,6,True,True,1.0
W2a-H100-001,W2a,100,10,buf8 (default),1.0,6,True,True,1.0
W2a-H100-001,W2a,100,10,buf16,1.0,6,True,True,1.0
W2a-H100-001,W2a,100,10,k3,1.0,3,True,True,1.0
W2a-H100-001,W2a,100,10,k12,1.0,12,True,True,1.0
W2a-H100-001,W2a,100,10,thr0,1.0,6,True,True,1.0
W2a-H100-001,W2a,100,10,thr6,1.0,6,True,True,1.0
W2a-H100-001,W2a,100,40,buf4,1.0,6,True,True,1.0
W2a-H100-001,W2a,100,40,buf8 (default),1.0,6,True,True,1.0
W2a-H100-001,W2a,100,40,buf16,1.0,6,True,True,1.0
W2a-H100-001,W2a,100,40,k3,1.0,3,True,True,1.0
W2a-H100-001,W2a,100,40,k12,1.0,12,True,True,1.0
W2a-H100-001,W2a,100,40,thr0,1.0,6,True,True,1.0
W2a-H100-001,W2a,100,40,thr6,1.0,6,True,True,1.0
W2a-H100-001,W2a,100,20,buf4,1.0,6,True,True,1.0
W2a-H100-001,W2a,100,20,buf8 (default),1.0,6,True,True,1.0
W2a-H100-001,W2a,100,20,buf16,1.0,6,True,True,1.0
W2a-H100-001,W2a,100,20,k3,1.0,3,True,True,1.0
W2a-H100-001,W2a,100,20,k12,1.0,12,True,True,1.0
W2a-H100-001,W2a,100,20,thr0,1.0,6,True,True,1.0
W2a-H100-001,W2a,100,20,thr6,1.0,6,True,True,1.0
W2a-H100-001,W2a,100,80,buf4,1.0,6,True,True,1.0
W2a-H100-001,W2a,100,80,buf8 (default),1.0,6,True,True,1.0
W2a-H100-001,W2a,100,80,buf16,1.0,6,True,True,1.0
W2a-H100-001,W2a,100,80,k3,1.0,3,True,True,1.0
W2a-H100-001,W2a,100,80,k12,1.0,12,True,True,1.0
W2a-H100-001,W2a,100,80,thr0,1.0,6,True,True,1.0
W2a-H100-001,W2a,100,80,thr6,1.0,6,True,True,1.0
W2a-H100-001,W2a,100,80,buf4,1.0,6,True,True,1.0
W2a-H100-001,W2a,100,80,buf8 (default),1.0,6,True,True,1.0
W2a-H100-001,W2a,100,80,buf16,1.0,6,True,True,1.0
W2a-H100-001,W2a,100,80,k3,1.0,3,True,True,1.0
W2a-H100-001,W2a,100,80,k12,1.0,12,True,True,1.0
W2a-H100-001,W2a,100,80,thr0,1.0,6,True,True,1.0
W2a-H100-001,W2a,100,80,thr6,1.0,6,True,True,1.0
W2a-H100-001,W2a,100,40,buf4,1.0,6,True,True,1.0
W2a-H100-001,W2a,100,40,buf8 (default),1.0,6,True,True,1.0
W2a-H100-001,W2a,100,40,buf16,1.0,6,True,True,1.0
W2a-H100-001,W2a,100,40,k3,1.0,3,True,True,1.0
W2a-H100-001,W2a,100,40,k12,1.0,12,True,True,1.0
W2a-H100-001,W2a,100,40,thr0,1.0,6,True,True,1.0
W2a-H100-001,W2a,100,40,thr6,1.0,6,True,True,1.0
W2a-H100-002,W2a,100,5,buf4,1.0,6,True,True,1.0
W2a-H100-002,W2a,100,5,buf8 (default),1.0,6,True,True,1.0
W2a-H100-002,W2a,100,5,buf16,1.0,6,True,True,1.0
W2a-H100-002,W2a,100,5,k3,1.0,3,True,True,1.0
W2a-H100-002,W2a,100,5,k12,1.0,12,True,True,1.0
W2a-H100-002,W2a,100,5,thr0,1.0,6,True,True,1.0
W2a-H100-002,W2a,100,5,thr6,1.0,6,True,True,1.0
W2a-H100-002,W2a,100,20,buf4,3.0,6,True,True,0.3333333333333333
W2a-H100-002,W2a,100,20,buf8 (default),3.0,6,True,True,0.3333333333333333
W2a-H100-002,W2a,100,20,buf16,3.0,6,True,True,0.3333333333333333
W2a-H100-002,W2a,100,20,k3,3.0,3,True,True,0.3333333333333333
W2a-H100-002,W2a,100,20,k12,3.0,12,True,True,0.3333333333333333
W2a-H100-002,W2a,100,20,thr0,1.0,6,True,True,1.0
W2a-H100-002,W2a,100,20,thr6,3.0,6,True,True,0.3333333333333333
W2a-H100-002,W2a,100,5,buf4,1.0,6,True,True,1.0
W2a-H100-002,W2a,100,5,buf8 (default),1.0,6,True,True,1.0
W2a-H100-002,W2a,100,5,buf16,1.0,6,True,True,1.0
W2a-H100-002,W2a,100,5,k3,1.0,3,True,True,1.0
W2a-H100-002,W2a,100,5,k12,1.0,12,True,True,1.0
W2a-H100-002,W2a,100,5,thr0,1.0,6,True,True,1.0
W2a-H100-002,W2a,100,5,thr6,1.0,6,True,True,1.0
W2a-H100-002,W2a,100,40,buf4,1.0,6,True,True,1.0
W2a-H100-002,W2a,100,40,buf8 (default),1.0,6,True,True,1.0
W2a-H100-002,W2a,100,40,buf16,1.0,6,True,True,1.0
W2a-H100-002,W2a,100,40,k3,1.0,3,True,True,1.0
W2a-H100-002,W2a,100,40,k12,1.0,12,True,True,1.0
W2a-H100-002,W2a,100,40,thr0,1.0,6,True,True,1.0
W2a-H100-002,W2a,100,40,thr6,1.0,6,True,True,1.0
W2a-H100-002,W2a,100,10,buf4,2.0,6,True,True,0.5
W2a-H100-002,W2a,100,10,buf8 (default),2.0,6,True,True,0.5
W2a-H100-002,W2a,100,10,buf16,2.0,6,True,True,0.5
W2a-H100-002,W2a,100,10,k3,2.0,3,True,True,0.5
W2a-H100-002,W2a,100,10,k12,2.0,12,True,True,0.5
W2a-H100-002,W2a,100,10,thr0,2.0,6,True,True,0.5
W2a-H100-002,W2a,100,10,thr6,2.0,6,True,True,0.5
W2a-H100-002,W2a,100,40,buf4,3.0,6,True,True,0.3333333333333333
W2a-H100-002,W2a,100,40,buf8 (default),3.0,6,True,True,0.3333333333333333
W2a-H100-002,W2a,100,40,buf16,3.0,6,True,True,0.3333333333333333
W2a-H100-002,W2a,100,40,k3,3.0,3,True,True,0.3333333333333333
W2a-H100-002,W2a,100,40,k12,3.0,12,True,True,0.3333333333333333
W2a-H100-002,W2a,100,40,thr0,3.0,6,True,True,0.3333333333333333
W2a-H100-002,W2a,100,40,thr6,3.0,6,True,True,0.3333333333333333
W2a-H100-002,W2a,100,20,buf4,1.0,6,True,True,1.0
W2a-H100-002,W2a,100,20,buf8 (default),1.0,6,True,True,1.0
W2a-H100-002,W2a,100,20,buf16,1.0,6,True,True,1.0
W2a-H100-002,W2a,100,20,k3,1.0,3,True,True,1.0
W2a-H100-002,W2a,100,20,k12,1.0,12,True,True,1.0
W2a-H100-002,W2a,100,20,thr0,1.0,6,True,True,1.0
W2a-H100-002,W2a,100,20,thr6,1.0,6,True,True,1.0
W2a-H100-002,W2a,100,10,buf4,1.0,6,True,True,1.0
W2a-H100-002,W2a,100,10,buf8 (default),1.0,6,True,True,1.0
W2a-H100-002,W2a,100,10,buf16,1.0,6,True,True,1.0
W2a-H100-002,W2a,100,10,k3,1.0,3,True,True,1.0
W2a-H100-002,W2a,100,10,k12,1.0,12,True,True,1.0
W2a-H100-002,W2a,100,10,thr0,1.0,6,True,True,1.0
W2a-H100-002,W2a,100,10,thr6,1.0,6,True,True,1.0
W2a-H100-002,W2a,100,80,buf4,1.0,6,True,True,1.0
W2a-H100-002,W2a,100,80,buf8 (default),1.0,6,True,True,1.0
W2a-H100-002,W2a,100,80,buf16,1.0,6,True,True,1.0
W2a-H100-002,W2a,100,80,k3,1.0,3,True,True,1.0
W2a-H100-002,W2a,100,80,k12,1.0,12,True,True,1.0
W2a-H100-002,W2a,100,80,thr0,1.0,6,True,True,1.0
W2a-H100-002,W2a,100,80,thr6,3.0,6,True,True,0.3333333333333333
W2a-H100-002,W2a,100,80,buf4,1.0,6,True,True,1.0
W2a-H100-002,W2a,100,80,buf8 (default),1.0,6,True,True,1.0
W2a-H100-002,W2a,100,80,buf16,1.0,6,True,True,1.0
W2a-H100-002,W2a,100,80,k3,1.0,3,True,True,1.0
W2a-H100-002,W2a,100,80,k12,1.0,12,True,True,1.0
W2a-H100-002,W2a,100,80,thr0,1.0,6,True,True,1.0
W2a-H100-002,W2a,100,80,thr6,1.0,6,True,True,1.0
W2a-H100-003,W2a,100,10,buf4,1.0,6,True,True,1.0
W2a-H100-003,W2a,100,10,buf8 (default),1.0,6,True,True,1.0
W2a-H100-003,W2a,100,10,buf16,1.0,6,True,True,1.0
W2a-H100-003,W2a,100,10,k3,1.0,3,True,True,1.0
W2a-H100-003,W2a,100,10,k12,1.0,12,True,True,1.0
W2a-H100-003,W2a,100,10,thr0,1.0,6,True,True,1.0
W2a-H100-003,W2a,100,10,thr6,1.0,6,True,True,1.0
W2a-H100-003,W2a,100,20,buf4,1.0,6,True,True,1.0
W2a-H100-003,W2a,100,20,buf8 (default),1.0,6,True,True,1.0
W2a-H100-003,W2a,100,20,buf16,1.0,6,True,True,1.0
W2a-H100-003,W2a,100,20,k3,1.0,3,True,True,1.0
W2a-H100-003,W2a,100,20,k12,1.0,12,True,True,1.0
W2a-H100-003,W2a,100,20,thr0,1.0,6,True,True,1.0
W2a-H100-003,W2a,100,20,thr6,1.0,6,True,True,1.0
W2a-H100-003,W2a,100,20,buf4,1.0,6,True,True,1.0
W2a-H100-003,W2a,100,20,buf8 (default),1.0,6,True,True,1.0
W2a-H100-003,W2a,100,20,buf16,1.0,6,True,True,1.0
W2a-H100-003,W2a,100,20,k3,1.0,3,True,True,1.0
W2a-H100-003,W2a,100,20,k12,1.0,12,True,True,1.0
W2a-H100-003,W2a,100,20,thr0,1.0,6,True,True,1.0
W2a-H100-003,W2a,100,20,thr6,1.0,6,True,True,1.0
W2a-H100-003,W2a,100,5,buf4,1.0,6,True,True,1.0
W2a-H100-003,W2a,100,5,buf8 (default),1.0,6,True,True,1.0
W2a-H100-003,W2a,100,5,buf16,1.0,6,True,True,1.0
W2a-H100-003,W2a,100,5,k3,1.0,3,True,True,1.0
W2a-H100-003,W2a,100,5,k12,1.0,12,True,True,1.0
W2a-H100-003,W2a,100,5,thr0,1.0,6,True,True,1.0
W2a-H100-003,W2a,100,5,thr6,1.0,6,True,True,1.0
W2a-H100-003,W2a,100,10,buf4,1.0,6,True,True,1.0
W2a-H100-003,W2a,100,10,buf8 (default),1.0,6,True,True,1.0
W2a-H100-003,W2a,100,10,buf16,1.0,6,True,True,1.0
W2a-H100-003,W2a,100,10,k3,2.0,3,True,True,0.5
W2a-H100-003,W2a,100,10,k12,1.0,12,True,True,1.0
W2a-H100-003,W2a,100,10,thr0,1.0,6,True,True,1.0
W2a-H100-003,W2a,100,10,thr6,2.0,6,True,True,0.5
W2a-H100-003,W2a,100,80,buf4,1.0,6,True,True,1.0
W2a-H100-003,W2a,100,80,buf8 (default),1.0,6,True,True,1.0
W2a-H100-003,W2a,100,80,buf16,1.0,6,True,True,1.0
W2a-H100-003,W2a,100,80,k3,1.0,3,True,True,1.0
W2a-H100-003,W2a,100,80,k12,1.0,12,True,True,1.0
W2a-H100-003,W2a,100,80,thr0,1.0,6,True,True,1.0
W2a-H100-003,W2a,100,80,thr6,1.0,6,True,True,1.0
W2a-H100-003,W2a,100,40,buf4,1.0,6,True,True,1.0
W2a-H100-003,W2a,100,40,buf8 (default),1.0,6,True,True,1.0
W2a-H100-003,W2a,100,40,buf16,1.0,6,True,True,1.0
W2a-H100-003,W2a,100,40,k3,3.0,3,True,True,0.3333333333333333
W2a-H100-003,W2a,100,40,k12,1.0,12,True,True,1.0
W2a-H100-003,W2a,100,40,thr0,1.0,6,True,True,1.0
W2a-H100-003,W2a,100,40,thr6,3.0,6,True,True,0.3333333333333333
W2a-H100-003,W2a,100,80,buf4,1.0,6,True,True,1.0
W2a-H100-003,W2a,100,80,buf8 (default),1.0,6,True,True,1.0
W2a-H100-003,W2a,100,80,buf16,1.0,6,True,True,1.0
W2a-H100-003,W2a,100,80,k3,1.0,3,True,True,1.0
W2a-H100-003,W2a,100,80,k12,1.0,12,True,True,1.0
W2a-H100-003,W2a,100,80,thr0,1.0,6,True,True,1.0
W2a-H100-003,W2a,100,80,thr6,3.0,6,True,True,0.3333333333333333
W2a-H100-003,W2a,100,5,buf4,1.0,6,True,True,1.0
W2a-H100-003,W2a,100,5,buf8 (default),1.0,6,True,True,1.0
W2a-H100-003,W2a,100,5,buf16,1.0,6,True,True,1.0
W2a-H100-003,W2a,100,5,k3,1.0,3,True,True,1.0
W2a-H100-003,W2a,100,5,k12,1.0,12,True,True,1.0
W2a-H100-003,W2a,100,5,thr0,1.0,6,True,True,1.0
W2a-H100-003,W2a,100,5,thr6,1.0,6,True,True,1.0
W2a-H100-003,W2a,100,40,buf4,1.0,6,True,True,1.0
W2a-H100-003,W2a,100,40,buf8 (default),1.0,6,True,True,1.0
W2a-H100-003,W2a,100,40,buf16,1.0,6,True,True,1.0
W2a-H100-003,W2a,100,40,k3,1.0,3,True,True,1.0
W2a-H100-003,W2a,100,40,k12,1.0,12,True,True,1.0
W2a-H100-003,W2a,100,40,thr0,1.0,6,True,True,1.0
W2a-H100-003,W2a,100,40,thr6,1.0,6,True,True,1.0
W2a-H100-004,W2a,100,10,buf4,1.0,6,True,True,1.0
W2a-H100-004,W2a,100,10,buf8 (default),1.0,6,True,True,1.0
W2a-H100-004,W2a,100,10,buf16,1.0,6,True,True,1.0
W2a-H100-004,W2a,100,10,k3,1.0,3,True,True,1.0
W2a-H100-004,W2a,100,10,k12,1.0,12,True,True,1.0
W2a-H100-004,W2a,100,10,thr0,1.0,6,True,True,1.0
W2a-H100-004,W2a,100,10,thr6,1.0,6,True,True,1.0
W2a-H100-004,W2a,100,5,buf4,1.0,6,True,True,1.0
W2a-H100-004,W2a,100,5,buf8 (default),1.0,6,True,True,1.0
W2a-H100-004,W2a,100,5,buf16,1.0,6,True,True,1.0
W2a-H100-004,W2a,100,5,k3,1.0,3,True,True,1.0
W2a-H100-004,W2a,100,5,k12,1.0,12,True,True,1.0
W2a-H100-004,W2a,100,5,thr0,1.0,6,True,True,1.0
W2a-H100-004,W2a,100,5,thr6,1.0,6,True,True,1.0
W2a-H100-004,W2a,100,20,buf4,1.0,6,True,True,1.0
W2a-H100-004,W2a,100,20,buf8 (default),1.0,6,True,True,1.0
W2a-H100-004,W2a,100,20,buf16,1.0,6,True,True,1.0
W2a-H100-004,W2a,100,20,k3,1.0,3,True,True,1.0
W2a-H100-004,W2a,100,20,k12,1.0,12,True,True,1.0
W2a-H100-004,W2a,100,20,thr0,1.0,6,True,True,1.0
W2a-H100-004,W2a,100,20,thr6,1.0,6,True,True,1.0
W2a-H100-004,W2a,100,40,buf4,1.0,6,True,True,1.0
W2a-H100-004,W2a,100,40,buf8 (default),1.0,6,True,True,1.0
W2a-H100-004,W2a,100,40,buf16,1.0,6,True,True,1.0
W2a-H100-004,W2a,100,40,k3,1.0,3,True,True,1.0
W2a-H100-004,W2a,100,40,k12,1.0,12,True,True,1.0
W2a-H100-004,W2a,100,40,thr0,1.0,6,True,True,1.0
W2a-H100-004,W2a,100,40,thr6,1.0,6,True,True,1.0
W2a-H100-004,W2a,100,10,buf4,1.0,6,True,True,1.0
W2a-H100-004,W2a,100,10,buf8 (default),1.0,6,True,True,1.0
W2a-H100-004,W2a,100,10,buf16,1.0,6,True,True,1.0
W2a-H100-004,W2a,100,10,k3,1.0,3,True,True,1.0
W2a-H100-004,W2a,100,10,k12,1.0,12,True,True,1.0
W2a-H100-004,W2a,100,10,thr0,1.0,6,True,True,1.0
W2a-H100-004,W2a,100,10,thr6,4.0,6,True,True,0.25
W2a-H100-004,W2a,100,40,buf4,1.0,6,True,True,1.0
W2a-H100-004,W2a,100,40,buf8 (default),1.0,6,True,True,1.0
W2a-H100-004,W2a,100,40,buf16,1.0,6,True,True,1.0
W2a-H100-004,W2a,100,40,k3,1.0,3,True,True,1.0
W2a-H100-004,W2a,100,40,k12,1.0,12,True,True,1.0
W2a-H100-004,W2a,100,40,thr0,1.0,6,True,True,1.0
W2a-H100-004,W2a,100,40,thr6,1.0,6,True,True,1.0
W2a-H100-004,W2a,100,80,buf4,1.0,6,True,True,1.0
W2a-H100-004,W2a,100,80,buf8 (default),1.0,6,True,True,1.0
W2a-H100-004,W2a,100,80,buf16,1.0,6,True,True,1.0
W2a-H100-004,W2a,100,80,k3,1.0,3,True,True,1.0
W2a-H100-004,W2a,100,80,k12,1.0,12,True,True,1.0
W2a-H100-004,W2a,100,80,thr0,1.0,6,True,True,1.0
W2a-H100-004,W2a,100,80,thr6,1.0,6,True,True,1.0
W2a-H100-004,W2a,100,80,buf4,1.0,6,True,True,1.0
W2a-H100-004,W2a,100,80,buf8 (default),1.0,6,True,True,1.0
W2a-H100-004,W2a,100,80,buf16,1.0,6,True,True,1.0
W2a-H100-004,W2a,100,80,k3,,3,False,True,0.0
W2a-H100-004,W2a,100,80,k12,1.0,12,True,True,1.0
W2a-H100-004,W2a,100,80,thr0,1.0,6,True,True,1.0
W2a-H100-004,W2a,100,80,thr6,4.0,6,True,True,0.25
W2a-H100-004,W2a,100,5,buf4,1.0,6,True,True,1.0
W2a-H100-004,W2a,100,5,buf8 (default),1.0,6,True,True,1.0
W2a-H100-004,W2a,100,5,buf16,1.0,6,True,True,1.0
W2a-H100-004,W2a,100,5,k3,1.0,3,True,True,1.0
W2a-H100-004,W2a,100,5,k12,1.0,12,True,True,1.0
W2a-H100-004,W2a,100,5,thr0,1.0,6,True,True,1.0
W2a-H100-004,W2a,100,5,thr6,1.0,6,True,True,1.0
W2a-H100-004,W2a,100,20,buf4,1.0,6,True,True,1.0
W2a-H100-004,W2a,100,20,buf8 (default),1.0,6,True,True,1.0
W2a-H100-004,W2a,100,20,buf16,1.0,6,True,True,1.0
W2a-H100-004,W2a,100,20,k3,1.0,3,True,True,1.0
W2a-H100-004,W2a,100,20,k12,1.0,12,True,True,1.0
W2a-H100-004,W2a,100,20,thr0,1.0,6,True,True,1.0
W2a-H100-004,W2a,100,20,thr6,1.0,6,True,True,1.0
W2a-H100-005,W2a,100,5,buf4,1.0,6,True,True,1.0
W2a-H100-005,W2a,100,5,buf8 (default),1.0,6,True,True,1.0
W2a-H100-005,W2a,100,5,buf16,1.0,6,True,True,1.0
W2a-H100-005,W2a,100,5,k3,1.0,3,True,True,1.0
W2a-H100-005,W2a,100,5,k12,1.0,12,True,True,1.0
W2a-H100-005,W2a,100,5,thr0,1.0,6,True,True,1.0
W2a-H100-005,W2a,100,5,thr6,1.0,6,True,True,1.0
W2a-H100-005,W2a,100,10,buf4,1.0,6,True,True,1.0
W2a-H100-005,W2a,100,10,buf8 (default),1.0,6,True,True,1.0
W2a-H100-005,W2a,100,10,buf16,1.0,6,True,True,1.0
W2a-H100-005,W2a,100,10,k3,1.0,3,True,True,1.0
W2a-H100-005,W2a,100,10,k12,1.0,12,True,True,1.0
W2a-H100-005,W2a,100,10,thr0,1.0,6,True,True,1.0
W2a-H100-005,W2a,100,10,thr6,1.0,6,True,True,1.0
W2a-H100-005,W2a,100,20,buf4,1.0,6,True,True,1.0
W2a-H100-005,W2a,100,20,buf8 (default),1.0,6,True,True,1.0
W2a-H100-005,W2a,100,20,buf16,1.0,6,True,True,1.0
W2a-H100-005,W2a,100,20,k3,1.0,3,True,True,1.0
W2a-H100-005,W2a,100,20,k12,1.0,12,True,True,1.0
W2a-H100-005,W2a,100,20,thr0,1.0,6,True,True,1.0
W2a-H100-005,W2a,100,20,thr6,1.0,6,True,True,1.0
W2a-H100-005,W2a,100,40,buf4,1.0,6,True,True,1.0
W2a-H100-005,W2a,100,40,buf8 (default),1.0,6,True,True,1.0
W2a-H100-005,W2a,100,40,buf16,1.0,6,True,True,1.0
W2a-H100-005,W2a,100,40,k3,1.0,3,True,True,1.0
W2a-H100-005,W2a,100,40,k12,1.0,12,True,True,1.0
W2a-H100-005,W2a,100,40,thr0,1.0,6,True,True,1.0
W2a-H100-005,W2a,100,40,thr6,1.0,6,True,True,1.0
W2a-H100-005,W2a,100,5,buf4,1.0,6,True,True,1.0
W2a-H100-005,W2a,100,5,buf8 (default),1.0,6,True,True,1.0
W2a-H100-005,W2a,100,5,buf16,1.0,6,True,True,1.0
W2a-H100-005,W2a,100,5,k3,1.0,3,True,True,1.0
W2a-H100-005,W2a,100,5,k12,1.0,12,True,True,1.0
W2a-H100-005,W2a,100,5,thr0,1.0,6,True,True,1.0
W2a-H100-005,W2a,100,5,thr6,1.0,6,True,True,1.0
W2a-H100-005,W2a,100,40,buf4,1.0,6,True,True,1.0
W2a-H100-005,W2a,100,40,buf8 (default),1.0,6,True,True,1.0
W2a-H100-005,W2a,100,40,buf16,1.0,6,True,True,1.0
W2a-H100-005,W2a,100,40,k3,1.0,3,True,True,1.0
W2a-H100-005,W2a,100,40,k12,1.0,12,True,True,1.0
W2a-H100-005,W2a,100,40,thr0,1.0,6,True,True,1.0
W2a-H100-005,W2a,100,40,thr6,1.0,6,True,True,1.0
W2a-H100-005,W2a,100,10,buf4,1.0,6,True,True,1.0
W2a-H100-005,W2a,100,10,buf8 (default),1.0,6,True,True,1.0
W2a-H100-005,W2a,100,10,buf16,1.0,6,True,True,1.0
W2a-H100-005,W2a,100,10,k3,1.0,3,True,True,1.0
W2a-H100-005,W2a,100,10,k12,1.0,12,True,True,1.0
W2a-H100-005,W2a,100,10,thr0,1.0,6,True,True,1.0
W2a-H100-005,W2a,100,10,thr6,1.0,6,True,True,1.0
W2a-H100-005,W2a,100,80,buf4,1.0,6,True,True,1.0
W2a-H100-005,W2a,100,80,buf8 (default),1.0,6,True,True,1.0
W2a-H100-005,W2a,100,80,buf16,1.0,6,True,True,1.0
W2a-H100-005,W2a,100,80,k3,1.0,3,True,True,1.0
W2a-H100-005,W2a,100,80,k12,1.0,12,True,True,1.0
W2a-H100-005,W2a,100,80,thr0,1.0,6,True,True,1.0
W2a-H100-005,W2a,100,80,thr6,1.0,6,True,True,1.0
W2a-H100-005,W2a,100,80,buf4,1.0,6,True,True,1.0
W2a-H100-005,W2a,100,80,buf8 (default),1.0,6,True,True,1.0
W2a-H100-005,W2a,100,80,buf16,1.0,6,True,True,1.0
W2a-H100-005,W2a,100,80,k3,2.0,3,True,True,0.5
W2a-H100-005,W2a,100,80,k12,1.0,12,True,True,1.0
W2a-H100-005,W2a,100,80,thr0,1.0,6,True,True,1.0
W2a-H100-005,W2a,100,80,thr6,2.0,6,True,True,0.5
W2a-H100-005,W2a,100,20,buf4,1.0,6,True,True,1.0
W2a-H100-005,W2a,100,20,buf8 (default),1.0,6,True,True,1.0
W2a-H100-005,W2a,100,20,buf16,1.0,6,True,True,1.0
W2a-H100-005,W2a,100,20,k3,1.0,3,True,True,1.0
W2a-H100-005,W2a,100,20,k12,1.0,12,True,True,1.0
W2a-H100-005,W2a,100,20,thr0,1.0,6,True,True,1.0
W2a-H100-005,W2a,100,20,thr6,1.0,6,True,True,1.0
W2a-H100-006,W2a,100,5,buf4,1.0,6,True,True,1.0
W2a-H100-006,W2a,100,5,buf8 (default),1.0,6,True,True,1.0
W2a-H100-006,W2a,100,5,buf16,1.0,6,True,True,1.0
W2a-H100-006,W2a,100,5,k3,1.0,3,True,True,1.0
W2a-H100-006,W2a,100,5,k12,1.0,12,True,True,1.0
W2a-H100-006,W2a,100,5,thr0,1.0,6,True,True,1.0
W2a-H100-006,W2a,100,5,thr6,1.0,6,True,True,1.0
W2a-H100-006,W2a,100,20,buf4,1.0,6,True,True,1.0
W2a-H100-006,W2a,100,20,buf8 (default),1.0,6,True,True,1.0
W2a-H100-006,W2a,100,20,buf16,1.0,6,True,True,1.0
W2a-H100-006,W2a,100,20,k3,1.0,3,True,True,1.0
W2a-H100-006,W2a,100,20,k12,1.0,12,True,True,1.0
W2a-H100-006,W2a,100,20,thr0,1.0,6,True,True,1.0
W2a-H100-006,W2a,100,20,thr6,1.0,6,True,True,1.0
W2a-H100-006,W2a,100,10,buf4,1.0,6,True,True,1.0
W2a-H100-006,W2a,100,10,buf8 (default),1.0,6,True,True,1.0
W2a-H100-006,W2a,100,10,buf16,1.0,6,True,True,1.0
W2a-H100-006,W2a,100,10,k3,1.0,3,True,True,1.0
W2a-H100-006,W2a,100,10,k12,1.0,12,True,True,1.0
W2a-H100-006,W2a,100,10,thr0,1.0,6,True,True,1.0
W2a-H100-006,W2a,100,10,thr6,1.0,6,True,True,1.0
W2a-H100-006,W2a,100,40,buf4,2.0,6,True,True,0.5
W2a-H100-006,W2a,100,40,buf8 (default),2.0,6,True,True,0.5
W2a-H100-006,W2a,100,40,buf16,2.0,6,True,True,0.5
W2a-H100-006,W2a,100,40,k3,2.0,3,True,True,0.5
W2a-H100-006,W2a,100,40,k12,2.0,12,True,True,0.5
W2a-H100-006,W2a,100,40,thr0,1.0,6,True,True,1.0
W2a-H100-006,W2a,100,40,thr6,2.0,6,True,True,0.5
W2a-H100-006,W2a,100,20,buf4,1.0,6,True,True,1.0
W2a-H100-006,W2a,100,20,buf8 (default),1.0,6,True,True,1.0
W2a-H100-006,W2a,100,20,buf16,1.0,6,True,True,1.0
W2a-H100-006,W2a,100,20,k3,1.0,3,True,True,1.0
W2a-H100-006,W2a,100,20,k12,1.0,12,True,True,1.0
W2a-H100-006,W2a,100,20,thr0,1.0,6,True,True,1.0
W2a-H100-006,W2a,100,20,thr6,1.0,6,True,True,1.0
W2a-H100-006,W2a,100,10,buf4,3.0,6,True,True,0.3333333333333333
W2a-H100-006,W2a,100,10,buf8 (default),3.0,6,True,True,0.3333333333333333
W2a-H100-006,W2a,100,10,buf16,3.0,6,True,True,0.3333333333333333
W2a-H100-006,W2a,100,10,k3,3.0,3,True,True,0.3333333333333333
W2a-H100-006,W2a,100,10,k12,3.0,12,True,True,0.3333333333333333
W2a-H100-006,W2a,100,10,thr0,3.0,6,True,True,0.3333333333333333
W2a-H100-006,W2a,100,10,thr6,3.0,6,True,True,0.3333333333333333
W2a-H100-006,W2a,100,40,buf4,1.0,6,True,True,1.0
W2a-H100-006,W2a,100,40,buf8 (default),1.0,6,True,True,1.0
W2a-H100-006,W2a,100,40,buf16,1.0,6,True,True,1.0
W2a-H100-006,W2a,100,40,k3,1.0,3,True,True,1.0
W2a-H100-006,W2a,100,40,k12,1.0,12,True,True,1.0
W2a-H100-006,W2a,100,40,thr0,1.0,6,True,True,1.0
W2a-H100-006,W2a,100,40,thr6,1.0,6,True,True,1.0
W2a-H100-006,W2a,100,5,buf4,4.0,6,True,True,0.25
W2a-H100-006,W2a,100,5,buf8 (default),4.0,6,True,True,0.25
W2a-H100-006,W2a,100,5,buf16,4.0,6,True,True,0.25
W2a-H100-006,W2a,100,5,k3,,3,True,True,0.0
W2a-H100-006,W2a,100,5,k12,4.0,12,True,True,0.25
W2a-H100-006,W2a,100,5,thr0,4.0,6,True,True,0.25
W2a-H100-006,W2a,100,5,thr6,4.0,6,True,True,0.25
W2a-H100-006,W2a,100,80,buf4,1.0,6,True,True,1.0
W2a-H100-006,W2a,100,80,buf8 (default),1.0,6,True,True,1.0
W2a-H100-006,W2a,100,80,buf16,1.0,6,True,True,1.0
W2a-H100-006,W2a,100,80,k3,1.0,3,True,True,1.0
W2a-H100-006,W2a,100,80,k12,1.0,12,True,True,1.0
W2a-H100-006,W2a,100,80,thr0,1.0,6,True,True,1.0
W2a-H100-006,W2a,100,80,thr6,1.0,6,True,True,1.0
W2a-H100-006,W2a,100,80,buf4,1.0,6,True,True,1.0
W2a-H100-006,W2a,100,80,buf8 (default),1.0,6,True,True,1.0
W2a-H100-006,W2a,100,80,buf16,1.0,6,True,True,1.0
W2a-H100-006,W2a,100,80,k3,1.0,3,True,True,1.0
W2a-H100-006,W2a,100,80,k12,1.0,12,True,True,1.0
W2a-H100-006,W2a,100,80,thr0,1.0,6,True,True,1.0
W2a-H100-006,W2a,100,80,thr6,1.0,6,True,True,1.0
W2a-H100-007,W2a,100,10,buf4,1.0,6,True,True,1.0
W2a-H100-007,W2a,100,10,buf8 (default),1.0,6,True,True,1.0
W2a-H100-007,W2a,100,10,buf16,1.0,6,True,True,1.0
W2a-H100-007,W2a,100,10,k3,1.0,3,True,True,1.0
W2a-H100-007,W2a,100,10,k12,1.0,12,True,True,1.0
W2a-H100-007,W2a,100,10,thr0,1.0,6,True,True,1.0
W2a-H100-007,W2a,100,10,thr6,1.0,6,True,True,1.0
W2a-H100-007,W2a,100,5,buf4,1.0,6,True,True,1.0
W2a-H100-007,W2a,100,5,buf8 (default),1.0,6,True,True,1.0
W2a-H100-007,W2a,100,5,buf16,1.0,6,True,True,1.0
W2a-H100-007,W2a,100,5,k3,1.0,3,True,True,1.0
W2a-H100-007,W2a,100,5,k12,1.0,12,True,True,1.0
W2a-H100-007,W2a,100,5,thr0,1.0,6,True,True,1.0
W2a-H100-007,W2a,100,5,thr6,1.0,6,True,True,1.0
W2a-H100-007,W2a,100,40,buf4,1.0,6,True,True,1.0
W2a-H100-007,W2a,100,40,buf8 (default),1.0,6,True,True,1.0
W2a-H100-007,W2a,100,40,buf16,1.0,6,True,True,1.0
W2a-H100-007,W2a,100,40,k3,1.0,3,True,True,1.0
W2a-H100-007,W2a,100,40,k12,1.0,12,True,True,1.0
W2a-H100-007,W2a,100,40,thr0,1.0,6,True,True,1.0
W2a-H100-007,W2a,100,40,thr6,1.0,6,True,True,1.0
W2a-H100-007,W2a,100,5,buf4,1.0,6,True,True,1.0
W2a-H100-007,W2a,100,5,buf8 (default),1.0,6,True,True,1.0
W2a-H100-007,W2a,100,5,buf16,1.0,6,True,True,1.0
W2a-H100-007,W2a,100,5,k3,1.0,3,True,True,1.0
W2a-H100-007,W2a,100,5,k12,1.0,12,True,True,1.0
W2a-H100-007,W2a,100,5,thr0,1.0,6,True,True,1.0
W2a-H100-007,W2a,100,5,thr6,1.0,6,True,True,1.0
W2a-H100-007,W2a,100,40,buf4,1.0,6,True,True,1.0
W2a-H100-007,W2a,100,40,buf8 (default),1.0,6,True,True,1.0
W2a-H100-007,W2a,100,40,buf16,1.0,6,True,True,1.0
W2a-H100-007,W2a,100,40,k3,1.0,3,True,True,1.0
W2a-H100-007,W2a,100,40,k12,1.0,12,True,True,1.0
W2a-H100-007,W2a,100,40,thr0,1.0,6,True,True,1.0
W2a-H100-007,W2a,100,40,thr6,1.0,6,True,True,1.0
W2a-H100-007,W2a,100,20,buf4,2.0,6,True,True,0.5
W2a-H100-007,W2a,100,20,buf8 (default),2.0,6,True,True,0.5
W2a-H100-007,W2a,100,20,buf16,2.0,6,True,True,0.5
W2a-H100-007,W2a,100,20,k3,2.0,3,True,True,0.5
W2a-H100-007,W2a,100,20,k12,2.0,12,True,True,0.5
W2a-H100-007,W2a,100,20,thr0,2.0,6,True,True,0.5
W2a-H100-007,W2a,100,20,thr6,2.0,6,True,True,0.5
W2a-H100-007,W2a,100,20,buf4,1.0,6,True,True,1.0
W2a-H100-007,W2a,100,20,buf8 (default),1.0,6,True,True,1.0
W2a-H100-007,W2a,100,20,buf16,1.0,6,True,True,1.0
W2a-H100-007,W2a,100,20,k3,1.0,3,True,True,1.0
W2a-H100-007,W2a,100,20,k12,1.0,12,True,True,1.0
W2a-H100-007,W2a,100,20,thr0,1.0,6,True,True,1.0
W2a-H100-007,W2a,100,20,thr6,1.0,6,True,True,1.0
W2a-H100-007,W2a,100,10,buf4,1.0,6,True,True,1.0
W2a-H100-007,W2a,100,10,buf8 (default),1.0,6,True,True,1.0
W2a-H100-007,W2a,100,10,buf16,1.0,6,True,True,1.0
W2a-H100-007,W2a,100,10,k3,1.0,3,True,True,1.0
W2a-H100-007,W2a,100,10,k12,1.0,12,True,True,1.0
W2a-H100-007,W2a,100,10,thr0,1.0,6,True,True,1.0
W2a-H100-007,W2a,100,10,thr6,1.0,6,True,True,1.0
W2a-H100-007,W2a,100,80,buf4,1.0,6,True,True,1.0
W2a-H100-007,W2a,100,80,buf8 (default),1.0,6,True,True,1.0
W2a-H100-007,W2a,100,80,buf16,1.0,6,True,True,1.0
W2a-H100-007,W2a,100,80,k3,1.0,3,True,True,1.0
W2a-H100-007,W2a,100,80,k12,1.0,12,True,True,1.0
W2a-H100-007,W2a,100,80,thr0,1.0,6,True,True,1.0
W2a-H100-007,W2a,100,80,thr6,1.0,6,True,True,1.0
W2a-H100-007,W2a,100,80,buf4,2.0,6,True,True,0.5
W2a-H100-007,W2a,100,80,buf8 (default),2.0,6,True,True,0.5
W2a-H100-007,W2a,100,80,buf16,2.0,6,True,True,0.5
W2a-H100-007,W2a,100,80,k3,2.0,3,True,True,0.5
W2a-H100-007,W2a,100,80,k12,2.0,12,True,True,0.5
W2a-H100-007,W2a,100,80,thr0,2.0,6,True,True,0.5
W2a-H100-007,W2a,100,80,thr6,2.0,6,True,True,0.5
W2a-H100-008,W2a,100,5,buf4,1.0,6,True,True,1.0
W2a-H100-008,W2a,100,5,buf8 (default),1.0,6,True,True,1.0
W2a-H100-008,W2a,100,5,buf16,1.0,6,True,True,1.0
W2a-H100-008,W2a,100,5,k3,1.0,3,True,True,1.0
W2a-H100-008,W2a,100,5,k12,1.0,12,True,True,1.0
W2a-H100-008,W2a,100,5,thr0,1.0,6,True,True,1.0
W2a-H100-008,W2a,100,5,thr6,1.0,6,True,True,1.0
W2a-H100-008,W2a,100,20,buf4,1.0,6,True,True,1.0
W2a-H100-008,W2a,100,20,buf8 (default),1.0,6,True,True,1.0
W2a-H100-008,W2a,100,20,buf16,1.0,6,True,True,1.0
W2a-H100-008,W2a,100,20,k3,1.0,3,True,True,1.0
W2a-H100-008,W2a,100,20,k12,1.0,12,True,True,1.0
W2a-H100-008,W2a,100,20,thr0,1.0,6,True,True,1.0
W2a-H100-008,W2a,100,20,thr6,2.0,6,True,True,0.5
W2a-H100-008,W2a,100,10,buf4,1.0,6,True,True,1.0
W2a-H100-008,W2a,100,10,buf8 (default),1.0,6,True,True,1.0
W2a-H100-008,W2a,100,10,buf16,1.0,6,True,True,1.0
W2a-H100-008,W2a,100,10,k3,2.0,3,True,True,0.5
W2a-H100-008,W2a,100,10,k12,1.0,12,True,True,1.0
W2a-H100-008,W2a,100,10,thr0,1.0,6,True,True,1.0
W2a-H100-008,W2a,100,10,thr6,2.0,6,True,True,0.5
W2a-H100-008,W2a,100,10,buf4,1.0,6,True,True,1.0
W2a-H100-008,W2a,100,10,buf8 (default),1.0,6,True,True,1.0
W2a-H100-008,W2a,100,10,buf16,1.0,6,True,True,1.0
W2a-H100-008,W2a,100,10,k3,1.0,3,True,True,1.0
W2a-H100-008,W2a,100,10,k12,1.0,12,True,True,1.0
W2a-H100-008,W2a,100,10,thr0,1.0,6,True,True,1.0
W2a-H100-008,W2a,100,10,thr6,1.0,6,True,True,1.0
W2a-H100-008,W2a,100,20,buf4,1.0,6,True,True,1.0
W2a-H100-008,W2a,100,20,buf8 (default),1.0,6,True,True,1.0
W2a-H100-008,W2a,100,20,buf16,1.0,6,True,True,1.0
W2a-H100-008,W2a,100,20,k3,1.0,3,True,True,1.0
W2a-H100-008,W2a,100,20,k12,1.0,12,True,True,1.0
W2a-H100-008,W2a,100,20,thr0,1.0,6,True,True,1.0
W2a-H100-008,W2a,100,20,thr6,1.0,6,True,True,1.0
W2a-H100-008,W2a,100,5,buf4,1.0,6,True,True,1.0
W2a-H100-008,W2a,100,5,buf8 (default),1.0,6,True,True,1.0
W2a-H100-008,W2a,100,5,buf16,1.0,6,True,True,1.0
W2a-H100-008,W2a,100,5,k3,2.0,3,True,True,0.5
W2a-H100-008,W2a,100,5,k12,1.0,12,True,True,1.0
W2a-H100-008,W2a,100,5,thr0,1.0,6,True,True,1.0
W2a-H100-008,W2a,100,5,thr6,1.0,6,True,True,1.0
W2a-H100-008,W2a,100,80,buf4,1.0,6,True,True,1.0
W2a-H100-008,W2a,100,80,buf8 (default),1.0,6,True,True,1.0
W2a-H100-008,W2a,100,80,buf16,1.0,6,True,True,1.0
W2a-H100-008,W2a,100,80,k3,1.0,3,True,True,1.0
W2a-H100-008,W2a,100,80,k12,1.0,12,True,True,1.0
W2a-H100-008,W2a,100,80,thr0,1.0,6,True,True,1.0
W2a-H100-008,W2a,100,80,thr6,1.0,6,True,True,1.0
W2a-H100-008,W2a,100,40,buf4,1.0,6,True,True,1.0
W2a-H100-008,W2a,100,40,buf8 (default),1.0,6,True,True,1.0
W2a-H100-008,W2a,100,40,buf16,1.0,6,True,True,1.0
W2a-H100-008,W2a,100,40,k3,1.0,3,True,True,1.0
W2a-H100-008,W2a,100,40,k12,1.0,12,True,True,1.0
W2a-H100-008,W2a,100,40,thr0,1.0,6,True,True,1.0
W2a-H100-008,W2a,100,40,thr6,1.0,6,True,True,1.0
W2a-H100-008,W2a,100,80,buf4,1.0,6,True,True,1.0
W2a-H100-008,W2a,100,80,buf8 (default),1.0,6,True,True,1.0
W2a-H100-008,W2a,100,80,buf16,1.0,6,True,True,1.0
W2a-H100-008,W2a,100,80,k3,1.0,3,True,True,1.0
W2a-H100-008,W2a,100,80,k12,1.0,12,True,True,1.0
W2a-H100-008,W2a,100,80,thr0,1.0,6,True,True,1.0
W2a-H100-008,W2a,100,80,thr6,1.0,6,True,True,1.0
W2a-H100-008,W2a,100,40,buf4,1.0,6,True,True,1.0
W2a-H100-008,W2a,100,40,buf8 (default),1.0,6,True,True,1.0
W2a-H100-008,W2a,100,40,buf16,1.0,6,True,True,1.0
W2a-H100-008,W2a,100,40,k3,2.0,3,True,True,0.5
W2a-H100-008,W2a,100,40,k12,1.0,12,True,True,1.0
W2a-H100-008,W2a,100,40,thr0,1.0,6,True,True,1.0
W2a-H100-008,W2a,100,40,thr6,2.0,6,True,True,0.5
W2a-H100-009,W2a,100,10,buf4,1.0,6,True,True,1.0
W2a-H100-009,W2a,100,10,buf8 (default),1.0,6,True,True,1.0
W2a-H100-009,W2a,100,10,buf16,1.0,6,True,True,1.0
W2a-H100-009,W2a,100,10,k3,1.0,3,True,True,1.0
W2a-H100-009,W2a,100,10,k12,1.0,12,True,True,1.0
W2a-H100-009,W2a,100,10,thr0,1.0,6,True,True,1.0
W2a-H100-009,W2a,100,10,thr6,1.0,6,True,True,1.0
W2a-H100-009,W2a,100,20,buf4,1.0,6,True,True,1.0
W2a-H100-009,W2a,100,20,buf8 (default),1.0,6,True,True,1.0
W2a-H100-009,W2a,100,20,buf16,1.0,6,True,True,1.0
W2a-H100-009,W2a,100,20,k3,1.0,3,True,True,1.0
W2a-H100-009,W2a,100,20,k12,1.0,12,True,True,1.0
W2a-H100-009,W2a,100,20,thr0,1.0,6,True,True,1.0
W2a-H100-009,W2a,100,20,thr6,1.0,6,True,True,1.0
W2a-H100-009,W2a,100,40,buf4,1.0,6,True,True,1.0
W2a-H100-009,W2a,100,40,buf8 (default),1.0,6,True,True,1.0
W2a-H100-009,W2a,100,40,buf16,1.0,6,True,True,1.0
W2a-H100-009,W2a,100,40,k3,1.0,3,True,True,1.0
W2a-H100-009,W2a,100,40,k12,1.0,12,True,True,1.0
W2a-H100-009,W2a,100,40,thr0,1.0,6,True,True,1.0
W2a-H100-009,W2a,100,40,thr6,1.0,6,True,True,1.0
W2a-H100-009,W2a,100,5,buf4,1.0,6,True,True,1.0
W2a-H100-009,W2a,100,5,buf8 (default),1.0,6,True,True,1.0
W2a-H100-009,W2a,100,5,buf16,1.0,6,True,True,1.0
W2a-H100-009,W2a,100,5,k3,1.0,3,True,True,1.0
W2a-H100-009,W2a,100,5,k12,1.0,12,True,True,1.0
W2a-H100-009,W2a,100,5,thr0,1.0,6,True,True,1.0
W2a-H100-009,W2a,100,5,thr6,1.0,6,True,True,1.0
W2a-H100-009,W2a,100,10,buf4,3.0,6,True,True,0.3333333333333333
W2a-H100-009,W2a,100,10,buf8 (default),3.0,6,True,True,0.3333333333333333
W2a-H100-009,W2a,100,10,buf16,3.0,6,True,True,0.3333333333333333
W2a-H100-009,W2a,100,10,k3,3.0,3,True,True,0.3333333333333333
W2a-H100-009,W2a,100,10,k12,3.0,12,True,True,0.3333333333333333
W2a-H100-009,W2a,100,10,thr0,3.0,6,True,True,0.3333333333333333
W2a-H100-009,W2a,100,10,thr6,3.0,6,True,True,0.3333333333333333
W2a-H100-009,W2a,100,5,buf4,1.0,6,True,True,1.0
W2a-H100-009,W2a,100,5,buf8 (default),1.0,6,True,True,1.0
W2a-H100-009,W2a,100,5,buf16,1.0,6,True,True,1.0
W2a-H100-009,W2a,100,5,k3,1.0,3,True,True,1.0
W2a-H100-009,W2a,100,5,k12,1.0,12,True,True,1.0
W2a-H100-009,W2a,100,5,thr0,1.0,6,True,True,1.0
W2a-H100-009,W2a,100,5,thr6,1.0,6,True,True,1.0
W2a-H100-009,W2a,100,80,buf4,1.0,6,True,True,1.0
W2a-H100-009,W2a,100,80,buf8 (default),1.0,6,True,True,1.0
W2a-H100-009,W2a,100,80,buf16,1.0,6,True,True,1.0
W2a-H100-009,W2a,100,80,k3,1.0,3,True,True,1.0
W2a-H100-009,W2a,100,80,k12,1.0,12,True,True,1.0
W2a-H100-009,W2a,100,80,thr0,1.0,6,True,True,1.0
W2a-H100-009,W2a,100,80,thr6,1.0,6,True,True,1.0
W2a-H100-009,W2a,100,80,buf4,1.0,6,True,True,1.0
W2a-H100-009,W2a,100,80,buf8 (default),1.0,6,True,True,1.0
W2a-H100-009,W2a,100,80,buf16,1.0,6,True,True,1.0
W2a-H100-009,W2a,100,80,k3,1.0,3,True,True,1.0
W2a-H100-009,W2a,100,80,k12,1.0,12,True,True,1.0
W2a-H100-009,W2a,100,80,thr0,1.0,6,True,True,1.0
W2a-H100-009,W2a,100,80,thr6,1.0,6,True,True,1.0
W2a-H100-009,W2a,100,40,buf4,1.0,6,True,True,1.0
W2a-H100-009,W2a,100,40,buf8 (default),1.0,6,True,True,1.0
W2a-H100-009,W2a,100,40,buf16,1.0,6,True,True,1.0
W2a-H100-009,W2a,100,40,k3,1.0,3,True,True,1.0
W2a-H100-009,W2a,100,40,k12,1.0,12,True,True,1.0
W2a-H100-009,W2a,100,40,thr0,1.0,6,True,True,1.0
W2a-H100-009,W2a,100,40,thr6,1.0,6,True,True,1.0
W2a-H100-009,W2a,100,20,buf4,2.0,6,True,True,0.5
W2a-H100-009,W2a,100,20,buf8 (default),2.0,6,True,True,0.5
W2a-H100-009,W2a,100,20,buf16,2.0,6,True,True,0.5
W2a-H100-009,W2a,100,20,k3,2.0,3,True,True,0.5
W2a-H100-009,W2a,100,20,k12,2.0,12,True,True,0.5
W2a-H100-009,W2a,100,20,thr0,2.0,6,True,True,0.5
W2a-H100-009,W2a,100,20,thr6,5.0,6,True,True,0.2
W2a-H200-000,W2a,200,5,buf4,1.0,6,True,True,1.0
W2a-H200-000,W2a,200,5,buf8 (default),1.0,6,True,True,1.0
W2a-H200-000,W2a,200,5,buf16,1.0,6,True,True,1.0
W2a-H200-000,W2a,200,5,k3,1.0,3,True,True,1.0
W2a-H200-000,W2a,200,5,k12,1.0,12,True,True,1.0
W2a-H200-000,W2a,200,5,thr0,1.0,6,True,True,1.0
W2a-H200-000,W2a,200,5,thr6,1.0,6,True,True,1.0
W2a-H200-000,W2a,200,20,buf4,1.0,6,True,True,1.0
W2a-H200-000,W2a,200,20,buf8 (default),1.0,6,True,True,1.0
W2a-H200-000,W2a,200,20,buf16,1.0,6,True,True,1.0
W2a-H200-000,W2a,200,20,k3,1.0,3,True,True,1.0
W2a-H200-000,W2a,200,20,k12,1.0,12,True,True,1.0
W2a-H200-000,W2a,200,20,thr0,1.0,6,True,True,1.0
W2a-H200-000,W2a,200,20,thr6,1.0,6,True,True,1.0
W2a-H200-000,W2a,200,40,buf4,1.0,6,True,True,1.0
W2a-H200-000,W2a,200,40,buf8 (default),1.0,6,True,True,1.0
W2a-H200-000,W2a,200,40,buf16,1.0,6,True,True,1.0
W2a-H200-000,W2a,200,40,k3,1.0,3,True,True,1.0
W2a-H200-000,W2a,200,40,k12,1.0,12,True,True,1.0
W2a-H200-000,W2a,200,40,thr0,1.0,6,True,True,1.0
W2a-H200-000,W2a,200,40,thr6,1.0,6,True,True,1.0
W2a-H200-000,W2a,200,40,buf4,2.0,6,True,True,0.5
W2a-H200-000,W2a,200,40,buf8 (default),2.0,6,True,True,0.5
W2a-H200-000,W2a,200,40,buf16,2.0,6,True,True,0.5
W2a-H200-000,W2a,200,40,k3,2.0,3,True,True,0.5
W2a-H200-000,W2a,200,40,k12,2.0,12,True,True,0.5
W2a-H200-000,W2a,200,40,thr0,2.0,6,True,True,0.5
W2a-H200-000,W2a,200,40,thr6,2.0,6,True,True,0.5
W2a-H200-000,W2a,200,80,buf4,2.0,6,True,True,0.5
W2a-H200-000,W2a,200,80,buf8 (default),2.0,6,True,True,0.5
W2a-H200-000,W2a,200,80,buf16,2.0,6,True,True,0.5
W2a-H200-000,W2a,200,80,k3,2.0,3,True,True,0.5
W2a-H200-000,W2a,200,80,k12,2.0,12,True,True,0.5
W2a-H200-000,W2a,200,80,thr0,2.0,6,True,True,0.5
W2a-H200-000,W2a,200,80,thr6,2.0,6,True,True,0.5
W2a-H200-000,W2a,200,5,buf4,1.0,6,True,True,1.0
W2a-H200-000,W2a,200,5,buf8 (default),1.0,6,True,True,1.0
W2a-H200-000,W2a,200,5,buf16,1.0,6,True,True,1.0
W2a-H200-000,W2a,200,5,k3,1.0,3,True,True,1.0
W2a-H200-000,W2a,200,5,k12,1.0,12,True,True,1.0
W2a-H200-000,W2a,200,5,thr0,1.0,6,True,True,1.0
W2a-H200-000,W2a,200,5,thr6,1.0,6,True,True,1.0
W2a-H200-000,W2a,200,10,buf4,1.0,6,True,True,1.0
W2a-H200-000,W2a,200,10,buf8 (default),1.0,6,True,True,1.0
W2a-H200-000,W2a,200,10,buf16,1.0,6,True,True,1.0
W2a-H200-000,W2a,200,10,k3,2.0,3,True,True,0.5
W2a-H200-000,W2a,200,10,k12,1.0,12,True,True,1.0
W2a-H200-000,W2a,200,10,thr0,1.0,6,True,True,1.0
W2a-H200-000,W2a,200,10,thr6,2.0,6,True,True,0.5
W2a-H200-000,W2a,200,10,buf4,1.0,6,True,True,1.0
W2a-H200-000,W2a,200,10,buf8 (default),1.0,6,True,True,1.0
W2a-H200-000,W2a,200,10,buf16,1.0,6,True,True,1.0
W2a-H200-000,W2a,200,10,k3,3.0,3,True,True,0.3333333333333333
W2a-H200-000,W2a,200,10,k12,1.0,12,True,True,1.0
W2a-H200-000,W2a,200,10,thr0,1.0,6,True,True,1.0
W2a-H200-000,W2a,200,10,thr6,3.0,6,True,True,0.3333333333333333
W2a-H200-000,W2a,200,20,buf4,3.0,6,True,True,0.3333333333333333
W2a-H200-000,W2a,200,20,buf8 (default),3.0,6,True,True,0.3333333333333333
W2a-H200-000,W2a,200,20,buf16,3.0,6,True,True,0.3333333333333333
W2a-H200-000,W2a,200,20,k3,3.0,3,True,True,0.3333333333333333
W2a-H200-000,W2a,200,20,k12,3.0,12,True,True,0.3333333333333333
W2a-H200-000,W2a,200,20,thr0,3.0,6,True,True,0.3333333333333333
W2a-H200-000,W2a,200,20,thr6,3.0,6,True,True,0.3333333333333333
W2a-H200-000,W2a,200,160,buf4,1.0,6,True,True,1.0
W2a-H200-000,W2a,200,160,buf8 (default),1.0,6,True,True,1.0
W2a-H200-000,W2a,200,160,buf16,1.0,6,True,True,1.0
W2a-H200-000,W2a,200,160,k3,1.0,3,True,True,1.0
W2a-H200-000,W2a,200,160,k12,1.0,12,True,True,1.0
W2a-H200-000,W2a,200,160,thr0,1.0,6,True,True,1.0
W2a-H200-000,W2a,200,160,thr6,1.0,6,True,True,1.0
W2a-H200-000,W2a,200,80,buf4,1.0,6,True,True,1.0
W2a-H200-000,W2a,200,80,buf8 (default),1.0,6,True,True,1.0
W2a-H200-000,W2a,200,80,buf16,1.0,6,True,True,1.0
W2a-H200-000,W2a,200,80,k3,1.0,3,True,True,1.0
W2a-H200-000,W2a,200,80,k12,1.0,12,True,True,1.0
W2a-H200-000,W2a,200,80,thr0,1.0,6,True,True,1.0
W2a-H200-000,W2a,200,80,thr6,1.0,6,True,True,1.0
W2a-H200-000,W2a,200,160,buf4,1.0,6,True,True,1.0
W2a-H200-000,W2a,200,160,buf8 (default),1.0,6,True,True,1.0
W2a-H200-000,W2a,200,160,buf16,1.0,6,True,True,1.0
W2a-H200-000,W2a,200,160,k3,1.0,3,True,True,1.0
W2a-H200-000,W2a,200,160,k12,1.0,12,True,True,1.0
W2a-H200-000,W2a,200,160,thr0,1.0,6,True,True,1.0
W2a-H200-000,W2a,200,160,thr6,1.0,6,True,True,1.0
W2a-H200-001,W2a,200,5,buf4,1.0,6,True,True,1.0
W2a-H200-001,W2a,200,5,buf8 (default),1.0,6,True,True,1.0
W2a-H200-001,W2a,200,5,buf16,1.0,6,True,True,1.0
W2a-H200-001,W2a,200,5,k3,1.0,3,True,True,1.0
W2a-H200-001,W2a,200,5,k12,1.0,12,True,True,1.0
W2a-H200-001,W2a,200,5,thr0,1.0,6,True,True,1.0
W2a-H200-001,W2a,200,5,thr6,1.0,6,True,True,1.0
W2a-H200-001,W2a,200,40,buf4,1.0,6,True,True,1.0
W2a-H200-001,W2a,200,40,buf8 (default),1.0,6,True,True,1.0
W2a-H200-001,W2a,200,40,buf16,1.0,6,True,True,1.0
W2a-H200-001,W2a,200,40,k3,1.0,3,True,True,1.0
W2a-H200-001,W2a,200,40,k12,1.0,12,True,True,1.0
W2a-H200-001,W2a,200,40,thr0,1.0,6,True,True,1.0
W2a-H200-001,W2a,200,40,thr6,1.0,6,True,True,1.0
W2a-H200-001,W2a,200,5,buf4,1.0,6,True,True,1.0
W2a-H200-001,W2a,200,5,buf8 (default),1.0,6,True,True,1.0
W2a-H200-001,W2a,200,5,buf16,1.0,6,True,True,1.0
W2a-H200-001,W2a,200,5,k3,1.0,3,True,True,1.0
W2a-H200-001,W2a,200,5,k12,1.0,12,True,True,1.0
W2a-H200-001,W2a,200,5,thr0,1.0,6,True,True,1.0
W2a-H200-001,W2a,200,5,thr6,1.0,6,True,True,1.0
W2a-H200-001,W2a,200,10,buf4,1.0,6,True,True,1.0
W2a-H200-001,W2a,200,10,buf8 (default),1.0,6,True,True,1.0
W2a-H200-001,W2a,200,10,buf16,1.0,6,True,True,1.0
W2a-H200-001,W2a,200,10,k3,2.0,3,True,True,0.5
W2a-H200-001,W2a,200,10,k12,1.0,12,True,True,1.0
W2a-H200-001,W2a,200,10,thr0,1.0,6,True,True,1.0
W2a-H200-001,W2a,200,10,thr6,2.0,6,True,True,0.5
W2a-H200-001,W2a,200,20,buf4,1.0,6,True,True,1.0
W2a-H200-001,W2a,200,20,buf8 (default),1.0,6,True,True,1.0
W2a-H200-001,W2a,200,20,buf16,1.0,6,True,True,1.0
W2a-H200-001,W2a,200,20,k3,1.0,3,True,True,1.0
W2a-H200-001,W2a,200,20,k12,1.0,12,True,True,1.0
W2a-H200-001,W2a,200,20,thr0,1.0,6,True,True,1.0
W2a-H200-001,W2a,200,20,thr6,1.0,6,True,True,1.0
W2a-H200-001,W2a,200,40,buf4,1.0,6,True,True,1.0
W2a-H200-001,W2a,200,40,buf8 (default),1.0,6,True,True,1.0
W2a-H200-001,W2a,200,40,buf16,1.0,6,True,True,1.0
W2a-H200-001,W2a,200,40,k3,1.0,3,True,True,1.0
W2a-H200-001,W2a,200,40,k12,1.0,12,True,True,1.0
W2a-H200-001,W2a,200,40,thr0,1.0,6,True,True,1.0
W2a-H200-001,W2a,200,40,thr6,1.0,6,True,True,1.0
W2a-H200-001,W2a,200,10,buf4,1.0,6,True,True,1.0
W2a-H200-001,W2a,200,10,buf8 (default),1.0,6,True,True,1.0
W2a-H200-001,W2a,200,10,buf16,1.0,6,True,True,1.0
W2a-H200-001,W2a,200,10,k3,1.0,3,True,True,1.0
W2a-H200-001,W2a,200,10,k12,1.0,12,True,True,1.0
W2a-H200-001,W2a,200,10,thr0,1.0,6,True,True,1.0
W2a-H200-001,W2a,200,10,thr6,1.0,6,True,True,1.0
W2a-H200-001,W2a,200,20,buf4,1.0,6,True,True,1.0
W2a-H200-001,W2a,200,20,buf8 (default),1.0,6,True,True,1.0
W2a-H200-001,W2a,200,20,buf16,1.0,6,True,True,1.0
W2a-H200-001,W2a,200,20,k3,1.0,3,True,True,1.0
W2a-H200-001,W2a,200,20,k12,1.0,12,True,True,1.0
W2a-H200-001,W2a,200,20,thr0,1.0,6,True,True,1.0
W2a-H200-001,W2a,200,20,thr6,1.0,6,True,True,1.0
W2a-H200-001,W2a,200,80,buf4,3.0,6,True,True,0.3333333333333333
W2a-H200-001,W2a,200,80,buf8 (default),3.0,6,True,True,0.3333333333333333
W2a-H200-001,W2a,200,80,buf16,3.0,6,True,True,0.3333333333333333
W2a-H200-001,W2a,200,80,k3,3.0,3,True,True,0.3333333333333333
W2a-H200-001,W2a,200,80,k12,3.0,12,True,True,0.3333333333333333
W2a-H200-001,W2a,200,80,thr0,3.0,6,True,True,0.3333333333333333
W2a-H200-001,W2a,200,80,thr6,3.0,6,True,True,0.3333333333333333
W2a-H200-001,W2a,200,160,buf4,1.0,6,True,True,1.0
W2a-H200-001,W2a,200,160,buf8 (default),1.0,6,True,True,1.0
W2a-H200-001,W2a,200,160,buf16,1.0,6,True,True,1.0
W2a-H200-001,W2a,200,160,k3,2.0,3,True,True,0.5
W2a-H200-001,W2a,200,160,k12,1.0,12,True,True,1.0
W2a-H200-001,W2a,200,160,thr0,1.0,6,True,True,1.0
W2a-H200-001,W2a,200,160,thr6,2.0,6,True,True,0.5
W2a-H200-001,W2a,200,160,buf4,1.0,6,True,True,1.0
W2a-H200-001,W2a,200,160,buf8 (default),1.0,6,True,True,1.0
W2a-H200-001,W2a,200,160,buf16,1.0,6,True,True,1.0
W2a-H200-001,W2a,200,160,k3,1.0,3,True,True,1.0
W2a-H200-001,W2a,200,160,k12,1.0,12,True,True,1.0
W2a-H200-001,W2a,200,160,thr0,1.0,6,True,True,1.0
W2a-H200-001,W2a,200,160,thr6,1.0,6,True,True,1.0
W2a-H200-001,W2a,200,80,buf4,6.0,6,True,True,0.16666666666666666
W2a-H200-001,W2a,200,80,buf8 (default),6.0,6,True,True,0.16666666666666666
W2a-H200-001,W2a,200,80,buf16,6.0,6,True,True,0.16666666666666666
W2a-H200-001,W2a,200,80,k3,,3,False,True,0.0
W2a-H200-001,W2a,200,80,k12,1.0,12,True,True,1.0
W2a-H200-001,W2a,200,80,thr0,1.0,6,True,True,1.0
W2a-H200-001,W2a,200,80,thr6,6.0,6,True,True,0.16666666666666666
W2a-H200-002,W2a,200,40,buf4,1.0,6,True,True,1.0
W2a-H200-002,W2a,200,40,buf8 (default),1.0,6,True,True,1.0
W2a-H200-002,W2a,200,40,buf16,1.0,6,True,True,1.0
W2a-H200-002,W2a,200,40,k3,1.0,3,True,True,1.0
W2a-H200-002,W2a,200,40,k12,1.0,12,True,True,1.0
W2a-H200-002,W2a,200,40,thr0,1.0,6,True,True,1.0
W2a-H200-002,W2a,200,40,thr6,1.0,6,True,True,1.0
W2a-H200-002,W2a,200,5,buf4,3.0,6,True,True,0.3333333333333333
W2a-H200-002,W2a,200,5,buf8 (default),3.0,6,True,True,0.3333333333333333
W2a-H200-002,W2a,200,5,buf16,3.0,6,True,True,0.3333333333333333
W2a-H200-002,W2a,200,5,k3,3.0,3,True,True,0.3333333333333333
W2a-H200-002,W2a,200,5,k12,3.0,12,True,True,0.3333333333333333
W2a-H200-002,W2a,200,5,thr0,1.0,6,True,True,1.0
W2a-H200-002,W2a,200,5,thr6,3.0,6,True,True,0.3333333333333333
W2a-H200-002,W2a,200,10,buf4,1.0,6,True,True,1.0
W2a-H200-002,W2a,200,10,buf8 (default),1.0,6,True,True,1.0
W2a-H200-002,W2a,200,10,buf16,1.0,6,True,True,1.0
W2a-H200-002,W2a,200,10,k3,1.0,3,True,True,1.0
W2a-H200-002,W2a,200,10,k12,1.0,12,True,True,1.0
W2a-H200-002,W2a,200,10,thr0,1.0,6,True,True,1.0
W2a-H200-002,W2a,200,10,thr6,1.0,6,True,True,1.0
W2a-H200-002,W2a,200,80,buf4,1.0,6,True,True,1.0
W2a-H200-002,W2a,200,80,buf8 (default),1.0,6,True,True,1.0
W2a-H200-002,W2a,200,80,buf16,1.0,6,True,True,1.0
W2a-H200-002,W2a,200,80,k3,1.0,3,True,True,1.0
W2a-H200-002,W2a,200,80,k12,1.0,12,True,True,1.0
W2a-H200-002,W2a,200,80,thr0,1.0,6,True,True,1.0
W2a-H200-002,W2a,200,80,thr6,1.0,6,True,True,1.0
W2a-H200-002,W2a,200,40,buf4,1.0,6,True,True,1.0
W2a-H200-002,W2a,200,40,buf8 (default),1.0,6,True,True,1.0
W2a-H200-002,W2a,200,40,buf16,1.0,6,True,True,1.0
W2a-H200-002,W2a,200,40,k3,1.0,3,True,True,1.0
W2a-H200-002,W2a,200,40,k12,1.0,12,True,True,1.0
W2a-H200-002,W2a,200,40,thr0,1.0,6,True,True,1.0
W2a-H200-002,W2a,200,40,thr6,1.0,6,True,True,1.0
W2a-H200-002,W2a,200,80,buf4,1.0,6,True,True,1.0
W2a-H200-002,W2a,200,80,buf8 (default),1.0,6,True,True,1.0
W2a-H200-002,W2a,200,80,buf16,1.0,6,True,True,1.0
W2a-H200-002,W2a,200,80,k3,,3,False,True,0.0
W2a-H200-002,W2a,200,80,k12,1.0,12,True,True,1.0
W2a-H200-002,W2a,200,80,thr0,1.0,6,True,True,1.0
W2a-H200-002,W2a,200,80,thr6,4.0,6,True,True,0.25
W2a-H200-002,W2a,200,10,buf4,1.0,6,True,True,1.0
W2a-H200-002,W2a,200,10,buf8 (default),1.0,6,True,True,1.0
W2a-H200-002,W2a,200,10,buf16,1.0,6,True,True,1.0
W2a-H200-002,W2a,200,10,k3,1.0,3,True,True,1.0
W2a-H200-002,W2a,200,10,k12,1.0,12,True,True,1.0
W2a-H200-002,W2a,200,10,thr0,1.0,6,True,True,1.0
W2a-H200-002,W2a,200,10,thr6,1.0,6,True,True,1.0
W2a-H200-002,W2a,200,160,buf4,1.0,6,True,True,1.0
W2a-H200-002,W2a,200,160,buf8 (default),1.0,6,True,True,1.0
W2a-H200-002,W2a,200,160,buf16,1.0,6,True,True,1.0
W2a-H200-002,W2a,200,160,k3,1.0,3,True,True,1.0
W2a-H200-002,W2a,200,160,k12,1.0,12,True,True,1.0
W2a-H200-002,W2a,200,160,thr0,1.0,6,True,True,1.0
W2a-H200-002,W2a,200,160,thr6,1.0,6,True,True,1.0
W2a-H200-002,W2a,200,5,buf4,1.0,6,True,True,1.0
W2a-H200-002,W2a,200,5,buf8 (default),1.0,6,True,True,1.0
W2a-H200-002,W2a,200,5,buf16,1.0,6,True,True,1.0
W2a-H200-002,W2a,200,5,k3,1.0,3,True,True,1.0
W2a-H200-002,W2a,200,5,k12,1.0,12,True,True,1.0
W2a-H200-002,W2a,200,5,thr0,1.0,6,True,True,1.0
W2a-H200-002,W2a,200,5,thr6,1.0,6,True,True,1.0
W2a-H200-002,W2a,200,20,buf4,1.0,6,True,True,1.0
W2a-H200-002,W2a,200,20,buf8 (default),1.0,6,True,True,1.0
W2a-H200-002,W2a,200,20,buf16,1.0,6,True,True,1.0
W2a-H200-002,W2a,200,20,k3,1.0,3,True,True,1.0
W2a-H200-002,W2a,200,20,k12,1.0,12,True,True,1.0
W2a-H200-002,W2a,200,20,thr0,1.0,6,True,True,1.0
W2a-H200-002,W2a,200,20,thr6,1.0,6,True,True,1.0
W2a-H200-002,W2a,200,160,buf4,2.0,6,True,True,0.5
W2a-H200-002,W2a,200,160,buf8 (default),2.0,6,True,True,0.5
W2a-H200-002,W2a,200,160,buf16,2.0,6,True,True,0.5
W2a-H200-002,W2a,200,160,k3,2.0,3,True,True,0.5
W2a-H200-002,W2a,200,160,k12,2.0,12,True,True,0.5
W2a-H200-002,W2a,200,160,thr0,2.0,6,True,True,0.5
W2a-H200-002,W2a,200,160,thr6,2.0,6,True,True,0.5
W2a-H200-002,W2a,200,20,buf4,1.0,6,True,True,1.0
W2a-H200-002,W2a,200,20,buf8 (default),1.0,6,True,True,1.0
W2a-H200-002,W2a,200,20,buf16,1.0,6,True,True,1.0
W2a-H200-002,W2a,200,20,k3,3.0,3,True,True,0.3333333333333333
W2a-H200-002,W2a,200,20,k12,1.0,12,True,True,1.0
W2a-H200-002,W2a,200,20,thr0,1.0,6,True,True,1.0
W2a-H200-002,W2a,200,20,thr6,1.0,6,True,True,1.0
W2a-H200-003,W2a,200,20,buf4,1.0,6,True,True,1.0
W2a-H200-003,W2a,200,20,buf8 (default),1.0,6,True,True,1.0
W2a-H200-003,W2a,200,20,buf16,1.0,6,True,True,1.0
W2a-H200-003,W2a,200,20,k3,1.0,3,True,True,1.0
W2a-H200-003,W2a,200,20,k12,1.0,12,True,True,1.0
W2a-H200-003,W2a,200,20,thr0,1.0,6,True,True,1.0
W2a-H200-003,W2a,200,20,thr6,1.0,6,True,True,1.0
W2a-H200-003,W2a,200,10,buf4,1.0,6,True,True,1.0
W2a-H200-003,W2a,200,10,buf8 (default),1.0,6,True,True,1.0
W2a-H200-003,W2a,200,10,buf16,1.0,6,True,True,1.0
W2a-H200-003,W2a,200,10,k3,1.0,3,True,True,1.0
W2a-H200-003,W2a,200,10,k12,1.0,12,True,True,1.0
W2a-H200-003,W2a,200,10,thr0,1.0,6,True,True,1.0
W2a-H200-003,W2a,200,10,thr6,1.0,6,True,True,1.0
W2a-H200-003,W2a,200,80,buf4,1.0,6,True,True,1.0
W2a-H200-003,W2a,200,80,buf8 (default),1.0,6,True,True,1.0
W2a-H200-003,W2a,200,80,buf16,1.0,6,True,True,1.0
W2a-H200-003,W2a,200,80,k3,1.0,3,True,True,1.0
W2a-H200-003,W2a,200,80,k12,1.0,12,True,True,1.0
W2a-H200-003,W2a,200,80,thr0,1.0,6,True,True,1.0
W2a-H200-003,W2a,200,80,thr6,1.0,6,True,True,1.0
W2a-H200-003,W2a,200,10,buf4,1.0,6,True,True,1.0
W2a-H200-003,W2a,200,10,buf8 (default),1.0,6,True,True,1.0
W2a-H200-003,W2a,200,10,buf16,1.0,6,True,True,1.0
W2a-H200-003,W2a,200,10,k3,1.0,3,True,True,1.0
W2a-H200-003,W2a,200,10,k12,1.0,12,True,True,1.0
W2a-H200-003,W2a,200,10,thr0,1.0,6,True,True,1.0
W2a-H200-003,W2a,200,10,thr6,1.0,6,True,True,1.0
W2a-H200-003,W2a,200,5,buf4,2.0,6,True,True,0.5
W2a-H200-003,W2a,200,5,buf8 (default),2.0,6,True,True,0.5
W2a-H200-003,W2a,200,5,buf16,2.0,6,True,True,0.5
W2a-H200-003,W2a,200,5,k3,2.0,3,True,True,0.5
W2a-H200-003,W2a,200,5,k12,2.0,12,True,True,0.5
W2a-H200-003,W2a,200,5,thr0,2.0,6,True,True,0.5
W2a-H200-003,W2a,200,5,thr6,2.0,6,True,True,0.5
W2a-H200-003,W2a,200,160,buf4,1.0,6,True,True,1.0
W2a-H200-003,W2a,200,160,buf8 (default),1.0,6,True,True,1.0
W2a-H200-003,W2a,200,160,buf16,1.0,6,True,True,1.0
W2a-H200-003,W2a,200,160,k3,1.0,3,True,True,1.0
W2a-H200-003,W2a,200,160,k12,1.0,12,True,True,1.0
W2a-H200-003,W2a,200,160,thr0,1.0,6,True,True,1.0
W2a-H200-003,W2a,200,160,thr6,1.0,6,True,True,1.0
W2a-H200-003,W2a,200,40,buf4,3.0,6,True,True,0.3333333333333333
W2a-H200-003,W2a,200,40,buf8 (default),3.0,6,True,True,0.3333333333333333
W2a-H200-003,W2a,200,40,buf16,3.0,6,True,True,0.3333333333333333
W2a-H200-003,W2a,200,40,k3,3.0,3,True,True,0.3333333333333333
W2a-H200-003,W2a,200,40,k12,3.0,12,True,True,0.3333333333333333
W2a-H200-003,W2a,200,40,thr0,3.0,6,True,True,0.3333333333333333
W2a-H200-003,W2a,200,40,thr6,3.0,6,True,True,0.3333333333333333
W2a-H200-003,W2a,200,160,buf4,1.0,6,True,True,1.0
W2a-H200-003,W2a,200,160,buf8 (default),1.0,6,True,True,1.0
W2a-H200-003,W2a,200,160,buf16,1.0,6,True,True,1.0
W2a-H200-003,W2a,200,160,k3,1.0,3,True,True,1.0
W2a-H200-003,W2a,200,160,k12,1.0,12,True,True,1.0
W2a-H200-003,W2a,200,160,thr0,1.0,6,True,True,1.0
W2a-H200-003,W2a,200,160,thr6,1.0,6,True,True,1.0
W2a-H200-003,W2a,200,40,buf4,2.0,6,True,True,0.5
W2a-H200-003,W2a,200,40,buf8 (default),2.0,6,True,True,0.5
W2a-H200-003,W2a,200,40,buf16,2.0,6,True,True,0.5
W2a-H200-003,W2a,200,40,k3,2.0,3,True,True,0.5
W2a-H200-003,W2a,200,40,k12,2.0,12,True,True,0.5
W2a-H200-003,W2a,200,40,thr0,2.0,6,True,True,0.5
W2a-H200-003,W2a,200,40,thr6,2.0,6,True,True,0.5
W2a-H200-003,W2a,200,80,buf4,2.0,6,True,True,0.5
W2a-H200-003,W2a,200,80,buf8 (default),2.0,6,True,True,0.5
W2a-H200-003,W2a,200,80,buf16,2.0,6,True,True,0.5
W2a-H200-003,W2a,200,80,k3,2.0,3,True,True,0.5
W2a-H200-003,W2a,200,80,k12,2.0,12,True,True,0.5
W2a-H200-003,W2a,200,80,thr0,2.0,6,True,True,0.5
W2a-H200-003,W2a,200,80,thr6,2.0,6,True,True,0.5
W2a-H200-003,W2a,200,5,buf4,1.0,6,True,True,1.0
W2a-H200-003,W2a,200,5,buf8 (default),1.0,6,True,True,1.0
W2a-H200-003,W2a,200,5,buf16,1.0,6,True,True,1.0
W2a-H200-003,W2a,200,5,k3,,3,True,True,0.0
W2a-H200-003,W2a,200,5,k12,1.0,12,True,True,1.0
W2a-H200-003,W2a,200,5,thr0,1.0,6,True,True,1.0
W2a-H200-003,W2a,200,5,thr6,1.0,6,True,True,1.0
W2a-H200-003,W2a,200,20,buf4,2.0,6,True,True,0.5
W2a-H200-003,W2a,200,20,buf8 (default),2.0,6,True,True,0.5
W2a-H200-003,W2a,200,20,buf16,2.0,6,True,True,0.5
W2a-H200-003,W2a,200,20,k3,2.0,3,True,True,0.5
W2a-H200-003,W2a,200,20,k12,2.0,12,True,True,0.5
W2a-H200-003,W2a,200,20,thr0,2.0,6,True,True,0.5
W2a-H200-003,W2a,200,20,thr6,2.0,6,True,True,0.5
W2a-H200-004,W2a,200,5,buf4,1.0,6,True,True,1.0
W2a-H200-004,W2a,200,5,buf8 (default),1.0,6,True,True,1.0
W2a-H200-004,W2a,200,5,buf16,1.0,6,True,True,1.0
W2a-H200-004,W2a,200,5,k3,1.0,3,True,True,1.0
W2a-H200-004,W2a,200,5,k12,1.0,12,True,True,1.0
W2a-H200-004,W2a,200,5,thr0,1.0,6,True,True,1.0
W2a-H200-004,W2a,200,5,thr6,1.0,6,True,True,1.0
W2a-H200-004,W2a,200,20,buf4,1.0,6,True,True,1.0
W2a-H200-004,W2a,200,20,buf8 (default),1.0,6,True,True,1.0
W2a-H200-004,W2a,200,20,buf16,1.0,6,True,True,1.0
W2a-H200-004,W2a,200,20,k3,1.0,3,True,True,1.0
W2a-H200-004,W2a,200,20,k12,1.0,12,True,True,1.0
W2a-H200-004,W2a,200,20,thr0,1.0,6,True,True,1.0
W2a-H200-004,W2a,200,20,thr6,1.0,6,True,True,1.0
W2a-H200-004,W2a,200,40,buf4,1.0,6,True,True,1.0
W2a-H200-004,W2a,200,40,buf8 (default),1.0,6,True,True,1.0
W2a-H200-004,W2a,200,40,buf16,1.0,6,True,True,1.0
W2a-H200-004,W2a,200,40,k3,1.0,3,True,True,1.0
W2a-H200-004,W2a,200,40,k12,1.0,12,True,True,1.0
W2a-H200-004,W2a,200,40,thr0,1.0,6,True,True,1.0
W2a-H200-004,W2a,200,40,thr6,1.0,6,True,True,1.0
W2a-H200-004,W2a,200,10,buf4,1.0,6,True,True,1.0
W2a-H200-004,W2a,200,10,buf8 (default),1.0,6,True,True,1.0
W2a-H200-004,W2a,200,10,buf16,1.0,6,True,True,1.0
W2a-H200-004,W2a,200,10,k3,1.0,3,True,True,1.0
W2a-H200-004,W2a,200,10,k12,1.0,12,True,True,1.0
W2a-H200-004,W2a,200,10,thr0,1.0,6,True,True,1.0
W2a-H200-004,W2a,200,10,thr6,1.0,6,True,True,1.0
W2a-H200-004,W2a,200,80,buf4,1.0,6,True,True,1.0
W2a-H200-004,W2a,200,80,buf8 (default),1.0,6,True,True,1.0
W2a-H200-004,W2a,200,80,buf16,1.0,6,True,True,1.0
W2a-H200-004,W2a,200,80,k3,1.0,3,True,True,1.0
W2a-H200-004,W2a,200,80,k12,1.0,12,True,True,1.0
W2a-H200-004,W2a,200,80,thr0,1.0,6,True,True,1.0
W2a-H200-004,W2a,200,80,thr6,1.0,6,True,True,1.0
W2a-H200-004,W2a,200,5,buf4,1.0,6,True,True,1.0
W2a-H200-004,W2a,200,5,buf8 (default),1.0,6,True,True,1.0
W2a-H200-004,W2a,200,5,buf16,1.0,6,True,True,1.0
W2a-H200-004,W2a,200,5,k3,1.0,3,True,True,1.0
W2a-H200-004,W2a,200,5,k12,1.0,12,True,True,1.0
W2a-H200-004,W2a,200,5,thr0,1.0,6,True,True,1.0
W2a-H200-004,W2a,200,5,thr6,1.0,6,True,True,1.0
W2a-H200-004,W2a,200,20,buf4,1.0,6,True,True,1.0
W2a-H200-004,W2a,200,20,buf8 (default),1.0,6,True,True,1.0
W2a-H200-004,W2a,200,20,buf16,1.0,6,True,True,1.0
W2a-H200-004,W2a,200,20,k3,1.0,3,True,True,1.0
W2a-H200-004,W2a,200,20,k12,1.0,12,True,True,1.0
W2a-H200-004,W2a,200,20,thr0,1.0,6,True,True,1.0
W2a-H200-004,W2a,200,20,thr6,1.0,6,True,True,1.0
W2a-H200-004,W2a,200,80,buf4,1.0,6,True,True,1.0
W2a-H200-004,W2a,200,80,buf8 (default),1.0,6,True,True,1.0
W2a-H200-004,W2a,200,80,buf16,1.0,6,True,True,1.0
W2a-H200-004,W2a,200,80,k3,1.0,3,True,True,1.0
W2a-H200-004,W2a,200,80,k12,1.0,12,True,True,1.0
W2a-H200-004,W2a,200,80,thr0,1.0,6,True,True,1.0
W2a-H200-004,W2a,200,80,thr6,1.0,6,True,True,1.0
W2a-H200-004,W2a,200,10,buf4,2.0,6,True,True,0.5
W2a-H200-004,W2a,200,10,buf8 (default),2.0,6,True,True,0.5
W2a-H200-004,W2a,200,10,buf16,2.0,6,True,True,0.5
W2a-H200-004,W2a,200,10,k3,,3,False,True,0.0
W2a-H200-004,W2a,200,10,k12,2.0,12,True,True,0.5
W2a-H200-004,W2a,200,10,thr0,2.0,6,True,True,0.5
W2a-H200-004,W2a,200,10,thr6,6.0,6,True,True,0.16666666666666666
W2a-H200-004,W2a,200,160,buf4,1.0,6,True,True,1.0
W2a-H200-004,W2a,200,160,buf8 (default),1.0,6,True,True,1.0
W2a-H200-004,W2a,200,160,buf16,1.0,6,True,True,1.0
W2a-H200-004,W2a,200,160,k3,2.0,3,True,True,0.5
W2a-H200-004,W2a,200,160,k12,1.0,12,True,True,1.0
W2a-H200-004,W2a,200,160,thr0,1.0,6,True,True,1.0
W2a-H200-004,W2a,200,160,thr6,2.0,6,True,True,0.5
W2a-H200-004,W2a,200,40,buf4,2.0,6,True,True,0.5
W2a-H200-004,W2a,200,40,buf8 (default),2.0,6,True,True,0.5
W2a-H200-004,W2a,200,40,buf16,2.0,6,True,True,0.5
W2a-H200-004,W2a,200,40,k3,2.0,3,True,True,0.5
W2a-H200-004,W2a,200,40,k12,2.0,12,True,True,0.5
W2a-H200-004,W2a,200,40,thr0,2.0,6,True,True,0.5
W2a-H200-004,W2a,200,40,thr6,2.0,6,True,True,0.5
W2a-H200-004,W2a,200,160,buf4,1.0,6,True,True,1.0
W2a-H200-004,W2a,200,160,buf8 (default),1.0,6,True,True,1.0
W2a-H200-004,W2a,200,160,buf16,1.0,6,True,True,1.0
W2a-H200-004,W2a,200,160,k3,,3,False,True,0.0
W2a-H200-004,W2a,200,160,k12,1.0,12,True,True,1.0
W2a-H200-004,W2a,200,160,thr0,1.0,6,True,True,1.0
W2a-H200-004,W2a,200,160,thr6,,6,False,True,0.0
W2a-H200-005,W2a,200,20,buf4,1.0,6,True,True,1.0
W2a-H200-005,W2a,200,20,buf8 (default),1.0,6,True,True,1.0
W2a-H200-005,W2a,200,20,buf16,1.0,6,True,True,1.0
W2a-H200-005,W2a,200,20,k3,1.0,3,True,True,1.0
W2a-H200-005,W2a,200,20,k12,1.0,12,True,True,1.0
W2a-H200-005,W2a,200,20,thr0,1.0,6,True,True,1.0
W2a-H200-005,W2a,200,20,thr6,1.0,6,True,True,1.0
W2a-H200-005,W2a,200,5,buf4,1.0,6,True,True,1.0
W2a-H200-005,W2a,200,5,buf8 (default),1.0,6,True,True,1.0
W2a-H200-005,W2a,200,5,buf16,1.0,6,True,True,1.0
W2a-H200-005,W2a,200,5,k3,1.0,3,True,True,1.0
W2a-H200-005,W2a,200,5,k12,1.0,12,True,True,1.0
W2a-H200-005,W2a,200,5,thr0,1.0,6,True,True,1.0
W2a-H200-005,W2a,200,5,thr6,1.0,6,True,True,1.0
W2a-H200-005,W2a,200,5,buf4,1.0,6,True,True,1.0
W2a-H200-005,W2a,200,5,buf8 (default),1.0,6,True,True,1.0
W2a-H200-005,W2a,200,5,buf16,1.0,6,True,True,1.0
W2a-H200-005,W2a,200,5,k3,2.0,3,True,True,0.5
W2a-H200-005,W2a,200,5,k12,1.0,12,True,True,1.0
W2a-H200-005,W2a,200,5,thr0,1.0,6,True,True,1.0
W2a-H200-005,W2a,200,5,thr6,2.0,6,True,True,0.5
W2a-H200-005,W2a,200,10,buf4,2.0,6,True,True,0.5
W2a-H200-005,W2a,200,10,buf8 (default),2.0,6,True,True,0.5
W2a-H200-005,W2a,200,10,buf16,2.0,6,True,True,0.5
W2a-H200-005,W2a,200,10,k3,2.0,3,True,True,0.5
W2a-H200-005,W2a,200,10,k12,1.0,12,True,True,1.0
W2a-H200-005,W2a,200,10,thr0,1.0,6,True,True,1.0
W2a-H200-005,W2a,200,10,thr6,2.0,6,True,True,0.5
W2a-H200-005,W2a,200,80,buf4,1.0,6,True,True,1.0
W2a-H200-005,W2a,200,80,buf8 (default),1.0,6,True,True,1.0
W2a-H200-005,W2a,200,80,buf16,1.0,6,True,True,1.0
W2a-H200-005,W2a,200,80,k3,1.0,3,True,True,1.0
W2a-H200-005,W2a,200,80,k12,1.0,12,True,True,1.0
W2a-H200-005,W2a,200,80,thr0,1.0,6,True,True,1.0
W2a-H200-005,W2a,200,80,thr6,1.0,6,True,True,1.0
W2a-H200-005,W2a,200,10,buf4,1.0,6,True,True,1.0
W2a-H200-005,W2a,200,10,buf8 (default),1.0,6,True,True,1.0
W2a-H200-005,W2a,200,10,buf16,1.0,6,True,True,1.0
W2a-H200-005,W2a,200,10,k3,1.0,3,True,True,1.0
W2a-H200-005,W2a,200,10,k12,1.0,12,True,True,1.0
W2a-H200-005,W2a,200,10,thr0,1.0,6,True,True,1.0
W2a-H200-005,W2a,200,10,thr6,1.0,6,True,True,1.0
W2a-H200-005,W2a,200,40,buf4,1.0,6,True,True,1.0
W2a-H200-005,W2a,200,40,buf8 (default),1.0,6,True,True,1.0
W2a-H200-005,W2a,200,40,buf16,1.0,6,True,True,1.0
W2a-H200-005,W2a,200,40,k3,1.0,3,True,True,1.0
W2a-H200-005,W2a,200,40,k12,1.0,12,True,True,1.0
W2a-H200-005,W2a,200,40,thr0,1.0,6,True,True,1.0
W2a-H200-005,W2a,200,40,thr6,3.0,6,True,True,0.3333333333333333
W2a-H200-005,W2a,200,20,buf4,1.0,6,True,True,1.0
W2a-H200-005,W2a,200,20,buf8 (default),1.0,6,True,True,1.0
W2a-H200-005,W2a,200,20,buf16,1.0,6,True,True,1.0
W2a-H200-005,W2a,200,20,k3,1.0,3,True,True,1.0
W2a-H200-005,W2a,200,20,k12,1.0,12,True,True,1.0
W2a-H200-005,W2a,200,20,thr0,1.0,6,True,True,1.0
W2a-H200-005,W2a,200,20,thr6,1.0,6,True,True,1.0
W2a-H200-005,W2a,200,80,buf4,1.0,6,True,True,1.0
W2a-H200-005,W2a,200,80,buf8 (default),1.0,6,True,True,1.0
W2a-H200-005,W2a,200,80,buf16,1.0,6,True,True,1.0
W2a-H200-005,W2a,200,80,k3,1.0,3,True,True,1.0
W2a-H200-005,W2a,200,80,k12,1.0,12,True,True,1.0
W2a-H200-005,W2a,200,80,thr0,1.0,6,True,True,1.0
W2a-H200-005,W2a,200,80,thr6,5.0,6,True,True,0.2
W2a-H200-005,W2a,200,160,buf4,1.0,6,True,True,1.0
W2a-H200-005,W2a,200,160,buf8 (default),1.0,6,True,True,1.0
W2a-H200-005,W2a,200,160,buf16,1.0,6,True,True,1.0
W2a-H200-005,W2a,200,160,k3,1.0,3,True,True,1.0
W2a-H200-005,W2a,200,160,k12,1.0,12,True,True,1.0
W2a-H200-005,W2a,200,160,thr0,1.0,6,True,True,1.0
W2a-H200-005,W2a,200,160,thr6,1.0,6,True,True,1.0
W2a-H200-005,W2a,200,40,buf4,1.0,6,True,True,1.0
W2a-H200-005,W2a,200,40,buf8 (default),1.0,6,True,True,1.0
W2a-H200-005,W2a,200,40,buf16,1.0,6,True,True,1.0
W2a-H200-005,W2a,200,40,k3,1.0,3,True,True,1.0
W2a-H200-005,W2a,200,40,k12,1.0,12,True,True,1.0
W2a-H200-005,W2a,200,40,thr0,1.0,6,True,True,1.0
W2a-H200-005,W2a,200,40,thr6,1.0,6,True,True,1.0
W2a-H200-005,W2a,200,160,buf4,1.0,6,True,True,1.0
W2a-H200-005,W2a,200,160,buf8 (default),1.0,6,True,True,1.0
W2a-H200-005,W2a,200,160,buf16,1.0,6,True,True,1.0
W2a-H200-005,W2a,200,160,k3,1.0,3,True,True,1.0
W2a-H200-005,W2a,200,160,k12,1.0,12,True,True,1.0
W2a-H200-005,W2a,200,160,thr0,1.0,6,True,True,1.0
W2a-H200-005,W2a,200,160,thr6,1.0,6,True,True,1.0
W2a-H200-006,W2a,200,10,buf4,1.0,6,True,True,1.0
W2a-H200-006,W2a,200,10,buf8 (default),1.0,6,True,True,1.0
W2a-H200-006,W2a,200,10,buf16,1.0,6,True,True,1.0
W2a-H200-006,W2a,200,10,k3,1.0,3,True,True,1.0
W2a-H200-006,W2a,200,10,k12,1.0,12,True,True,1.0
W2a-H200-006,W2a,200,10,thr0,1.0,6,True,True,1.0
W2a-H200-006,W2a,200,10,thr6,1.0,6,True,True,1.0
W2a-H200-006,W2a,200,10,buf4,1.0,6,True,True,1.0
W2a-H200-006,W2a,200,10,buf8 (default),1.0,6,True,True,1.0
W2a-H200-006,W2a,200,10,buf16,1.0,6,True,True,1.0
W2a-H200-006,W2a,200,10,k3,1.0,3,True,True,1.0
W2a-H200-006,W2a,200,10,k12,1.0,12,True,True,1.0
W2a-H200-006,W2a,200,10,thr0,1.0,6,True,True,1.0
W2a-H200-006,W2a,200,10,thr6,1.0,6,True,True,1.0
W2a-H200-006,W2a,200,80,buf4,1.0,6,True,True,1.0
W2a-H200-006,W2a,200,80,buf8 (default),1.0,6,True,True,1.0
W2a-H200-006,W2a,200,80,buf16,1.0,6,True,True,1.0
W2a-H200-006,W2a,200,80,k3,1.0,3,True,True,1.0
W2a-H200-006,W2a,200,80,k12,1.0,12,True,True,1.0
W2a-H200-006,W2a,200,80,thr0,1.0,6,True,True,1.0
W2a-H200-006,W2a,200,80,thr6,1.0,6,True,True,1.0
W2a-H200-006,W2a,200,5,buf4,2.0,6,True,True,0.5
W2a-H200-006,W2a,200,5,buf8 (default),2.0,6,True,True,0.5
W2a-H200-006,W2a,200,5,buf16,2.0,6,True,True,0.5
W2a-H200-006,W2a,200,5,k3,2.0,3,True,True,0.5
W2a-H200-006,W2a,200,5,k12,2.0,12,True,True,0.5
W2a-H200-006,W2a,200,5,thr0,2.0,6,True,True,0.5
W2a-H200-006,W2a,200,5,thr6,2.0,6,True,True,0.5
W2a-H200-006,W2a,200,20,buf4,1.0,6,True,True,1.0
W2a-H200-006,W2a,200,20,buf8 (default),1.0,6,True,True,1.0
W2a-H200-006,W2a,200,20,buf16,1.0,6,True,True,1.0
W2a-H200-006,W2a,200,20,k3,1.0,3,True,True,1.0
W2a-H200-006,W2a,200,20,k12,1.0,12,True,True,1.0
W2a-H200-006,W2a,200,20,thr0,1.0,6,True,True,1.0
W2a-H200-006,W2a,200,20,thr6,1.0,6,True,True,1.0
W2a-H200-006,W2a,200,20,buf4,1.0,6,True,True,1.0
W2a-H200-006,W2a,200,20,buf8 (default),1.0,6,True,True,1.0
W2a-H200-006,W2a,200,20,buf16,1.0,6,True,True,1.0
W2a-H200-006,W2a,200,20,k3,1.0,3,True,True,1.0
W2a-H200-006,W2a,200,20,k12,1.0,12,True,True,1.0
W2a-H200-006,W2a,200,20,thr0,1.0,6,True,True,1.0
W2a-H200-006,W2a,200,20,thr6,2.0,6,True,True,0.5
W2a-H200-006,W2a,200,80,buf4,1.0,6,True,True,1.0
W2a-H200-006,W2a,200,80,buf8 (default),1.0,6,True,True,1.0
W2a-H200-006,W2a,200,80,buf16,1.0,6,True,True,1.0
W2a-H200-006,W2a,200,80,k3,1.0,3,True,True,1.0
W2a-H200-006,W2a,200,80,k12,1.0,12,True,True,1.0
W2a-H200-006,W2a,200,80,thr0,1.0,6,True,True,1.0
W2a-H200-006,W2a,200,80,thr6,1.0,6,True,True,1.0
W2a-H200-006,W2a,200,5,buf4,1.0,6,True,True,1.0
W2a-H200-006,W2a,200,5,buf8 (default),1.0,6,True,True,1.0
W2a-H200-006,W2a,200,5,buf16,1.0,6,True,True,1.0
W2a-H200-006,W2a,200,5,k3,3.0,3,True,True,0.3333333333333333
W2a-H200-006,W2a,200,5,k12,1.0,12,True,True,1.0
W2a-H200-006,W2a,200,5,thr0,1.0,6,True,True,1.0
W2a-H200-006,W2a,200,5,thr6,1.0,6,True,True,1.0
W2a-H200-006,W2a,200,40,buf4,1.0,6,True,True,1.0
W2a-H200-006,W2a,200,40,buf8 (default),1.0,6,True,True,1.0
W2a-H200-006,W2a,200,40,buf16,1.0,6,True,True,1.0
W2a-H200-006,W2a,200,40,k3,1.0,3,True,True,1.0
W2a-H200-006,W2a,200,40,k12,1.0,12,True,True,1.0
W2a-H200-006,W2a,200,40,thr0,1.0,6,True,True,1.0
W2a-H200-006,W2a,200,40,thr6,1.0,6,True,True,1.0
W2a-H200-006,W2a,200,40,buf4,1.0,6,True,True,1.0
W2a-H200-006,W2a,200,40,buf8 (default),1.0,6,True,True,1.0
W2a-H200-006,W2a,200,40,buf16,1.0,6,True,True,1.0
W2a-H200-006,W2a,200,40,k3,1.0,3,True,True,1.0
W2a-H200-006,W2a,200,40,k12,1.0,12,True,True,1.0
W2a-H200-006,W2a,200,40,thr0,1.0,6,True,True,1.0
W2a-H200-006,W2a,200,40,thr6,6.0,6,True,True,0.16666666666666666
W2a-H200-006,W2a,200,160,buf4,2.0,6,True,True,0.5
W2a-H200-006,W2a,200,160,buf8 (default),2.0,6,True,True,0.5
W2a-H200-006,W2a,200,160,buf16,2.0,6,True,True,0.5
W2a-H200-006,W2a,200,160,k3,2.0,3,True,True,0.5
W2a-H200-006,W2a,200,160,k12,2.0,12,True,True,0.5
W2a-H200-006,W2a,200,160,thr0,2.0,6,True,True,0.5
W2a-H200-006,W2a,200,160,thr6,2.0,6,True,True,0.5
W2a-H200-006,W2a,200,160,buf4,3.0,6,True,True,0.3333333333333333
W2a-H200-006,W2a,200,160,buf8 (default),3.0,6,True,True,0.3333333333333333
W2a-H200-006,W2a,200,160,buf16,3.0,6,True,True,0.3333333333333333
W2a-H200-006,W2a,200,160,k3,3.0,3,True,True,0.3333333333333333
W2a-H200-006,W2a,200,160,k12,3.0,12,True,True,0.3333333333333333
W2a-H200-006,W2a,200,160,thr0,3.0,6,True,True,0.3333333333333333
W2a-H200-006,W2a,200,160,thr6,,6,False,True,0.0
W2a-H200-007,W2a,200,10,buf4,1.0,6,True,True,1.0
W2a-H200-007,W2a,200,10,buf8 (default),1.0,6,True,True,1.0
W2a-H200-007,W2a,200,10,buf16,1.0,6,True,True,1.0
W2a-H200-007,W2a,200,10,k3,1.0,3,True,True,1.0
W2a-H200-007,W2a,200,10,k12,1.0,12,True,True,1.0
W2a-H200-007,W2a,200,10,thr0,1.0,6,True,True,1.0
W2a-H200-007,W2a,200,10,thr6,1.0,6,True,True,1.0
W2a-H200-007,W2a,200,40,buf4,1.0,6,True,True,1.0
W2a-H200-007,W2a,200,40,buf8 (default),1.0,6,True,True,1.0
W2a-H200-007,W2a,200,40,buf16,1.0,6,True,True,1.0
W2a-H200-007,W2a,200,40,k3,1.0,3,True,True,1.0
W2a-H200-007,W2a,200,40,k12,1.0,12,True,True,1.0
W2a-H200-007,W2a,200,40,thr0,1.0,6,True,True,1.0
W2a-H200-007,W2a,200,40,thr6,1.0,6,True,True,1.0
W2a-H200-007,W2a,200,20,buf4,1.0,6,True,True,1.0
W2a-H200-007,W2a,200,20,buf8 (default),1.0,6,True,True,1.0
W2a-H200-007,W2a,200,20,buf16,1.0,6,True,True,1.0
W2a-H200-007,W2a,200,20,k3,1.0,3,True,True,1.0
W2a-H200-007,W2a,200,20,k12,1.0,12,True,True,1.0
W2a-H200-007,W2a,200,20,thr0,1.0,6,True,True,1.0
W2a-H200-007,W2a,200,20,thr6,2.0,6,True,True,0.5
W2a-H200-007,W2a,200,20,buf4,1.0,6,True,True,1.0
W2a-H200-007,W2a,200,20,buf8 (default),1.0,6,True,True,1.0
W2a-H200-007,W2a,200,20,buf16,1.0,6,True,True,1.0
W2a-H200-007,W2a,200,20,k3,1.0,3,True,True,1.0
W2a-H200-007,W2a,200,20,k12,1.0,12,True,True,1.0
W2a-H200-007,W2a,200,20,thr0,1.0,6,True,True,1.0
W2a-H200-007,W2a,200,20,thr6,1.0,6,True,True,1.0
W2a-H200-007,W2a,200,5,buf4,1.0,6,True,True,1.0
W2a-H200-007,W2a,200,5,buf8 (default),1.0,6,True,True,1.0
W2a-H200-007,W2a,200,5,buf16,1.0,6,True,True,1.0
W2a-H200-007,W2a,200,5,k3,1.0,3,True,True,1.0
W2a-H200-007,W2a,200,5,k12,1.0,12,True,True,1.0
W2a-H200-007,W2a,200,5,thr0,1.0,6,True,True,1.0
W2a-H200-007,W2a,200,5,thr6,1.0,6,True,True,1.0
W2a-H200-007,W2a,200,10,buf4,1.0,6,True,True,1.0
W2a-H200-007,W2a,200,10,buf8 (default),1.0,6,True,True,1.0
W2a-H200-007,W2a,200,10,buf16,1.0,6,True,True,1.0
W2a-H200-007,W2a,200,10,k3,1.0,3,True,True,1.0
W2a-H200-007,W2a,200,10,k12,1.0,12,True,True,1.0
W2a-H200-007,W2a,200,10,thr0,1.0,6,True,True,1.0
W2a-H200-007,W2a,200,10,thr6,1.0,6,True,True,1.0
W2a-H200-007,W2a,200,40,buf4,1.0,6,True,True,1.0
W2a-H200-007,W2a,200,40,buf8 (default),1.0,6,True,True,1.0
W2a-H200-007,W2a,200,40,buf16,1.0,6,True,True,1.0
W2a-H200-007,W2a,200,40,k3,1.0,3,True,True,1.0
W2a-H200-007,W2a,200,40,k12,1.0,12,True,True,1.0
W2a-H200-007,W2a,200,40,thr0,1.0,6,True,True,1.0
W2a-H200-007,W2a,200,40,thr6,1.0,6,True,True,1.0
W2a-H200-007,W2a,200,80,buf4,1.0,6,True,True,1.0
W2a-H200-007,W2a,200,80,buf8 (default),1.0,6,True,True,1.0
W2a-H200-007,W2a,200,80,buf16,1.0,6,True,True,1.0
W2a-H200-007,W2a,200,80,k3,1.0,3,True,True,1.0
W2a-H200-007,W2a,200,80,k12,1.0,12,True,True,1.0
W2a-H200-007,W2a,200,80,thr0,1.0,6,True,True,1.0
W2a-H200-007,W2a,200,80,thr6,1.0,6,True,True,1.0
W2a-H200-007,W2a,200,80,buf4,1.0,6,True,True,1.0
W2a-H200-007,W2a,200,80,buf8 (default),1.0,6,True,True,1.0
W2a-H200-007,W2a,200,80,buf16,1.0,6,True,True,1.0
W2a-H200-007,W2a,200,80,k3,1.0,3,True,True,1.0
W2a-H200-007,W2a,200,80,k12,1.0,12,True,True,1.0
W2a-H200-007,W2a,200,80,thr0,1.0,6,True,True,1.0
W2a-H200-007,W2a,200,80,thr6,2.0,6,True,True,0.5
W2a-H200-007,W2a,200,160,buf4,2.0,6,True,True,0.5
W2a-H200-007,W2a,200,160,buf8 (default),2.0,6,True,True,0.5
W2a-H200-007,W2a,200,160,buf16,2.0,6,True,True,0.5
W2a-H200-007,W2a,200,160,k3,2.0,3,True,True,0.5
W2a-H200-007,W2a,200,160,k12,2.0,12,True,True,0.5
W2a-H200-007,W2a,200,160,thr0,2.0,6,True,True,0.5
W2a-H200-007,W2a,200,160,thr6,2.0,6,True,True,0.5
W2a-H200-007,W2a,200,5,buf4,1.0,6,True,True,1.0
W2a-H200-007,W2a,200,5,buf8 (default),1.0,6,True,True,1.0
W2a-H200-007,W2a,200,5,buf16,1.0,6,True,True,1.0
W2a-H200-007,W2a,200,5,k3,1.0,3,True,True,1.0
W2a-H200-007,W2a,200,5,k12,1.0,12,True,True,1.0
W2a-H200-007,W2a,200,5,thr0,1.0,6,True,True,1.0
W2a-H200-007,W2a,200,5,thr6,1.0,6,True,True,1.0
W2a-H200-007,W2a,200,160,buf4,1.0,6,True,True,1.0
W2a-H200-007,W2a,200,160,buf8 (default),1.0,6,True,True,1.0
W2a-H200-007,W2a,200,160,buf16,1.0,6,True,True,1.0
W2a-H200-007,W2a,200,160,k3,1.0,3,True,True,1.0
W2a-H200-007,W2a,200,160,k12,1.0,12,True,True,1.0
W2a-H200-007,W2a,200,160,thr0,1.0,6,True,True,1.0
W2a-H200-007,W2a,200,160,thr6,1.0,6,True,True,1.0
W2a-H200-008,W2a,200,20,buf4,1.0,6,True,True,1.0
W2a-H200-008,W2a,200,20,buf8 (default),1.0,6,True,True,1.0
W2a-H200-008,W2a,200,20,buf16,1.0,6,True,True,1.0
W2a-H200-008,W2a,200,20,k3,1.0,3,True,True,1.0
W2a-H200-008,W2a,200,20,k12,1.0,12,True,True,1.0
W2a-H200-008,W2a,200,20,thr0,1.0,6,True,True,1.0
W2a-H200-008,W2a,200,20,thr6,1.0,6,True,True,1.0
W2a-H200-008,W2a,200,40,buf4,1.0,6,True,True,1.0
W2a-H200-008,W2a,200,40,buf8 (default),1.0,6,True,True,1.0
W2a-H200-008,W2a,200,40,buf16,1.0,6,True,True,1.0
W2a-H200-008,W2a,200,40,k3,1.0,3,True,True,1.0
W2a-H200-008,W2a,200,40,k12,1.0,12,True,True,1.0
W2a-H200-008,W2a,200,40,thr0,1.0,6,True,True,1.0
W2a-H200-008,W2a,200,40,thr6,1.0,6,True,True,1.0
W2a-H200-008,W2a,200,40,buf4,3.0,6,True,True,0.3333333333333333
W2a-H200-008,W2a,200,40,buf8 (default),3.0,6,True,True,0.3333333333333333
W2a-H200-008,W2a,200,40,buf16,3.0,6,True,True,0.3333333333333333
W2a-H200-008,W2a,200,40,k3,3.0,3,True,True,0.3333333333333333
W2a-H200-008,W2a,200,40,k12,1.0,12,True,True,1.0
W2a-H200-008,W2a,200,40,thr0,1.0,6,True,True,1.0
W2a-H200-008,W2a,200,40,thr6,3.0,6,True,True,0.3333333333333333
W2a-H200-008,W2a,200,80,buf4,1.0,6,True,True,1.0
W2a-H200-008,W2a,200,80,buf8 (default),1.0,6,True,True,1.0
W2a-H200-008,W2a,200,80,buf16,1.0,6,True,True,1.0
W2a-H200-008,W2a,200,80,k3,1.0,3,True,True,1.0
W2a-H200-008,W2a,200,80,k12,1.0,12,True,True,1.0
W2a-H200-008,W2a,200,80,thr0,1.0,6,True,True,1.0
W2a-H200-008,W2a,200,80,thr6,1.0,6,True,True,1.0
W2a-H200-008,W2a,200,10,buf4,1.0,6,True,True,1.0
W2a-H200-008,W2a,200,10,buf8 (default),1.0,6,True,True,1.0
W2a-H200-008,W2a,200,10,buf16,1.0,6,True,True,1.0
W2a-H200-008,W2a,200,10,k3,1.0,3,True,True,1.0
W2a-H200-008,W2a,200,10,k12,1.0,12,True,True,1.0
W2a-H200-008,W2a,200,10,thr0,1.0,6,True,True,1.0
W2a-H200-008,W2a,200,10,thr6,1.0,6,True,True,1.0
W2a-H200-008,W2a,200,5,buf4,1.0,6,True,True,1.0
W2a-H200-008,W2a,200,5,buf8 (default),1.0,6,True,True,1.0
W2a-H200-008,W2a,200,5,buf16,1.0,6,True,True,1.0
W2a-H200-008,W2a,200,5,k3,1.0,3,True,True,1.0
W2a-H200-008,W2a,200,5,k12,1.0,12,True,True,1.0
W2a-H200-008,W2a,200,5,thr0,1.0,6,True,True,1.0
W2a-H200-008,W2a,200,5,thr6,1.0,6,True,True,1.0
W2a-H200-008,W2a,200,10,buf4,1.0,6,True,True,1.0
W2a-H200-008,W2a,200,10,buf8 (default),1.0,6,True,True,1.0
W2a-H200-008,W2a,200,10,buf16,1.0,6,True,True,1.0
W2a-H200-008,W2a,200,10,k3,1.0,3,True,True,1.0
W2a-H200-008,W2a,200,10,k12,1.0,12,True,True,1.0
W2a-H200-008,W2a,200,10,thr0,1.0,6,True,True,1.0
W2a-H200-008,W2a,200,10,thr6,1.0,6,True,True,1.0
W2a-H200-008,W2a,200,80,buf4,1.0,6,True,True,1.0
W2a-H200-008,W2a,200,80,buf8 (default),1.0,6,True,True,1.0
W2a-H200-008,W2a,200,80,buf16,1.0,6,True,True,1.0
W2a-H200-008,W2a,200,80,k3,2.0,3,True,True,0.5
W2a-H200-008,W2a,200,80,k12,1.0,12,True,True,1.0
W2a-H200-008,W2a,200,80,thr0,1.0,6,True,True,1.0
W2a-H200-008,W2a,200,80,thr6,2.0,6,True,True,0.5
W2a-H200-008,W2a,200,20,buf4,1.0,6,True,True,1.0
W2a-H200-008,W2a,200,20,buf8 (default),1.0,6,True,True,1.0
W2a-H200-008,W2a,200,20,buf16,1.0,6,True,True,1.0
W2a-H200-008,W2a,200,20,k3,1.0,3,True,True,1.0
W2a-H200-008,W2a,200,20,k12,1.0,12,True,True,1.0
W2a-H200-008,W2a,200,20,thr0,1.0,6,True,True,1.0
W2a-H200-008,W2a,200,20,thr6,1.0,6,True,True,1.0
W2a-H200-008,W2a,200,5,buf4,1.0,6,True,True,1.0
W2a-H200-008,W2a,200,5,buf8 (default),1.0,6,True,True,1.0
W2a-H200-008,W2a,200,5,buf16,1.0,6,True,True,1.0
W2a-H200-008,W2a,200,5,k3,1.0,3,True,True,1.0
W2a-H200-008,W2a,200,5,k12,1.0,12,True,True,1.0
W2a-H200-008,W2a,200,5,thr0,1.0,6,True,True,1.0
W2a-H200-008,W2a,200,5,thr6,6.0,6,True,True,0.16666666666666666
W2a-H200-008,W2a,200,160,buf4,1.0,6,True,True,1.0
W2a-H200-008,W2a,200,160,buf8 (default),1.0,6,True,True,1.0
W2a-H200-008,W2a,200,160,buf16,1.0,6,True,True,1.0
W2a-H200-008,W2a,200,160,k3,1.0,3,True,True,1.0
W2a-H200-008,W2a,200,160,k12,1.0,12,True,True,1.0
W2a-H200-008,W2a,200,160,thr0,1.0,6,True,True,1.0
W2a-H200-008,W2a,200,160,thr6,1.0,6,True,True,1.0
W2a-H200-008,W2a,200,160,buf4,1.0,6,True,True,1.0
W2a-H200-008,W2a,200,160,buf8 (default),1.0,6,True,True,1.0
W2a-H200-008,W2a,200,160,buf16,1.0,6,True,True,1.0
W2a-H200-008,W2a,200,160,k3,1.0,3,True,True,1.0
W2a-H200-008,W2a,200,160,k12,1.0,12,True,True,1.0
W2a-H200-008,W2a,200,160,thr0,1.0,6,True,True,1.0
W2a-H200-008,W2a,200,160,thr6,1.0,6,True,True,1.0
W2a-H200-009,W2a,200,20,buf4,1.0,6,True,True,1.0
W2a-H200-009,W2a,200,20,buf8 (default),1.0,6,True,True,1.0
W2a-H200-009,W2a,200,20,buf16,1.0,6,True,True,1.0
W2a-H200-009,W2a,200,20,k3,1.0,3,True,True,1.0
W2a-H200-009,W2a,200,20,k12,1.0,12,True,True,1.0
W2a-H200-009,W2a,200,20,thr0,1.0,6,True,True,1.0
W2a-H200-009,W2a,200,20,thr6,1.0,6,True,True,1.0
W2a-H200-009,W2a,200,5,buf4,1.0,6,True,True,1.0
W2a-H200-009,W2a,200,5,buf8 (default),1.0,6,True,True,1.0
W2a-H200-009,W2a,200,5,buf16,1.0,6,True,True,1.0
W2a-H200-009,W2a,200,5,k3,1.0,3,True,True,1.0
W2a-H200-009,W2a,200,5,k12,1.0,12,True,True,1.0
W2a-H200-009,W2a,200,5,thr0,1.0,6,True,True,1.0
W2a-H200-009,W2a,200,5,thr6,2.0,6,True,True,0.5
W2a-H200-009,W2a,200,20,buf4,1.0,6,True,True,1.0
W2a-H200-009,W2a,200,20,buf8 (default),1.0,6,True,True,1.0
W2a-H200-009,W2a,200,20,buf16,1.0,6,True,True,1.0
W2a-H200-009,W2a,200,20,k3,1.0,3,True,True,1.0
W2a-H200-009,W2a,200,20,k12,1.0,12,True,True,1.0
W2a-H200-009,W2a,200,20,thr0,1.0,6,True,True,1.0
W2a-H200-009,W2a,200,20,thr6,1.0,6,True,True,1.0
W2a-H200-009,W2a,200,10,buf4,1.0,6,True,True,1.0
W2a-H200-009,W2a,200,10,buf8 (default),1.0,6,True,True,1.0
W2a-H200-009,W2a,200,10,buf16,1.0,6,True,True,1.0
W2a-H200-009,W2a,200,10,k3,1.0,3,True,True,1.0
W2a-H200-009,W2a,200,10,k12,1.0,12,True,True,1.0
W2a-H200-009,W2a,200,10,thr0,1.0,6,True,True,1.0
W2a-H200-009,W2a,200,10,thr6,1.0,6,True,True,1.0
W2a-H200-009,W2a,200,40,buf4,2.0,6,True,True,0.5
W2a-H200-009,W2a,200,40,buf8 (default),2.0,6,True,True,0.5
W2a-H200-009,W2a,200,40,buf16,2.0,6,True,True,0.5
W2a-H200-009,W2a,200,40,k3,2.0,3,True,True,0.5
W2a-H200-009,W2a,200,40,k12,2.0,12,True,True,0.5
W2a-H200-009,W2a,200,40,thr0,2.0,6,True,True,0.5
W2a-H200-009,W2a,200,40,thr6,2.0,6,True,True,0.5
W2a-H200-009,W2a,200,10,buf4,1.0,6,True,True,1.0
W2a-H200-009,W2a,200,10,buf8 (default),1.0,6,True,True,1.0
W2a-H200-009,W2a,200,10,buf16,1.0,6,True,True,1.0
W2a-H200-009,W2a,200,10,k3,2.0,3,True,True,0.5
W2a-H200-009,W2a,200,10,k12,1.0,12,True,True,1.0
W2a-H200-009,W2a,200,10,thr0,1.0,6,True,True,1.0
W2a-H200-009,W2a,200,10,thr6,2.0,6,True,True,0.5
W2a-H200-009,W2a,200,80,buf4,1.0,6,True,True,1.0
W2a-H200-009,W2a,200,80,buf8 (default),1.0,6,True,True,1.0
W2a-H200-009,W2a,200,80,buf16,1.0,6,True,True,1.0
W2a-H200-009,W2a,200,80,k3,1.0,3,True,True,1.0
W2a-H200-009,W2a,200,80,k12,1.0,12,True,True,1.0
W2a-H200-009,W2a,200,80,thr0,1.0,6,True,True,1.0
W2a-H200-009,W2a,200,80,thr6,1.0,6,True,True,1.0
W2a-H200-009,W2a,200,40,buf4,1.0,6,True,True,1.0
W2a-H200-009,W2a,200,40,buf8 (default),1.0,6,True,True,1.0
W2a-H200-009,W2a,200,40,buf16,1.0,6,True,True,1.0
W2a-H200-009,W2a,200,40,k3,1.0,3,True,True,1.0
W2a-H200-009,W2a,200,40,k12,1.0,12,True,True,1.0
W2a-H200-009,W2a,200,40,thr0,1.0,6,True,True,1.0
W2a-H200-009,W2a,200,40,thr6,1.0,6,True,True,1.0
W2a-H200-009,W2a,200,5,buf4,1.0,6,True,True,1.0
W2a-H200-009,W2a,200,5,buf8 (default),1.0,6,True,True,1.0
W2a-H200-009,W2a,200,5,buf16,1.0,6,True,True,1.0
W2a-H200-009,W2a,200,5,k3,1.0,3,True,True,1.0
W2a-H200-009,W2a,200,5,k12,1.0,12,True,True,1.0
W2a-H200-009,W2a,200,5,thr0,1.0,6,True,True,1.0
W2a-H200-009,W2a,200,5,thr6,1.0,6,True,True,1.0
W2a-H200-009,W2a,200,160,buf4,1.0,6,True,True,1.0
W2a-H200-009,W2a,200,160,buf8 (default),1.0,6,True,True,1.0
W2a-H200-009,W2a,200,160,buf16,1.0,6,True,True,1.0
W2a-H200-009,W2a,200,160,k3,1.0,3,True,True,1.0
W2a-H200-009,W2a,200,160,k12,1.0,12,True,True,1.0
W2a-H200-009,W2a,200,160,thr0,1.0,6,True,True,1.0
W2a-H200-009,W2a,200,160,thr6,1.0,6,True,True,1.0
W2a-H200-009,W2a,200,80,buf4,2.0,6,True,True,0.5
W2a-H200-009,W2a,200,80,buf8 (default),2.0,6,True,True,0.5
W2a-H200-009,W2a,200,80,buf16,2.0,6,True,True,0.5
W2a-H200-009,W2a,200,80,k3,2.0,3,True,True,0.5
W2a-H200-009,W2a,200,80,k12,2.0,12,True,True,0.5
W2a-H200-009,W2a,200,80,thr0,2.0,6,True,True,0.5
W2a-H200-009,W2a,200,80,thr6,2.0,6,True,True,0.5
W2a-H200-009,W2a,200,160,buf4,1.0,6,True,True,1.0
W2a-H200-009,W2a,200,160,buf8 (default),1.0,6,True,True,1.0
W2a-H200-009,W2a,200,160,buf16,1.0,6,True,True,1.0
W2a-H200-009,W2a,200,160,k3,1.0,3,True,True,1.0
W2a-H200-009,W2a,200,160,k12,1.0,12,True,True,1.0
W2a-H200-009,W2a,200,160,thr0,1.0,6,True,True,1.0
W2a-H200-009,W2a,200,160,thr6,1.0,6,True,True,1.0
W2b-H100-000,W2b,100,10,buf4,1.0,6,True,True,1.0
W2b-H100-000,W2b,100,10,buf8 (default),1.0,6,True,True,1.0
W2b-H100-000,W2b,100,10,buf16,1.0,6,True,True,1.0
W2b-H100-000,W2b,100,10,k3,1.0,3,True,True,1.0
W2b-H100-000,W2b,100,10,k12,1.0,12,True,True,1.0
W2b-H100-000,W2b,100,10,thr0,1.0,6,True,True,1.0
W2b-H100-000,W2b,100,10,thr6,2.0,6,True,True,0.5
W2b-H100-000,W2b,100,5,buf4,1.0,6,True,True,1.0
W2b-H100-000,W2b,100,5,buf8 (default),1.0,6,True,True,1.0
W2b-H100-000,W2b,100,5,buf16,1.0,6,True,True,1.0
W2b-H100-000,W2b,100,5,k3,1.0,3,True,True,1.0
W2b-H100-000,W2b,100,5,k12,1.0,12,True,True,1.0
W2b-H100-000,W2b,100,5,thr0,1.0,6,True,True,1.0
W2b-H100-000,W2b,100,5,thr6,1.0,6,True,True,1.0
W2b-H100-000,W2b,100,20,buf4,1.0,6,True,True,1.0
W2b-H100-000,W2b,100,20,buf8 (default),1.0,6,True,True,1.0
W2b-H100-000,W2b,100,20,buf16,1.0,6,True,True,1.0
W2b-H100-000,W2b,100,20,k3,1.0,3,True,True,1.0
W2b-H100-000,W2b,100,20,k12,1.0,12,True,True,1.0
W2b-H100-000,W2b,100,20,thr0,1.0,6,True,True,1.0
W2b-H100-000,W2b,100,20,thr6,1.0,6,True,True,1.0
W2b-H100-000,W2b,100,40,buf4,1.0,6,True,True,1.0
W2b-H100-000,W2b,100,40,buf8 (default),1.0,6,True,True,1.0
W2b-H100-000,W2b,100,40,buf16,1.0,6,True,True,1.0
W2b-H100-000,W2b,100,40,k3,1.0,3,True,True,1.0
W2b-H100-000,W2b,100,40,k12,1.0,12,True,True,1.0
W2b-H100-000,W2b,100,40,thr0,1.0,6,True,True,1.0
W2b-H100-000,W2b,100,40,thr6,1.0,6,True,True,1.0
W2b-H100-000,W2b,100,40,buf4,1.0,6,True,True,1.0
W2b-H100-000,W2b,100,40,buf8 (default),1.0,6,True,True,1.0
W2b-H100-000,W2b,100,40,buf16,1.0,6,True,True,1.0
W2b-H100-000,W2b,100,40,k3,1.0,3,True,True,1.0
W2b-H100-000,W2b,100,40,k12,1.0,12,True,True,1.0
W2b-H100-000,W2b,100,40,thr0,1.0,6,True,True,1.0
W2b-H100-000,W2b,100,40,thr6,1.0,6,True,True,1.0
W2b-H100-000,W2b,100,80,buf4,1.0,6,True,True,1.0
W2b-H100-000,W2b,100,80,buf8 (default),1.0,6,True,True,1.0
W2b-H100-000,W2b,100,80,buf16,1.0,6,True,True,1.0
W2b-H100-000,W2b,100,80,k3,1.0,3,True,True,1.0
W2b-H100-000,W2b,100,80,k12,1.0,12,True,True,1.0
W2b-H100-000,W2b,100,80,thr0,1.0,6,True,True,1.0
W2b-H100-000,W2b,100,80,thr6,1.0,6,True,True,1.0
W2b-H100-000,W2b,100,10,buf4,1.0,6,True,True,1.0
W2b-H100-000,W2b,100,10,buf8 (default),1.0,6,True,True,1.0
W2b-H100-000,W2b,100,10,buf16,1.0,6,True,True,1.0
W2b-H100-000,W2b,100,10,k3,1.0,3,True,True,1.0
W2b-H100-000,W2b,100,10,k12,1.0,12,True,True,1.0
W2b-H100-000,W2b,100,10,thr0,1.0,6,True,True,1.0
W2b-H100-000,W2b,100,10,thr6,1.0,6,True,True,1.0
W2b-H100-000,W2b,100,5,buf4,1.0,6,True,True,1.0
W2b-H100-000,W2b,100,5,buf8 (default),1.0,6,True,True,1.0
W2b-H100-000,W2b,100,5,buf16,1.0,6,True,True,1.0
W2b-H100-000,W2b,100,5,k3,1.0,3,True,True,1.0
W2b-H100-000,W2b,100,5,k12,1.0,12,True,True,1.0
W2b-H100-000,W2b,100,5,thr0,1.0,6,True,True,1.0
W2b-H100-000,W2b,100,5,thr6,1.0,6,True,True,1.0
W2b-H100-000,W2b,100,80,buf4,2.0,6,True,True,0.5
W2b-H100-000,W2b,100,80,buf8 (default),2.0,6,True,True,0.5
W2b-H100-000,W2b,100,80,buf16,2.0,6,True,True,0.5
W2b-H100-000,W2b,100,80,k3,2.0,3,True,True,0.5
W2b-H100-000,W2b,100,80,k12,1.0,12,True,True,1.0
W2b-H100-000,W2b,100,80,thr0,1.0,6,True,True,1.0
W2b-H100-000,W2b,100,80,thr6,2.0,6,True,True,0.5
W2b-H100-000,W2b,100,20,buf4,1.0,6,True,True,1.0
W2b-H100-000,W2b,100,20,buf8 (default),1.0,6,True,True,1.0
W2b-H100-000,W2b,100,20,buf16,1.0,6,True,True,1.0
W2b-H100-000,W2b,100,20,k3,2.0,3,True,True,0.5
W2b-H100-000,W2b,100,20,k12,1.0,12,True,True,1.0
W2b-H100-000,W2b,100,20,thr0,1.0,6,True,True,1.0
W2b-H100-000,W2b,100,20,thr6,1.0,6,True,True,1.0
W2b-H100-001,W2b,100,5,buf4,1.0,6,True,True,1.0
W2b-H100-001,W2b,100,5,buf8 (default),1.0,6,True,True,1.0
W2b-H100-001,W2b,100,5,buf16,1.0,6,True,True,1.0
W2b-H100-001,W2b,100,5,k3,1.0,3,True,True,1.0
W2b-H100-001,W2b,100,5,k12,1.0,12,True,True,1.0
W2b-H100-001,W2b,100,5,thr0,1.0,6,True,True,1.0
W2b-H100-001,W2b,100,5,thr6,1.0,6,True,True,1.0
W2b-H100-001,W2b,100,20,buf4,2.0,6,True,True,0.5
W2b-H100-001,W2b,100,20,buf8 (default),2.0,6,True,True,0.5
W2b-H100-001,W2b,100,20,buf16,2.0,6,True,True,0.5
W2b-H100-001,W2b,100,20,k3,2.0,3,True,True,0.5
W2b-H100-001,W2b,100,20,k12,2.0,12,True,True,0.5
W2b-H100-001,W2b,100,20,thr0,2.0,6,True,True,0.5
W2b-H100-001,W2b,100,20,thr6,2.0,6,True,True,0.5
W2b-H100-001,W2b,100,40,buf4,1.0,6,True,True,1.0
W2b-H100-001,W2b,100,40,buf8 (default),1.0,6,True,True,1.0
W2b-H100-001,W2b,100,40,buf16,1.0,6,True,True,1.0
W2b-H100-001,W2b,100,40,k3,,3,False,True,0.0
W2b-H100-001,W2b,100,40,k12,1.0,12,True,True,1.0
W2b-H100-001,W2b,100,40,thr0,1.0,6,True,True,1.0
W2b-H100-001,W2b,100,40,thr6,4.0,6,True,True,0.25
W2b-H100-001,W2b,100,10,buf4,3.0,6,True,True,0.3333333333333333
W2b-H100-001,W2b,100,10,buf8 (default),3.0,6,True,True,0.3333333333333333
W2b-H100-001,W2b,100,10,buf16,3.0,6,True,True,0.3333333333333333
W2b-H100-001,W2b,100,10,k3,3.0,3,True,True,0.3333333333333333
W2b-H100-001,W2b,100,10,k12,1.0,12,True,True,1.0
W2b-H100-001,W2b,100,10,thr0,1.0,6,True,True,1.0
W2b-H100-001,W2b,100,10,thr6,3.0,6,True,True,0.3333333333333333
W2b-H100-001,W2b,100,20,buf4,1.0,6,True,True,1.0
W2b-H100-001,W2b,100,20,buf8 (default),1.0,6,True,True,1.0
W2b-H100-001,W2b,100,20,buf16,1.0,6,True,True,1.0
W2b-H100-001,W2b,100,20,k3,1.0,3,True,True,1.0
W2b-H100-001,W2b,100,20,k12,1.0,12,True,True,1.0
W2b-H100-001,W2b,100,20,thr0,1.0,6,True,True,1.0
W2b-H100-001,W2b,100,20,thr6,1.0,6,True,True,1.0
W2b-H100-001,W2b,100,80,buf4,1.0,6,True,True,1.0
W2b-H100-001,W2b,100,80,buf8 (default),1.0,6,True,True,1.0
W2b-H100-001,W2b,100,80,buf16,1.0,6,True,True,1.0
W2b-H100-001,W2b,100,80,k3,1.0,3,True,True,1.0
W2b-H100-001,W2b,100,80,k12,1.0,12,True,True,1.0
W2b-H100-001,W2b,100,80,thr0,1.0,6,True,True,1.0
W2b-H100-001,W2b,100,80,thr6,1.0,6,True,True,1.0
W2b-H100-001,W2b,100,10,buf4,1.0,6,True,True,1.0
W2b-H100-001,W2b,100,10,buf8 (default),1.0,6,True,True,1.0
W2b-H100-001,W2b,100,10,buf16,1.0,6,True,True,1.0
W2b-H100-001,W2b,100,10,k3,1.0,3,True,True,1.0
W2b-H100-001,W2b,100,10,k12,1.0,12,True,True,1.0
W2b-H100-001,W2b,100,10,thr0,1.0,6,True,True,1.0
W2b-H100-001,W2b,100,10,thr6,1.0,6,True,True,1.0
W2b-H100-001,W2b,100,80,buf4,2.0,6,True,True,0.5
W2b-H100-001,W2b,100,80,buf8 (default),2.0,6,True,True,0.5
W2b-H100-001,W2b,100,80,buf16,2.0,6,True,True,0.5
W2b-H100-001,W2b,100,80,k3,2.0,3,True,True,0.5
W2b-H100-001,W2b,100,80,k12,2.0,12,True,True,0.5
W2b-H100-001,W2b,100,80,thr0,2.0,6,True,True,0.5
W2b-H100-001,W2b,100,80,thr6,2.0,6,True,True,0.5
W2b-H100-001,W2b,100,5,buf4,1.0,6,True,True,1.0
W2b-H100-001,W2b,100,5,buf8 (default),1.0,6,True,True,1.0
W2b-H100-001,W2b,100,5,buf16,1.0,6,True,True,1.0
W2b-H100-001,W2b,100,5,k3,1.0,3,True,True,1.0
W2b-H100-001,W2b,100,5,k12,1.0,12,True,True,1.0
W2b-H100-001,W2b,100,5,thr0,1.0,6,True,True,1.0
W2b-H100-001,W2b,100,5,thr6,1.0,6,True,True,1.0
W2b-H100-001,W2b,100,40,buf4,1.0,6,True,True,1.0
W2b-H100-001,W2b,100,40,buf8 (default),1.0,6,True,True,1.0
W2b-H100-001,W2b,100,40,buf16,1.0,6,True,True,1.0
W2b-H100-001,W2b,100,40,k3,1.0,3,True,True,1.0
W2b-H100-001,W2b,100,40,k12,1.0,12,True,True,1.0
W2b-H100-001,W2b,100,40,thr0,1.0,6,True,True,1.0
W2b-H100-001,W2b,100,40,thr6,1.0,6,True,True,1.0
W2b-H100-002,W2b,100,10,buf4,1.0,6,True,True,1.0
W2b-H100-002,W2b,100,10,buf8 (default),1.0,6,True,True,1.0
W2b-H100-002,W2b,100,10,buf16,1.0,6,True,True,1.0
W2b-H100-002,W2b,100,10,k3,1.0,3,True,True,1.0
W2b-H100-002,W2b,100,10,k12,1.0,12,True,True,1.0
W2b-H100-002,W2b,100,10,thr0,1.0,6,True,True,1.0
W2b-H100-002,W2b,100,10,thr6,1.0,6,True,True,1.0
W2b-H100-002,W2b,100,5,buf4,1.0,6,True,True,1.0
W2b-H100-002,W2b,100,5,buf8 (default),1.0,6,True,True,1.0
W2b-H100-002,W2b,100,5,buf16,1.0,6,True,True,1.0
W2b-H100-002,W2b,100,5,k3,1.0,3,True,True,1.0
W2b-H100-002,W2b,100,5,k12,1.0,12,True,True,1.0
W2b-H100-002,W2b,100,5,thr0,1.0,6,True,True,1.0
W2b-H100-002,W2b,100,5,thr6,5.0,6,True,True,0.2
W2b-H100-002,W2b,100,20,buf4,1.0,6,True,True,1.0
W2b-H100-002,W2b,100,20,buf8 (default),1.0,6,True,True,1.0
W2b-H100-002,W2b,100,20,buf16,1.0,6,True,True,1.0
W2b-H100-002,W2b,100,20,k3,1.0,3,True,True,1.0
W2b-H100-002,W2b,100,20,k12,1.0,12,True,True,1.0
W2b-H100-002,W2b,100,20,thr0,1.0,6,True,True,1.0
W2b-H100-002,W2b,100,20,thr6,1.0,6,True,True,1.0
W2b-H100-002,W2b,100,10,buf4,1.0,6,True,True,1.0
W2b-H100-002,W2b,100,10,buf8 (default),1.0,6,True,True,1.0
W2b-H100-002,W2b,100,10,buf16,1.0,6,True,True,1.0
W2b-H100-002,W2b,100,10,k3,1.0,3,True,True,1.0
W2b-H100-002,W2b,100,10,k12,1.0,12,True,True,1.0
W2b-H100-002,W2b,100,10,thr0,1.0,6,True,True,1.0
W2b-H100-002,W2b,100,10,thr6,1.0,6,True,True,1.0
W2b-H100-002,W2b,100,40,buf4,1.0,6,True,True,1.0
W2b-H100-002,W2b,100,40,buf8 (default),1.0,6,True,True,1.0
W2b-H100-002,W2b,100,40,buf16,1.0,6,True,True,1.0
W2b-H100-002,W2b,100,40,k3,1.0,3,True,True,1.0
W2b-H100-002,W2b,100,40,k12,1.0,12,True,True,1.0
W2b-H100-002,W2b,100,40,thr0,1.0,6,True,True,1.0
W2b-H100-002,W2b,100,40,thr6,1.0,6,True,True,1.0
W2b-H100-002,W2b,100,20,buf4,1.0,6,True,True,1.0
W2b-H100-002,W2b,100,20,buf8 (default),1.0,6,True,True,1.0
W2b-H100-002,W2b,100,20,buf16,1.0,6,True,True,1.0
W2b-H100-002,W2b,100,20,k3,1.0,3,True,True,1.0
W2b-H100-002,W2b,100,20,k12,1.0,12,True,True,1.0
W2b-H100-002,W2b,100,20,thr0,1.0,6,True,True,1.0
W2b-H100-002,W2b,100,20,thr6,1.0,6,True,True,1.0
W2b-H100-002,W2b,100,5,buf4,3.0,6,True,True,0.3333333333333333
W2b-H100-002,W2b,100,5,buf8 (default),3.0,6,True,True,0.3333333333333333
W2b-H100-002,W2b,100,5,buf16,3.0,6,True,True,0.3333333333333333
W2b-H100-002,W2b,100,5,k3,3.0,3,True,True,0.3333333333333333
W2b-H100-002,W2b,100,5,k12,3.0,12,True,True,0.3333333333333333
W2b-H100-002,W2b,100,5,thr0,3.0,6,True,True,0.3333333333333333
W2b-H100-002,W2b,100,5,thr6,3.0,6,True,True,0.3333333333333333
W2b-H100-002,W2b,100,80,buf4,1.0,6,True,True,1.0
W2b-H100-002,W2b,100,80,buf8 (default),1.0,6,True,True,1.0
W2b-H100-002,W2b,100,80,buf16,1.0,6,True,True,1.0
W2b-H100-002,W2b,100,80,k3,1.0,3,True,True,1.0
W2b-H100-002,W2b,100,80,k12,1.0,12,True,True,1.0
W2b-H100-002,W2b,100,80,thr0,1.0,6,True,True,1.0
W2b-H100-002,W2b,100,80,thr6,1.0,6,True,True,1.0
W2b-H100-002,W2b,100,80,buf4,1.0,6,True,True,1.0
W2b-H100-002,W2b,100,80,buf8 (default),1.0,6,True,True,1.0
W2b-H100-002,W2b,100,80,buf16,1.0,6,True,True,1.0
W2b-H100-002,W2b,100,80,k3,2.0,3,True,True,0.5
W2b-H100-002,W2b,100,80,k12,1.0,12,True,True,1.0
W2b-H100-002,W2b,100,80,thr0,1.0,6,True,True,1.0
W2b-H100-002,W2b,100,80,thr6,2.0,6,True,True,0.5
W2b-H100-002,W2b,100,40,buf4,1.0,6,True,True,1.0
W2b-H100-002,W2b,100,40,buf8 (default),1.0,6,True,True,1.0
W2b-H100-002,W2b,100,40,buf16,1.0,6,True,True,1.0
W2b-H100-002,W2b,100,40,k3,1.0,3,True,True,1.0
W2b-H100-002,W2b,100,40,k12,1.0,12,True,True,1.0
W2b-H100-002,W2b,100,40,thr0,1.0,6,True,True,1.0
W2b-H100-002,W2b,100,40,thr6,1.0,6,True,True,1.0
W2b-H100-003,W2b,100,10,buf4,1.0,6,True,True,1.0
W2b-H100-003,W2b,100,10,buf8 (default),1.0,6,True,True,1.0
W2b-H100-003,W2b,100,10,buf16,1.0,6,True,True,1.0
W2b-H100-003,W2b,100,10,k3,1.0,3,True,True,1.0
W2b-H100-003,W2b,100,10,k12,1.0,12,True,True,1.0
W2b-H100-003,W2b,100,10,thr0,1.0,6,True,True,1.0
W2b-H100-003,W2b,100,10,thr6,1.0,6,True,True,1.0
W2b-H100-003,W2b,100,40,buf4,1.0,6,True,True,1.0
W2b-H100-003,W2b,100,40,buf8 (default),1.0,6,True,True,1.0
W2b-H100-003,W2b,100,40,buf16,1.0,6,True,True,1.0
W2b-H100-003,W2b,100,40,k3,1.0,3,True,True,1.0
W2b-H100-003,W2b,100,40,k12,1.0,12,True,True,1.0
W2b-H100-003,W2b,100,40,thr0,1.0,6,True,True,1.0
W2b-H100-003,W2b,100,40,thr6,1.0,6,True,True,1.0
W2b-H100-003,W2b,100,5,buf4,1.0,6,True,True,1.0
W2b-H100-003,W2b,100,5,buf8 (default),1.0,6,True,True,1.0
W2b-H100-003,W2b,100,5,buf16,1.0,6,True,True,1.0
W2b-H100-003,W2b,100,5,k3,1.0,3,True,True,1.0
W2b-H100-003,W2b,100,5,k12,1.0,12,True,True,1.0
W2b-H100-003,W2b,100,5,thr0,1.0,6,True,True,1.0
W2b-H100-003,W2b,100,5,thr6,1.0,6,True,True,1.0
W2b-H100-003,W2b,100,20,buf4,1.0,6,True,True,1.0
W2b-H100-003,W2b,100,20,buf8 (default),1.0,6,True,True,1.0
W2b-H100-003,W2b,100,20,buf16,1.0,6,True,True,1.0
W2b-H100-003,W2b,100,20,k3,1.0,3,True,True,1.0
W2b-H100-003,W2b,100,20,k12,1.0,12,True,True,1.0
W2b-H100-003,W2b,100,20,thr0,1.0,6,True,True,1.0
W2b-H100-003,W2b,100,20,thr6,1.0,6,True,True,1.0
W2b-H100-003,W2b,100,20,buf4,1.0,6,True,True,1.0
W2b-H100-003,W2b,100,20,buf8 (default),1.0,6,True,True,1.0
W2b-H100-003,W2b,100,20,buf16,1.0,6,True,True,1.0
W2b-H100-003,W2b,100,20,k3,1.0,3,True,True,1.0
W2b-H100-003,W2b,100,20,k12,1.0,12,True,True,1.0
W2b-H100-003,W2b,100,20,thr0,1.0,6,True,True,1.0
W2b-H100-003,W2b,100,20,thr6,1.0,6,True,True,1.0
W2b-H100-003,W2b,100,5,buf4,1.0,6,True,True,1.0
W2b-H100-003,W2b,100,5,buf8 (default),1.0,6,True,True,1.0
W2b-H100-003,W2b,100,5,buf16,1.0,6,True,True,1.0
W2b-H100-003,W2b,100,5,k3,3.0,3,True,True,0.3333333333333333
W2b-H100-003,W2b,100,5,k12,1.0,12,True,True,1.0
W2b-H100-003,W2b,100,5,thr0,1.0,6,True,True,1.0
W2b-H100-003,W2b,100,5,thr6,3.0,6,True,True,0.3333333333333333
W2b-H100-003,W2b,100,80,buf4,1.0,6,True,True,1.0
W2b-H100-003,W2b,100,80,buf8 (default),1.0,6,True,True,1.0
W2b-H100-003,W2b,100,80,buf16,1.0,6,True,True,1.0
W2b-H100-003,W2b,100,80,k3,1.0,3,True,True,1.0
W2b-H100-003,W2b,100,80,k12,1.0,12,True,True,1.0
W2b-H100-003,W2b,100,80,thr0,1.0,6,True,True,1.0
W2b-H100-003,W2b,100,80,thr6,1.0,6,True,True,1.0
W2b-H100-003,W2b,100,10,buf4,1.0,6,True,True,1.0
W2b-H100-003,W2b,100,10,buf8 (default),1.0,6,True,True,1.0
W2b-H100-003,W2b,100,10,buf16,1.0,6,True,True,1.0
W2b-H100-003,W2b,100,10,k3,,3,False,True,0.0
W2b-H100-003,W2b,100,10,k12,1.0,12,True,True,1.0
W2b-H100-003,W2b,100,10,thr0,1.0,6,True,True,1.0
W2b-H100-003,W2b,100,10,thr6,4.0,6,True,True,0.25
W2b-H100-003,W2b,100,80,buf4,1.0,6,True,True,1.0
W2b-H100-003,W2b,100,80,buf8 (default),1.0,6,True,True,1.0
W2b-H100-003,W2b,100,80,buf16,1.0,6,True,True,1.0
W2b-H100-003,W2b,100,80,k3,2.0,3,True,True,0.5
W2b-H100-003,W2b,100,80,k12,1.0,12,True,True,1.0
W2b-H100-003,W2b,100,80,thr0,1.0,6,True,True,1.0
W2b-H100-003,W2b,100,80,thr6,1.0,6,True,True,1.0
W2b-H100-003,W2b,100,40,buf4,2.0,6,True,True,0.5
W2b-H100-003,W2b,100,40,buf8 (default),2.0,6,True,True,0.5
W2b-H100-003,W2b,100,40,buf16,2.0,6,True,True,0.5
W2b-H100-003,W2b,100,40,k3,2.0,3,True,True,0.5
W2b-H100-003,W2b,100,40,k12,2.0,12,True,True,0.5
W2b-H100-003,W2b,100,40,thr0,2.0,6,True,True,0.5
W2b-H100-003,W2b,100,40,thr6,5.0,6,True,True,0.2
W2b-H100-004,W2b,100,10,buf4,1.0,6,True,True,1.0
W2b-H100-004,W2b,100,10,buf8 (default),1.0,6,True,True,1.0
W2b-H100-004,W2b,100,10,buf16,1.0,6,True,True,1.0
W2b-H100-004,W2b,100,10,k3,1.0,3,True,True,1.0
W2b-H100-004,W2b,100,10,k12,1.0,12,True,True,1.0
W2b-H100-004,W2b,100,10,thr0,1.0,6,True,True,1.0
W2b-H100-004,W2b,100,10,thr6,1.0,6,True,True,1.0
W2b-H100-004,W2b,100,20,buf4,1.0,6,True,True,1.0
W2b-H100-004,W2b,100,20,buf8 (default),1.0,6,True,True,1.0
W2b-H100-004,W2b,100,20,buf16,1.0,6,True,True,1.0
W2b-H100-004,W2b,100,20,k3,1.0,3,True,True,1.0
W2b-H100-004,W2b,100,20,k12,1.0,12,True,True,1.0
W2b-H100-004,W2b,100,20,thr0,1.0,6,True,True,1.0
W2b-H100-004,W2b,100,20,thr6,1.0,6,True,True,1.0
W2b-H100-004,W2b,100,5,buf4,1.0,6,True,True,1.0
W2b-H100-004,W2b,100,5,buf8 (default),1.0,6,True,True,1.0
W2b-H100-004,W2b,100,5,buf16,1.0,6,True,True,1.0
W2b-H100-004,W2b,100,5,k3,1.0,3,True,True,1.0
W2b-H100-004,W2b,100,5,k12,1.0,12,True,True,1.0
W2b-H100-004,W2b,100,5,thr0,1.0,6,True,True,1.0
W2b-H100-004,W2b,100,5,thr6,1.0,6,True,True,1.0
W2b-H100-004,W2b,100,20,buf4,1.0,6,True,True,1.0
W2b-H100-004,W2b,100,20,buf8 (default),1.0,6,True,True,1.0
W2b-H100-004,W2b,100,20,buf16,1.0,6,True,True,1.0
W2b-H100-004,W2b,100,20,k3,1.0,3,True,True,1.0
W2b-H100-004,W2b,100,20,k12,1.0,12,True,True,1.0
W2b-H100-004,W2b,100,20,thr0,1.0,6,True,True,1.0
W2b-H100-004,W2b,100,20,thr6,1.0,6,True,True,1.0
W2b-H100-004,W2b,100,40,buf4,1.0,6,True,True,1.0
W2b-H100-004,W2b,100,40,buf8 (default),1.0,6,True,True,1.0
W2b-H100-004,W2b,100,40,buf16,1.0,6,True,True,1.0
W2b-H100-004,W2b,100,40,k3,1.0,3,True,True,1.0
W2b-H100-004,W2b,100,40,k12,1.0,12,True,True,1.0
W2b-H100-004,W2b,100,40,thr0,1.0,6,True,True,1.0
W2b-H100-004,W2b,100,40,thr6,1.0,6,True,True,1.0
W2b-H100-004,W2b,100,10,buf4,1.0,6,True,True,1.0
W2b-H100-004,W2b,100,10,buf8 (default),1.0,6,True,True,1.0
W2b-H100-004,W2b,100,10,buf16,1.0,6,True,True,1.0
W2b-H100-004,W2b,100,10,k3,1.0,3,True,True,1.0
W2b-H100-004,W2b,100,10,k12,1.0,12,True,True,1.0
W2b-H100-004,W2b,100,10,thr0,1.0,6,True,True,1.0
W2b-H100-004,W2b,100,10,thr6,1.0,6,True,True,1.0
W2b-H100-004,W2b,100,80,buf4,1.0,6,True,True,1.0
W2b-H100-004,W2b,100,80,buf8 (default),1.0,6,True,True,1.0
W2b-H100-004,W2b,100,80,buf16,1.0,6,True,True,1.0
W2b-H100-004,W2b,100,80,k3,,3,False,True,0.0
W2b-H100-004,W2b,100,80,k12,1.0,12,True,True,1.0
W2b-H100-004,W2b,100,80,thr0,1.0,6,True,True,1.0
W2b-H100-004,W2b,100,80,thr6,1.0,6,True,True,1.0
W2b-H100-004,W2b,100,40,buf4,1.0,6,True,True,1.0
W2b-H100-004,W2b,100,40,buf8 (default),1.0,6,True,True,1.0
W2b-H100-004,W2b,100,40,buf16,1.0,6,True,True,1.0
W2b-H100-004,W2b,100,40,k3,1.0,3,True,True,1.0
W2b-H100-004,W2b,100,40,k12,1.0,12,True,True,1.0
W2b-H100-004,W2b,100,40,thr0,1.0,6,True,True,1.0
W2b-H100-004,W2b,100,40,thr6,1.0,6,True,True,1.0
W2b-H100-004,W2b,100,80,buf4,1.0,6,True,True,1.0
W2b-H100-004,W2b,100,80,buf8 (default),1.0,6,True,True,1.0
W2b-H100-004,W2b,100,80,buf16,1.0,6,True,True,1.0
W2b-H100-004,W2b,100,80,k3,1.0,3,True,True,1.0
W2b-H100-004,W2b,100,80,k12,1.0,12,True,True,1.0
W2b-H100-004,W2b,100,80,thr0,1.0,6,True,True,1.0
W2b-H100-004,W2b,100,80,thr6,1.0,6,True,True,1.0
W2b-H100-004,W2b,100,5,buf4,1.0,6,True,True,1.0
W2b-H100-004,W2b,100,5,buf8 (default),1.0,6,True,True,1.0
W2b-H100-004,W2b,100,5,buf16,1.0,6,True,True,1.0
W2b-H100-004,W2b,100,5,k3,1.0,3,True,True,1.0
W2b-H100-004,W2b,100,5,k12,1.0,12,True,True,1.0
W2b-H100-004,W2b,100,5,thr0,1.0,6,True,True,1.0
W2b-H100-004,W2b,100,5,thr6,1.0,6,True,True,1.0
W2b-H100-005,W2b,100,10,buf4,2.0,6,True,True,0.5
W2b-H100-005,W2b,100,10,buf8 (default),2.0,6,True,True,0.5
W2b-H100-005,W2b,100,10,buf16,2.0,6,True,True,0.5
W2b-H100-005,W2b,100,10,k3,2.0,3,True,True,0.5
W2b-H100-005,W2b,100,10,k12,2.0,12,True,True,0.5
W2b-H100-005,W2b,100,10,thr0,1.0,6,True,True,1.0
W2b-H100-005,W2b,100,10,thr6,2.0,6,True,True,0.5
W2b-H100-005,W2b,100,40,buf4,1.0,6,True,True,1.0
W2b-H100-005,W2b,100,40,buf8 (default),1.0,6,True,True,1.0
W2b-H100-005,W2b,100,40,buf16,1.0,6,True,True,1.0
W2b-H100-005,W2b,100,40,k3,1.0,3,True,True,1.0
W2b-H100-005,W2b,100,40,k12,1.0,12,True,True,1.0
W2b-H100-005,W2b,100,40,thr0,1.0,6,True,True,1.0
W2b-H100-005,W2b,100,40,thr6,1.0,6,True,True,1.0
W2b-H100-005,W2b,100,5,buf4,1.0,6,True,True,1.0
W2b-H100-005,W2b,100,5,buf8 (default),1.0,6,True,True,1.0
W2b-H100-005,W2b,100,5,buf16,1.0,6,True,True,1.0
W2b-H100-005,W2b,100,5,k3,1.0,3,True,True,1.0
W2b-H100-005,W2b,100,5,k12,1.0,12,True,True,1.0
W2b-H100-005,W2b,100,5,thr0,1.0,6,True,True,1.0
W2b-H100-005,W2b,100,5,thr6,1.0,6,True,True,1.0
W2b-H100-005,W2b,100,40,buf4,1.0,6,True,True,1.0
W2b-H100-005,W2b,100,40,buf8 (default),1.0,6,True,True,1.0
W2b-H100-005,W2b,100,40,buf16,1.0,6,True,True,1.0
W2b-H100-005,W2b,100,40,k3,1.0,3,True,True,1.0
W2b-H100-005,W2b,100,40,k12,1.0,12,True,True,1.0
W2b-H100-005,W2b,100,40,thr0,1.0,6,True,True,1.0
W2b-H100-005,W2b,100,40,thr6,1.0,6,True,True,1.0
W2b-H100-005,W2b,100,20,buf4,1.0,6,True,True,1.0
W2b-H100-005,W2b,100,20,buf8 (default),1.0,6,True,True,1.0
W2b-H100-005,W2b,100,20,buf16,1.0,6,True,True,1.0
W2b-H100-005,W2b,100,20,k3,3.0,3,True,True,0.3333333333333333
W2b-H100-005,W2b,100,20,k12,1.0,12,True,True,1.0
W2b-H100-005,W2b,100,20,thr0,1.0,6,True,True,1.0
W2b-H100-005,W2b,100,20,thr6,1.0,6,True,True,1.0
W2b-H100-005,W2b,100,10,buf4,1.0,6,True,True,1.0
W2b-H100-005,W2b,100,10,buf8 (default),1.0,6,True,True,1.0
W2b-H100-005,W2b,100,10,buf16,1.0,6,True,True,1.0
W2b-H100-005,W2b,100,10,k3,1.0,3,True,True,1.0
W2b-H100-005,W2b,100,10,k12,1.0,12,True,True,1.0
W2b-H100-005,W2b,100,10,thr0,1.0,6,True,True,1.0
W2b-H100-005,W2b,100,10,thr6,1.0,6,True,True,1.0
W2b-H100-005,W2b,100,5,buf4,3.0,6,True,True,0.3333333333333333
W2b-H100-005,W2b,100,5,buf8 (default),3.0,6,True,True,0.3333333333333333
W2b-H100-005,W2b,100,5,buf16,3.0,6,True,True,0.3333333333333333
W2b-H100-005,W2b,100,5,k3,3.0,3,True,True,0.3333333333333333
W2b-H100-005,W2b,100,5,k12,1.0,12,True,True,1.0
W2b-H100-005,W2b,100,5,thr0,1.0,6,True,True,1.0
W2b-H100-005,W2b,100,5,thr6,3.0,6,True,True,0.3333333333333333
W2b-H100-005,W2b,100,80,buf4,1.0,6,True,True,1.0
W2b-H100-005,W2b,100,80,buf8 (default),1.0,6,True,True,1.0
W2b-H100-005,W2b,100,80,buf16,1.0,6,True,True,1.0
W2b-H100-005,W2b,100,80,k3,1.0,3,True,True,1.0
W2b-H100-005,W2b,100,80,k12,1.0,12,True,True,1.0
W2b-H100-005,W2b,100,80,thr0,1.0,6,True,True,1.0
W2b-H100-005,W2b,100,80,thr6,1.0,6,True,True,1.0
W2b-H100-005,W2b,100,80,buf4,1.0,6,True,True,1.0
W2b-H100-005,W2b,100,80,buf8 (default),1.0,6,True,True,1.0
W2b-H100-005,W2b,100,80,buf16,1.0,6,True,True,1.0
W2b-H100-005,W2b,100,80,k3,1.0,3,True,True,1.0
W2b-H100-005,W2b,100,80,k12,1.0,12,True,True,1.0
W2b-H100-005,W2b,100,80,thr0,1.0,6,True,True,1.0
W2b-H100-005,W2b,100,80,thr6,1.0,6,True,True,1.0
W2b-H100-005,W2b,100,20,buf4,1.0,6,True,True,1.0
W2b-H100-005,W2b,100,20,buf8 (default),1.0,6,True,True,1.0
W2b-H100-005,W2b,100,20,buf16,1.0,6,True,True,1.0
W2b-H100-005,W2b,100,20,k3,2.0,3,True,True,0.5
W2b-H100-005,W2b,100,20,k12,1.0,12,True,True,1.0
W2b-H100-005,W2b,100,20,thr0,1.0,6,True,True,1.0
W2b-H100-005,W2b,100,20,thr6,1.0,6,True,True,1.0
W2b-H100-006,W2b,100,5,buf4,1.0,6,True,True,1.0
W2b-H100-006,W2b,100,5,buf8 (default),1.0,6,True,True,1.0
W2b-H100-006,W2b,100,5,buf16,1.0,6,True,True,1.0
W2b-H100-006,W2b,100,5,k3,1.0,3,True,True,1.0
W2b-H100-006,W2b,100,5,k12,1.0,12,True,True,1.0
W2b-H100-006,W2b,100,5,thr0,1.0,6,True,True,1.0
W2b-H100-006,W2b,100,5,thr6,1.0,6,True,True,1.0
W2b-H100-006,W2b,100,10,buf4,1.0,6,True,True,1.0
W2b-H100-006,W2b,100,10,buf8 (default),1.0,6,True,True,1.0
W2b-H100-006,W2b,100,10,buf16,1.0,6,True,True,1.0
W2b-H100-006,W2b,100,10,k3,1.0,3,True,True,1.0
W2b-H100-006,W2b,100,10,k12,1.0,12,True,True,1.0
W2b-H100-006,W2b,100,10,thr0,1.0,6,True,True,1.0
W2b-H100-006,W2b,100,10,thr6,1.0,6,True,True,1.0
W2b-H100-006,W2b,100,5,buf4,1.0,6,True,True,1.0
W2b-H100-006,W2b,100,5,buf8 (default),1.0,6,True,True,1.0
W2b-H100-006,W2b,100,5,buf16,1.0,6,True,True,1.0
W2b-H100-006,W2b,100,5,k3,1.0,3,True,True,1.0
W2b-H100-006,W2b,100,5,k12,1.0,12,True,True,1.0
W2b-H100-006,W2b,100,5,thr0,1.0,6,True,True,1.0
W2b-H100-006,W2b,100,5,thr6,1.0,6,True,True,1.0
W2b-H100-006,W2b,100,40,buf4,1.0,6,True,True,1.0
W2b-H100-006,W2b,100,40,buf8 (default),1.0,6,True,True,1.0
W2b-H100-006,W2b,100,40,buf16,1.0,6,True,True,1.0
W2b-H100-006,W2b,100,40,k3,1.0,3,True,True,1.0
W2b-H100-006,W2b,100,40,k12,1.0,12,True,True,1.0
W2b-H100-006,W2b,100,40,thr0,1.0,6,True,True,1.0
W2b-H100-006,W2b,100,40,thr6,1.0,6,True,True,1.0
W2b-H100-006,W2b,100,10,buf4,1.0,6,True,True,1.0
W2b-H100-006,W2b,100,10,buf8 (default),1.0,6,True,True,1.0
W2b-H100-006,W2b,100,10,buf16,1.0,6,True,True,1.0
W2b-H100-006,W2b,100,10,k3,3.0,3,True,True,0.3333333333333333
W2b-H100-006,W2b,100,10,k12,1.0,12,True,True,1.0
W2b-H100-006,W2b,100,10,thr0,1.0,6,True,True,1.0
W2b-H100-006,W2b,100,10,thr6,1.0,6,True,True,1.0
W2b-H100-006,W2b,100,80,buf4,1.0,6,True,True,1.0
W2b-H100-006,W2b,100,80,buf8 (default),1.0,6,True,True,1.0
W2b-H100-006,W2b,100,80,buf16,1.0,6,True,True,1.0
W2b-H100-006,W2b,100,80,k3,1.0,3,True,True,1.0
W2b-H100-006,W2b,100,80,k12,1.0,12,True,True,1.0
W2b-H100-006,W2b,100,80,thr0,1.0,6,True,True,1.0
W2b-H100-006,W2b,100,80,thr6,1.0,6,True,True,1.0
W2b-H100-006,W2b,100,20,buf4,1.0,6,True,True,1.0
W2b-H100-006,W2b,100,20,buf8 (default),1.0,6,True,True,1.0
W2b-H100-006,W2b,100,20,buf16,1.0,6,True,True,1.0
W2b-H100-006,W2b,100,20,k3,2.0,3,True,True,0.5
W2b-H100-006,W2b,100,20,k12,1.0,12,True,True,1.0
W2b-H100-006,W2b,100,20,thr0,1.0,6,True,True,1.0
W2b-H100-006,W2b,100,20,thr6,1.0,6,True,True,1.0
W2b-H100-006,W2b,100,80,buf4,1.0,6,True,True,1.0
W2b-H100-006,W2b,100,80,buf8 (default),1.0,6,True,True,1.0
W2b-H100-006,W2b,100,80,buf16,1.0,6,True,True,1.0
W2b-H100-006,W2b,100,80,k3,1.0,3,True,True,1.0
W2b-H100-006,W2b,100,80,k12,1.0,12,True,True,1.0
W2b-H100-006,W2b,100,80,thr0,1.0,6,True,True,1.0
W2b-H100-006,W2b,100,80,thr6,1.0,6,True,True,1.0
W2b-H100-006,W2b,100,20,buf4,1.0,6,True,True,1.0
W2b-H100-006,W2b,100,20,buf8 (default),1.0,6,True,True,1.0
W2b-H100-006,W2b,100,20,buf16,1.0,6,True,True,1.0
W2b-H100-006,W2b,100,20,k3,1.0,3,True,True,1.0
W2b-H100-006,W2b,100,20,k12,1.0,12,True,True,1.0
W2b-H100-006,W2b,100,20,thr0,1.0,6,True,True,1.0
W2b-H100-006,W2b,100,20,thr6,1.0,6,True,True,1.0
W2b-H100-006,W2b,100,40,buf4,3.0,6,True,True,0.3333333333333333
W2b-H100-006,W2b,100,40,buf8 (default),3.0,6,True,True,0.3333333333333333
W2b-H100-006,W2b,100,40,buf16,3.0,6,True,True,0.3333333333333333
W2b-H100-006,W2b,100,40,k3,3.0,3,True,True,0.3333333333333333
W2b-H100-006,W2b,100,40,k12,3.0,12,True,True,0.3333333333333333
W2b-H100-006,W2b,100,40,thr0,1.0,6,True,True,1.0
W2b-H100-006,W2b,100,40,thr6,3.0,6,True,True,0.3333333333333333
W2b-H100-007,W2b,100,5,buf4,1.0,6,True,True,1.0
W2b-H100-007,W2b,100,5,buf8 (default),1.0,6,True,True,1.0
W2b-H100-007,W2b,100,5,buf16,1.0,6,True,True,1.0
W2b-H100-007,W2b,100,5,k3,1.0,3,True,True,1.0
W2b-H100-007,W2b,100,5,k12,1.0,12,True,True,1.0
W2b-H100-007,W2b,100,5,thr0,1.0,6,True,True,1.0
W2b-H100-007,W2b,100,5,thr6,1.0,6,True,True,1.0
W2b-H100-007,W2b,100,10,buf4,1.0,6,True,True,1.0
W2b-H100-007,W2b,100,10,buf8 (default),1.0,6,True,True,1.0
W2b-H100-007,W2b,100,10,buf16,1.0,6,True,True,1.0
W2b-H100-007,W2b,100,10,k3,1.0,3,True,True,1.0
W2b-H100-007,W2b,100,10,k12,1.0,12,True,True,1.0
W2b-H100-007,W2b,100,10,thr0,1.0,6,True,True,1.0
W2b-H100-007,W2b,100,10,thr6,1.0,6,True,True,1.0
W2b-H100-007,W2b,100,10,buf4,1.0,6,True,True,1.0
W2b-H100-007,W2b,100,10,buf8 (default),1.0,6,True,True,1.0
W2b-H100-007,W2b,100,10,buf16,1.0,6,True,True,1.0
W2b-H100-007,W2b,100,10,k3,1.0,3,True,True,1.0
W2b-H100-007,W2b,100,10,k12,1.0,12,True,True,1.0
W2b-H100-007,W2b,100,10,thr0,1.0,6,True,True,1.0
W2b-H100-007,W2b,100,10,thr6,1.0,6,True,True,1.0
W2b-H100-007,W2b,100,20,buf4,1.0,6,True,True,1.0
W2b-H100-007,W2b,100,20,buf8 (default),1.0,6,True,True,1.0
W2b-H100-007,W2b,100,20,buf16,1.0,6,True,True,1.0
W2b-H100-007,W2b,100,20,k3,1.0,3,True,True,1.0
W2b-H100-007,W2b,100,20,k12,1.0,12,True,True,1.0
W2b-H100-007,W2b,100,20,thr0,1.0,6,True,True,1.0
W2b-H100-007,W2b,100,20,thr6,1.0,6,True,True,1.0
W2b-H100-007,W2b,100,40,buf4,1.0,6,True,True,1.0
W2b-H100-007,W2b,100,40,buf8 (default),1.0,6,True,True,1.0
W2b-H100-007,W2b,100,40,buf16,1.0,6,True,True,1.0
W2b-H100-007,W2b,100,40,k3,1.0,3,True,True,1.0
W2b-H100-007,W2b,100,40,k12,1.0,12,True,True,1.0
W2b-H100-007,W2b,100,40,thr0,1.0,6,True,True,1.0
W2b-H100-007,W2b,100,40,thr6,2.0,6,True,True,0.5
W2b-H100-007,W2b,100,5,buf4,1.0,6,True,True,1.0
W2b-H100-007,W2b,100,5,buf8 (default),1.0,6,True,True,1.0
W2b-H100-007,W2b,100,5,buf16,1.0,6,True,True,1.0
W2b-H100-007,W2b,100,5,k3,1.0,3,True,True,1.0
W2b-H100-007,W2b,100,5,k12,1.0,12,True,True,1.0
W2b-H100-007,W2b,100,5,thr0,1.0,6,True,True,1.0
W2b-H100-007,W2b,100,5,thr6,1.0,6,True,True,1.0
W2b-H100-007,W2b,100,80,buf4,1.0,6,True,True,1.0
W2b-H100-007,W2b,100,80,buf8 (default),1.0,6,True,True,1.0
W2b-H100-007,W2b,100,80,buf16,1.0,6,True,True,1.0
W2b-H100-007,W2b,100,80,k3,1.0,3,True,True,1.0
W2b-H100-007,W2b,100,80,k12,1.0,12,True,True,1.0
W2b-H100-007,W2b,100,80,thr0,1.0,6,True,True,1.0
W2b-H100-007,W2b,100,80,thr6,1.0,6,True,True,1.0
W2b-H100-007,W2b,100,20,buf4,3.0,6,True,True,0.3333333333333333
W2b-H100-007,W2b,100,20,buf8 (default),3.0,6,True,True,0.3333333333333333
W2b-H100-007,W2b,100,20,buf16,3.0,6,True,True,0.3333333333333333
W2b-H100-007,W2b,100,20,k3,3.0,3,True,True,0.3333333333333333
W2b-H100-007,W2b,100,20,k12,1.0,12,True,True,1.0
W2b-H100-007,W2b,100,20,thr0,1.0,6,True,True,1.0
W2b-H100-007,W2b,100,20,thr6,3.0,6,True,True,0.3333333333333333
W2b-H100-007,W2b,100,80,buf4,1.0,6,True,True,1.0
W2b-H100-007,W2b,100,80,buf8 (default),1.0,6,True,True,1.0
W2b-H100-007,W2b,100,80,buf16,1.0,6,True,True,1.0
W2b-H100-007,W2b,100,80,k3,1.0,3,True,True,1.0
W2b-H100-007,W2b,100,80,k12,1.0,12,True,True,1.0
W2b-H100-007,W2b,100,80,thr0,1.0,6,True,True,1.0
W2b-H100-007,W2b,100,80,thr6,1.0,6,True,True,1.0
W2b-H100-007,W2b,100,40,buf4,1.0,6,True,True,1.0
W2b-H100-007,W2b,100,40,buf8 (default),1.0,6,True,True,1.0
W2b-H100-007,W2b,100,40,buf16,1.0,6,True,True,1.0
W2b-H100-007,W2b,100,40,k3,1.0,3,True,True,1.0
W2b-H100-007,W2b,100,40,k12,1.0,12,True,True,1.0
W2b-H100-007,W2b,100,40,thr0,1.0,6,True,True,1.0
W2b-H100-007,W2b,100,40,thr6,1.0,6,True,True,1.0
W2b-H100-008,W2b,100,10,buf4,1.0,6,True,True,1.0
W2b-H100-008,W2b,100,10,buf8 (default),1.0,6,True,True,1.0
W2b-H100-008,W2b,100,10,buf16,1.0,6,True,True,1.0
W2b-H100-008,W2b,100,10,k3,1.0,3,True,True,1.0
W2b-H100-008,W2b,100,10,k12,1.0,12,True,True,1.0
W2b-H100-008,W2b,100,10,thr0,1.0,6,True,True,1.0
W2b-H100-008,W2b,100,10,thr6,1.0,6,True,True,1.0
W2b-H100-008,W2b,100,10,buf4,1.0,6,True,True,1.0
W2b-H100-008,W2b,100,10,buf8 (default),1.0,6,True,True,1.0
W2b-H100-008,W2b,100,10,buf16,1.0,6,True,True,1.0
W2b-H100-008,W2b,100,10,k3,1.0,3,True,True,1.0
W2b-H100-008,W2b,100,10,k12,1.0,12,True,True,1.0
W2b-H100-008,W2b,100,10,thr0,1.0,6,True,True,1.0
W2b-H100-008,W2b,100,10,thr6,1.0,6,True,True,1.0
W2b-H100-008,W2b,100,40,buf4,1.0,6,True,True,1.0
W2b-H100-008,W2b,100,40,buf8 (default),1.0,6,True,True,1.0
W2b-H100-008,W2b,100,40,buf16,1.0,6,True,True,1.0
W2b-H100-008,W2b,100,40,k3,1.0,3,True,True,1.0
W2b-H100-008,W2b,100,40,k12,1.0,12,True,True,1.0
W2b-H100-008,W2b,100,40,thr0,1.0,6,True,True,1.0
W2b-H100-008,W2b,100,40,thr6,1.0,6,True,True,1.0
W2b-H100-008,W2b,100,20,buf4,1.0,6,True,True,1.0
W2b-H100-008,W2b,100,20,buf8 (default),1.0,6,True,True,1.0
W2b-H100-008,W2b,100,20,buf16,1.0,6,True,True,1.0
W2b-H100-008,W2b,100,20,k3,1.0,3,True,True,1.0
W2b-H100-008,W2b,100,20,k12,1.0,12,True,True,1.0
W2b-H100-008,W2b,100,20,thr0,1.0,6,True,True,1.0
W2b-H100-008,W2b,100,20,thr6,1.0,6,True,True,1.0
W2b-H100-008,W2b,100,20,buf4,1.0,6,True,True,1.0
W2b-H100-008,W2b,100,20,buf8 (default),1.0,6,True,True,1.0
W2b-H100-008,W2b,100,20,buf16,1.0,6,True,True,1.0
W2b-H100-008,W2b,100,20,k3,1.0,3,True,True,1.0
W2b-H100-008,W2b,100,20,k12,1.0,12,True,True,1.0
W2b-H100-008,W2b,100,20,thr0,1.0,6,True,True,1.0
W2b-H100-008,W2b,100,20,thr6,1.0,6,True,True,1.0
W2b-H100-008,W2b,100,5,buf4,1.0,6,True,True,1.0
W2b-H100-008,W2b,100,5,buf8 (default),1.0,6,True,True,1.0
W2b-H100-008,W2b,100,5,buf16,1.0,6,True,True,1.0
W2b-H100-008,W2b,100,5,k3,1.0,3,True,True,1.0
W2b-H100-008,W2b,100,5,k12,1.0,12,True,True,1.0
W2b-H100-008,W2b,100,5,thr0,1.0,6,True,True,1.0
W2b-H100-008,W2b,100,5,thr6,1.0,6,True,True,1.0
W2b-H100-008,W2b,100,5,buf4,2.0,6,True,True,0.5
W2b-H100-008,W2b,100,5,buf8 (default),2.0,6,True,True,0.5
W2b-H100-008,W2b,100,5,buf16,2.0,6,True,True,0.5
W2b-H100-008,W2b,100,5,k3,2.0,3,True,True,0.5
W2b-H100-008,W2b,100,5,k12,2.0,12,True,True,0.5
W2b-H100-008,W2b,100,5,thr0,2.0,6,True,True,0.5
W2b-H100-008,W2b,100,5,thr6,2.0,6,True,True,0.5
W2b-H100-008,W2b,100,40,buf4,1.0,6,True,True,1.0
W2b-H100-008,W2b,100,40,buf8 (default),1.0,6,True,True,1.0
W2b-H100-008,W2b,100,40,buf16,1.0,6,True,True,1.0
W2b-H100-008,W2b,100,40,k3,1.0,3,True,True,1.0
W2b-H100-008,W2b,100,40,k12,1.0,12,True,True,1.0
W2b-H100-008,W2b,100,40,thr0,1.0,6,True,True,1.0
W2b-H100-008,W2b,100,40,thr6,1.0,6,True,True,1.0
W2b-H100-008,W2b,100,80,buf4,2.0,6,True,True,0.5
W2b-H100-008,W2b,100,80,buf8 (default),2.0,6,True,True,0.5
W2b-H100-008,W2b,100,80,buf16,2.0,6,True,True,0.5
W2b-H100-008,W2b,100,80,k3,2.0,3,True,True,0.5
W2b-H100-008,W2b,100,80,k12,1.0,12,True,True,1.0
W2b-H100-008,W2b,100,80,thr0,1.0,6,True,True,1.0
W2b-H100-008,W2b,100,80,thr6,2.0,6,True,True,0.5
W2b-H100-008,W2b,100,80,buf4,2.0,6,True,True,0.5
W2b-H100-008,W2b,100,80,buf8 (default),2.0,6,True,True,0.5
W2b-H100-008,W2b,100,80,buf16,2.0,6,True,True,0.5
W2b-H100-008,W2b,100,80,k3,2.0,3,True,True,0.5
W2b-H100-008,W2b,100,80,k12,1.0,12,True,True,1.0
W2b-H100-008,W2b,100,80,thr0,1.0,6,True,True,1.0
W2b-H100-008,W2b,100,80,thr6,2.0,6,True,True,0.5
W2b-H100-009,W2b,100,5,buf4,1.0,6,True,True,1.0
W2b-H100-009,W2b,100,5,buf8 (default),1.0,6,True,True,1.0
W2b-H100-009,W2b,100,5,buf16,1.0,6,True,True,1.0
W2b-H100-009,W2b,100,5,k3,1.0,3,True,True,1.0
W2b-H100-009,W2b,100,5,k12,1.0,12,True,True,1.0
W2b-H100-009,W2b,100,5,thr0,1.0,6,True,True,1.0
W2b-H100-009,W2b,100,5,thr6,1.0,6,True,True,1.0
W2b-H100-009,W2b,100,10,buf4,1.0,6,True,True,1.0
W2b-H100-009,W2b,100,10,buf8 (default),1.0,6,True,True,1.0
W2b-H100-009,W2b,100,10,buf16,1.0,6,True,True,1.0
W2b-H100-009,W2b,100,10,k3,1.0,3,True,True,1.0
W2b-H100-009,W2b,100,10,k12,1.0,12,True,True,1.0
W2b-H100-009,W2b,100,10,thr0,1.0,6,True,True,1.0
W2b-H100-009,W2b,100,10,thr6,1.0,6,True,True,1.0
W2b-H100-009,W2b,100,5,buf4,1.0,6,True,True,1.0
W2b-H100-009,W2b,100,5,buf8 (default),1.0,6,True,True,1.0
W2b-H100-009,W2b,100,5,buf16,1.0,6,True,True,1.0
W2b-H100-009,W2b,100,5,k3,2.0,3,True,True,0.5
W2b-H100-009,W2b,100,5,k12,1.0,12,True,True,1.0
W2b-H100-009,W2b,100,5,thr0,1.0,6,True,True,1.0
W2b-H100-009,W2b,100,5,thr6,2.0,6,True,True,0.5
W2b-H100-009,W2b,100,20,buf4,1.0,6,True,True,1.0
W2b-H100-009,W2b,100,20,buf8 (default),1.0,6,True,True,1.0
W2b-H100-009,W2b,100,20,buf16,1.0,6,True,True,1.0
W2b-H100-009,W2b,100,20,k3,1.0,3,True,True,1.0
W2b-H100-009,W2b,100,20,k12,1.0,12,True,True,1.0
W2b-H100-009,W2b,100,20,thr0,1.0,6,True,True,1.0
W2b-H100-009,W2b,100,20,thr6,1.0,6,True,True,1.0
W2b-H100-009,W2b,100,40,buf4,1.0,6,True,True,1.0
W2b-H100-009,W2b,100,40,buf8 (default),1.0,6,True,True,1.0
W2b-H100-009,W2b,100,40,buf16,1.0,6,True,True,1.0
W2b-H100-009,W2b,100,40,k3,1.0,3,True,True,1.0
W2b-H100-009,W2b,100,40,k12,1.0,12,True,True,1.0
W2b-H100-009,W2b,100,40,thr0,1.0,6,True,True,1.0
W2b-H100-009,W2b,100,40,thr6,1.0,6,True,True,1.0
W2b-H100-009,W2b,100,40,buf4,1.0,6,True,True,1.0
W2b-H100-009,W2b,100,40,buf8 (default),1.0,6,True,True,1.0
W2b-H100-009,W2b,100,40,buf16,1.0,6,True,True,1.0
W2b-H100-009,W2b,100,40,k3,1.0,3,True,True,1.0
W2b-H100-009,W2b,100,40,k12,1.0,12,True,True,1.0
W2b-H100-009,W2b,100,40,thr0,1.0,6,True,True,1.0
W2b-H100-009,W2b,100,40,thr6,1.0,6,True,True,1.0
W2b-H100-009,W2b,100,20,buf4,2.0,6,True,True,0.5
W2b-H100-009,W2b,100,20,buf8 (default),2.0,6,True,True,0.5
W2b-H100-009,W2b,100,20,buf16,2.0,6,True,True,0.5
W2b-H100-009,W2b,100,20,k3,2.0,3,True,True,0.5
W2b-H100-009,W2b,100,20,k12,2.0,12,True,True,0.5
W2b-H100-009,W2b,100,20,thr0,2.0,6,True,True,0.5
W2b-H100-009,W2b,100,20,thr6,2.0,6,True,True,0.5
W2b-H100-009,W2b,100,80,buf4,1.0,6,True,True,1.0
W2b-H100-009,W2b,100,80,buf8 (default),1.0,6,True,True,1.0
W2b-H100-009,W2b,100,80,buf16,1.0,6,True,True,1.0
W2b-H100-009,W2b,100,80,k3,1.0,3,True,True,1.0
W2b-H100-009,W2b,100,80,k12,1.0,12,True,True,1.0
W2b-H100-009,W2b,100,80,thr0,1.0,6,True,True,1.0
W2b-H100-009,W2b,100,80,thr6,1.0,6,True,True,1.0
W2b-H100-009,W2b,100,80,buf4,1.0,6,True,True,1.0
W2b-H100-009,W2b,100,80,buf8 (default),1.0,6,True,True,1.0
W2b-H100-009,W2b,100,80,buf16,1.0,6,True,True,1.0
W2b-H100-009,W2b,100,80,k3,2.0,3,True,True,0.5
W2b-H100-009,W2b,100,80,k12,1.0,12,True,True,1.0
W2b-H100-009,W2b,100,80,thr0,1.0,6,True,True,1.0
W2b-H100-009,W2b,100,80,thr6,1.0,6,True,True,1.0
W2b-H100-009,W2b,100,10,buf4,3.0,6,True,True,0.3333333333333333
W2b-H100-009,W2b,100,10,buf8 (default),3.0,6,True,True,0.3333333333333333
W2b-H100-009,W2b,100,10,buf16,3.0,6,True,True,0.3333333333333333
W2b-H100-009,W2b,100,10,k3,3.0,3,True,True,0.3333333333333333
W2b-H100-009,W2b,100,10,k12,3.0,12,True,True,0.3333333333333333
W2b-H100-009,W2b,100,10,thr0,3.0,6,True,True,0.3333333333333333
W2b-H100-009,W2b,100,10,thr6,3.0,6,True,True,0.3333333333333333
W2b-H200-000,W2b,200,5,buf4,1.0,6,True,True,1.0
W2b-H200-000,W2b,200,5,buf8 (default),1.0,6,True,True,1.0
W2b-H200-000,W2b,200,5,buf16,1.0,6,True,True,1.0
W2b-H200-000,W2b,200,5,k3,1.0,3,True,True,1.0
W2b-H200-000,W2b,200,5,k12,1.0,12,True,True,1.0
W2b-H200-000,W2b,200,5,thr0,1.0,6,True,True,1.0
W2b-H200-000,W2b,200,5,thr6,1.0,6,True,True,1.0
W2b-H200-000,W2b,200,5,buf4,1.0,6,True,True,1.0
W2b-H200-000,W2b,200,5,buf8 (default),1.0,6,True,True,1.0
W2b-H200-000,W2b,200,5,buf16,1.0,6,True,True,1.0
W2b-H200-000,W2b,200,5,k3,1.0,3,True,True,1.0
W2b-H200-000,W2b,200,5,k12,1.0,12,True,True,1.0
W2b-H200-000,W2b,200,5,thr0,1.0,6,True,True,1.0
W2b-H200-000,W2b,200,5,thr6,1.0,6,True,True,1.0
W2b-H200-000,W2b,200,20,buf4,1.0,6,True,True,1.0
W2b-H200-000,W2b,200,20,buf8 (default),1.0,6,True,True,1.0
W2b-H200-000,W2b,200,20,buf16,1.0,6,True,True,1.0
W2b-H200-000,W2b,200,20,k3,1.0,3,True,True,1.0
W2b-H200-000,W2b,200,20,k12,1.0,12,True,True,1.0
W2b-H200-000,W2b,200,20,thr0,1.0,6,True,True,1.0
W2b-H200-000,W2b,200,20,thr6,1.0,6,True,True,1.0
W2b-H200-000,W2b,200,40,buf4,1.0,6,True,True,1.0
W2b-H200-000,W2b,200,40,buf8 (default),1.0,6,True,True,1.0
W2b-H200-000,W2b,200,40,buf16,1.0,6,True,True,1.0
W2b-H200-000,W2b,200,40,k3,1.0,3,True,True,1.0
W2b-H200-000,W2b,200,40,k12,1.0,12,True,True,1.0
W2b-H200-000,W2b,200,40,thr0,1.0,6,True,True,1.0
W2b-H200-000,W2b,200,40,thr6,1.0,6,True,True,1.0
W2b-H200-000,W2b,200,40,buf4,1.0,6,True,True,1.0
W2b-H200-000,W2b,200,40,buf8 (default),1.0,6,True,True,1.0
W2b-H200-000,W2b,200,40,buf16,1.0,6,True,True,1.0
W2b-H200-000,W2b,200,40,k3,1.0,3,True,True,1.0
W2b-H200-000,W2b,200,40,k12,1.0,12,True,True,1.0
W2b-H200-000,W2b,200,40,thr0,1.0,6,True,True,1.0
W2b-H200-000,W2b,200,40,thr6,1.0,6,True,True,1.0
W2b-H200-000,W2b,200,10,buf4,1.0,6,True,True,1.0
W2b-H200-000,W2b,200,10,buf8 (default),1.0,6,True,True,1.0
W2b-H200-000,W2b,200,10,buf16,1.0,6,True,True,1.0
W2b-H200-000,W2b,200,10,k3,1.0,3,True,True,1.0
W2b-H200-000,W2b,200,10,k12,1.0,12,True,True,1.0
W2b-H200-000,W2b,200,10,thr0,1.0,6,True,True,1.0
W2b-H200-000,W2b,200,10,thr6,1.0,6,True,True,1.0
W2b-H200-000,W2b,200,10,buf4,1.0,6,True,True,1.0
W2b-H200-000,W2b,200,10,buf8 (default),1.0,6,True,True,1.0
W2b-H200-000,W2b,200,10,buf16,1.0,6,True,True,1.0
W2b-H200-000,W2b,200,10,k3,1.0,3,True,True,1.0
W2b-H200-000,W2b,200,10,k12,1.0,12,True,True,1.0
W2b-H200-000,W2b,200,10,thr0,1.0,6,True,True,1.0
W2b-H200-000,W2b,200,10,thr6,1.0,6,True,True,1.0
W2b-H200-000,W2b,200,80,buf4,2.0,6,True,True,0.5
W2b-H200-000,W2b,200,80,buf8 (default),2.0,6,True,True,0.5
W2b-H200-000,W2b,200,80,buf16,2.0,6,True,True,0.5
W2b-H200-000,W2b,200,80,k3,2.0,3,True,True,0.5
W2b-H200-000,W2b,200,80,k12,2.0,12,True,True,0.5
W2b-H200-000,W2b,200,80,thr0,2.0,6,True,True,0.5
W2b-H200-000,W2b,200,80,thr6,4.0,6,True,True,0.25
W2b-H200-000,W2b,200,20,buf4,1.0,6,True,True,1.0
W2b-H200-000,W2b,200,20,buf8 (default),1.0,6,True,True,1.0
W2b-H200-000,W2b,200,20,buf16,1.0,6,True,True,1.0
W2b-H200-000,W2b,200,20,k3,1.0,3,True,True,1.0
W2b-H200-000,W2b,200,20,k12,1.0,12,True,True,1.0
W2b-H200-000,W2b,200,20,thr0,1.0,6,True,True,1.0
W2b-H200-000,W2b,200,20,thr6,1.0,6,True,True,1.0
W2b-H200-000,W2b,200,160,buf4,1.0,6,True,True,1.0
W2b-H200-000,W2b,200,160,buf8 (default),1.0,6,True,True,1.0
W2b-H200-000,W2b,200,160,buf16,1.0,6,True,True,1.0
W2b-H200-000,W2b,200,160,k3,1.0,3,True,True,1.0
W2b-H200-000,W2b,200,160,k12,1.0,12,True,True,1.0
W2b-H200-000,W2b,200,160,thr0,1.0,6,True,True,1.0
W2b-H200-000,W2b,200,160,thr6,1.0,6,True,True,1.0
W2b-H200-000,W2b,200,160,buf4,2.0,6,True,True,0.5
W2b-H200-000,W2b,200,160,buf8 (default),2.0,6,True,True,0.5
W2b-H200-000,W2b,200,160,buf16,2.0,6,True,True,0.5
W2b-H200-000,W2b,200,160,k3,2.0,3,True,True,0.5
W2b-H200-000,W2b,200,160,k12,2.0,12,True,True,0.5
W2b-H200-000,W2b,200,160,thr0,2.0,6,True,True,0.5
W2b-H200-000,W2b,200,160,thr6,2.0,6,True,True,0.5
W2b-H200-000,W2b,200,80,buf4,1.0,6,True,True,1.0
W2b-H200-000,W2b,200,80,buf8 (default),1.0,6,True,True,1.0
W2b-H200-000,W2b,200,80,buf16,1.0,6,True,True,1.0
W2b-H200-000,W2b,200,80,k3,1.0,3,True,True,1.0
W2b-H200-000,W2b,200,80,k12,1.0,12,True,True,1.0
W2b-H200-000,W2b,200,80,thr0,1.0,6,True,True,1.0
W2b-H200-000,W2b,200,80,thr6,1.0,6,True,True,1.0
W2b-H200-001,W2b,200,10,buf4,2.0,6,True,True,0.5
W2b-H200-001,W2b,200,10,buf8 (default),2.0,6,True,True,0.5
W2b-H200-001,W2b,200,10,buf16,2.0,6,True,True,0.5
W2b-H200-001,W2b,200,10,k3,2.0,3,True,True,0.5
W2b-H200-001,W2b,200,10,k12,2.0,12,True,True,0.5
W2b-H200-001,W2b,200,10,thr0,1.0,6,True,True,1.0
W2b-H200-001,W2b,200,10,thr6,2.0,6,True,True,0.5
W2b-H200-001,W2b,200,20,buf4,1.0,6,True,True,1.0
W2b-H200-001,W2b,200,20,buf8 (default),1.0,6,True,True,1.0
W2b-H200-001,W2b,200,20,buf16,1.0,6,True,True,1.0
W2b-H200-001,W2b,200,20,k3,1.0,3,True,True,1.0
W2b-H200-001,W2b,200,20,k12,1.0,12,True,True,1.0
W2b-H200-001,W2b,200,20,thr0,1.0,6,True,True,1.0
W2b-H200-001,W2b,200,20,thr6,1.0,6,True,True,1.0
W2b-H200-001,W2b,200,40,buf4,1.0,6,True,True,1.0
W2b-H200-001,W2b,200,40,buf8 (default),1.0,6,True,True,1.0
W2b-H200-001,W2b,200,40,buf16,1.0,6,True,True,1.0
W2b-H200-001,W2b,200,40,k3,1.0,3,True,True,1.0
W2b-H200-001,W2b,200,40,k12,1.0,12,True,True,1.0
W2b-H200-001,W2b,200,40,thr0,1.0,6,True,True,1.0
W2b-H200-001,W2b,200,40,thr6,1.0,6,True,True,1.0
W2b-H200-001,W2b,200,5,buf4,1.0,6,True,True,1.0
W2b-H200-001,W2b,200,5,buf8 (default),1.0,6,True,True,1.0
W2b-H200-001,W2b,200,5,buf16,1.0,6,True,True,1.0
W2b-H200-001,W2b,200,5,k3,1.0,3,True,True,1.0
W2b-H200-001,W2b,200,5,k12,1.0,12,True,True,1.0
W2b-H200-001,W2b,200,5,thr0,1.0,6,True,True,1.0
W2b-H200-001,W2b,200,5,thr6,1.0,6,True,True,1.0
W2b-H200-001,W2b,200,20,buf4,2.0,6,True,True,0.5
W2b-H200-001,W2b,200,20,buf8 (default),2.0,6,True,True,0.5
W2b-H200-001,W2b,200,20,buf16,2.0,6,True,True,0.5
W2b-H200-001,W2b,200,20,k3,2.0,3,True,True,0.5
W2b-H200-001,W2b,200,20,k12,2.0,12,True,True,0.5
W2b-H200-001,W2b,200,20,thr0,2.0,6,True,True,0.5
W2b-H200-001,W2b,200,20,thr6,2.0,6,True,True,0.5
W2b-H200-001,W2b,200,80,buf4,1.0,6,True,True,1.0
W2b-H200-001,W2b,200,80,buf8 (default),1.0,6,True,True,1.0
W2b-H200-001,W2b,200,80,buf16,1.0,6,True,True,1.0
W2b-H200-001,W2b,200,80,k3,1.0,3,True,True,1.0
W2b-H200-001,W2b,200,80,k12,1.0,12,True,True,1.0
W2b-H200-001,W2b,200,80,thr0,1.0,6,True,True,1.0
W2b-H200-001,W2b,200,80,thr6,1.0,6,True,True,1.0
W2b-H200-001,W2b,200,5,buf4,1.0,6,True,True,1.0
W2b-H200-001,W2b,200,5,buf8 (default),1.0,6,True,True,1.0
W2b-H200-001,W2b,200,5,buf16,1.0,6,True,True,1.0
W2b-H200-001,W2b,200,5,k3,1.0,3,True,True,1.0
W2b-H200-001,W2b,200,5,k12,1.0,12,True,True,1.0
W2b-H200-001,W2b,200,5,thr0,1.0,6,True,True,1.0
W2b-H200-001,W2b,200,5,thr6,1.0,6,True,True,1.0
W2b-H200-001,W2b,200,10,buf4,1.0,6,True,True,1.0
W2b-H200-001,W2b,200,10,buf8 (default),1.0,6,True,True,1.0
W2b-H200-001,W2b,200,10,buf16,1.0,6,True,True,1.0
W2b-H200-001,W2b,200,10,k3,2.0,3,True,True,0.5
W2b-H200-001,W2b,200,10,k12,1.0,12,True,True,1.0
W2b-H200-001,W2b,200,10,thr0,1.0,6,True,True,1.0
W2b-H200-001,W2b,200,10,thr6,2.0,6,True,True,0.5
W2b-H200-001,W2b,200,160,buf4,1.0,6,True,True,1.0
W2b-H200-001,W2b,200,160,buf8 (default),1.0,6,True,True,1.0
W2b-H200-001,W2b,200,160,buf16,1.0,6,True,True,1.0
W2b-H200-001,W2b,200,160,k3,1.0,3,True,True,1.0
W2b-H200-001,W2b,200,160,k12,1.0,12,True,True,1.0
W2b-H200-001,W2b,200,160,thr0,1.0,6,True,True,1.0
W2b-H200-001,W2b,200,160,thr6,2.0,6,True,True,0.5
W2b-H200-001,W2b,200,80,buf4,1.0,6,True,True,1.0
W2b-H200-001,W2b,200,80,buf8 (default),1.0,6,True,True,1.0
W2b-H200-001,W2b,200,80,buf16,1.0,6,True,True,1.0
W2b-H200-001,W2b,200,80,k3,1.0,3,True,True,1.0
W2b-H200-001,W2b,200,80,k12,1.0,12,True,True,1.0
W2b-H200-001,W2b,200,80,thr0,1.0,6,True,True,1.0
W2b-H200-001,W2b,200,80,thr6,1.0,6,True,True,1.0
W2b-H200-001,W2b,200,40,buf4,1.0,6,True,True,1.0
W2b-H200-001,W2b,200,40,buf8 (default),1.0,6,True,True,1.0
W2b-H200-001,W2b,200,40,buf16,1.0,6,True,True,1.0
W2b-H200-001,W2b,200,40,k3,,3,False,True,0.0
W2b-H200-001,W2b,200,40,k12,1.0,12,True,True,1.0
W2b-H200-001,W2b,200,40,thr0,1.0,6,True,True,1.0
W2b-H200-001,W2b,200,40,thr6,1.0,6,True,True,1.0
W2b-H200-001,W2b,200,160,buf4,1.0,6,True,True,1.0
W2b-H200-001,W2b,200,160,buf8 (default),1.0,6,True,True,1.0
W2b-H200-001,W2b,200,160,buf16,1.0,6,True,True,1.0
W2b-H200-001,W2b,200,160,k3,1.0,3,True,True,1.0
W2b-H200-001,W2b,200,160,k12,1.0,12,True,True,1.0
W2b-H200-001,W2b,200,160,thr0,1.0,6,True,True,1.0
W2b-H200-001,W2b,200,160,thr6,1.0,6,True,True,1.0
W2b-H200-002,W2b,200,10,buf4,1.0,6,True,True,1.0
W2b-H200-002,W2b,200,10,buf8 (default),1.0,6,True,True,1.0
W2b-H200-002,W2b,200,10,buf16,1.0,6,True,True,1.0
W2b-H200-002,W2b,200,10,k3,1.0,3,True,True,1.0
W2b-H200-002,W2b,200,10,k12,1.0,12,True,True,1.0
W2b-H200-002,W2b,200,10,thr0,1.0,6,True,True,1.0
W2b-H200-002,W2b,200,10,thr6,1.0,6,True,True,1.0
W2b-H200-002,W2b,200,10,buf4,1.0,6,True,True,1.0
W2b-H200-002,W2b,200,10,buf8 (default),1.0,6,True,True,1.0
W2b-H200-002,W2b,200,10,buf16,1.0,6,True,True,1.0
W2b-H200-002,W2b,200,10,k3,1.0,3,True,True,1.0
W2b-H200-002,W2b,200,10,k12,1.0,12,True,True,1.0
W2b-H200-002,W2b,200,10,thr0,1.0,6,True,True,1.0
W2b-H200-002,W2b,200,10,thr6,1.0,6,True,True,1.0
W2b-H200-002,W2b,200,20,buf4,1.0,6,True,True,1.0
W2b-H200-002,W2b,200,20,buf8 (default),1.0,6,True,True,1.0
W2b-H200-002,W2b,200,20,buf16,1.0,6,True,True,1.0
W2b-H200-002,W2b,200,20,k3,1.0,3,True,True,1.0
W2b-H200-002,W2b,200,20,k12,1.0,12,True,True,1.0
W2b-H200-002,W2b,200,20,thr0,1.0,6,True,True,1.0
W2b-H200-002,W2b,200,20,thr6,1.0,6,True,True,1.0
W2b-H200-002,W2b,200,5,buf4,1.0,6,True,True,1.0
W2b-H200-002,W2b,200,5,buf8 (default),1.0,6,True,True,1.0
W2b-H200-002,W2b,200,5,buf16,1.0,6,True,True,1.0
W2b-H200-002,W2b,200,5,k3,,3,True,True,0.0
W2b-H200-002,W2b,200,5,k12,1.0,12,True,True,1.0
W2b-H200-002,W2b,200,5,thr0,1.0,6,True,True,1.0
W2b-H200-002,W2b,200,5,thr6,5.0,6,True,True,0.2
W2b-H200-002,W2b,200,5,buf4,1.0,6,True,True,1.0
W2b-H200-002,W2b,200,5,buf8 (default),1.0,6,True,True,1.0
W2b-H200-002,W2b,200,5,buf16,1.0,6,True,True,1.0
W2b-H200-002,W2b,200,5,k3,1.0,3,True,True,1.0
W2b-H200-002,W2b,200,5,k12,1.0,12,True,True,1.0
W2b-H200-002,W2b,200,5,thr0,1.0,6,True,True,1.0
W2b-H200-002,W2b,200,5,thr6,1.0,6,True,True,1.0
W2b-H200-002,W2b,200,80,buf4,1.0,6,True,True,1.0
W2b-H200-002,W2b,200,80,buf8 (default),1.0,6,True,True,1.0
W2b-H200-002,W2b,200,80,buf16,1.0,6,True,True,1.0
W2b-H200-002,W2b,200,80,k3,,3,False,True,0.0
W2b-H200-002,W2b,200,80,k12,1.0,12,True,True,1.0
W2b-H200-002,W2b,200,80,thr0,1.0,6,True,True,1.0
W2b-H200-002,W2b,200,80,thr6,6.0,6,True,True,0.16666666666666666
W2b-H200-002,W2b,200,80,buf4,1.0,6,True,True,1.0
W2b-H200-002,W2b,200,80,buf8 (default),1.0,6,True,True,1.0
W2b-H200-002,W2b,200,80,buf16,1.0,6,True,True,1.0
W2b-H200-002,W2b,200,80,k3,1.0,3,True,True,1.0
W2b-H200-002,W2b,200,80,k12,1.0,12,True,True,1.0
W2b-H200-002,W2b,200,80,thr0,1.0,6,True,True,1.0
W2b-H200-002,W2b,200,80,thr6,5.0,6,True,True,0.2
W2b-H200-002,W2b,200,40,buf4,1.0,6,True,True,1.0
W2b-H200-002,W2b,200,40,buf8 (default),1.0,6,True,True,1.0
W2b-H200-002,W2b,200,40,buf16,1.0,6,True,True,1.0
W2b-H200-002,W2b,200,40,k3,1.0,3,True,True,1.0
W2b-H200-002,W2b,200,40,k12,1.0,12,True,True,1.0
W2b-H200-002,W2b,200,40,thr0,1.0,6,True,True,1.0
W2b-H200-002,W2b,200,40,thr6,1.0,6,True,True,1.0
W2b-H200-002,W2b,200,160,buf4,1.0,6,True,True,1.0
W2b-H200-002,W2b,200,160,buf8 (default),1.0,6,True,True,1.0
W2b-H200-002,W2b,200,160,buf16,1.0,6,True,True,1.0
W2b-H200-002,W2b,200,160,k3,1.0,3,True,True,1.0
W2b-H200-002,W2b,200,160,k12,1.0,12,True,True,1.0
W2b-H200-002,W2b,200,160,thr0,1.0,6,True,True,1.0
W2b-H200-002,W2b,200,160,thr6,1.0,6,True,True,1.0
W2b-H200-002,W2b,200,40,buf4,1.0,6,True,True,1.0
W2b-H200-002,W2b,200,40,buf8 (default),1.0,6,True,True,1.0
W2b-H200-002,W2b,200,40,buf16,1.0,6,True,True,1.0
W2b-H200-002,W2b,200,40,k3,1.0,3,True,True,1.0
W2b-H200-002,W2b,200,40,k12,1.0,12,True,True,1.0
W2b-H200-002,W2b,200,40,thr0,1.0,6,True,True,1.0
W2b-H200-002,W2b,200,40,thr6,1.0,6,True,True,1.0
W2b-H200-002,W2b,200,160,buf4,1.0,6,True,True,1.0
W2b-H200-002,W2b,200,160,buf8 (default),1.0,6,True,True,1.0
W2b-H200-002,W2b,200,160,buf16,1.0,6,True,True,1.0
W2b-H200-002,W2b,200,160,k3,1.0,3,True,True,1.0
W2b-H200-002,W2b,200,160,k12,1.0,12,True,True,1.0
W2b-H200-002,W2b,200,160,thr0,1.0,6,True,True,1.0
W2b-H200-002,W2b,200,160,thr6,1.0,6,True,True,1.0
W2b-H200-002,W2b,200,20,buf4,1.0,6,True,True,1.0
W2b-H200-002,W2b,200,20,buf8 (default),1.0,6,True,True,1.0
W2b-H200-002,W2b,200,20,buf16,1.0,6,True,True,1.0
W2b-H200-002,W2b,200,20,k3,1.0,3,True,True,1.0
W2b-H200-002,W2b,200,20,k12,1.0,12,True,True,1.0
W2b-H200-002,W2b,200,20,thr0,1.0,6,True,True,1.0
W2b-H200-002,W2b,200,20,thr6,1.0,6,True,True,1.0
W2b-H200-003,W2b,200,5,buf4,1.0,6,True,True,1.0
W2b-H200-003,W2b,200,5,buf8 (default),1.0,6,True,True,1.0
W2b-H200-003,W2b,200,5,buf16,1.0,6,True,True,1.0
W2b-H200-003,W2b,200,5,k3,1.0,3,True,True,1.0
W2b-H200-003,W2b,200,5,k12,1.0,12,True,True,1.0
W2b-H200-003,W2b,200,5,thr0,1.0,6,True,True,1.0
W2b-H200-003,W2b,200,5,thr6,1.0,6,True,True,1.0
W2b-H200-003,W2b,200,10,buf4,1.0,6,True,True,1.0
W2b-H200-003,W2b,200,10,buf8 (default),1.0,6,True,True,1.0
W2b-H200-003,W2b,200,10,buf16,1.0,6,True,True,1.0
W2b-H200-003,W2b,200,10,k3,1.0,3,True,True,1.0
W2b-H200-003,W2b,200,10,k12,1.0,12,True,True,1.0
W2b-H200-003,W2b,200,10,thr0,1.0,6,True,True,1.0
W2b-H200-003,W2b,200,10,thr6,1.0,6,True,True,1.0
W2b-H200-003,W2b,200,5,buf4,1.0,6,True,True,1.0
W2b-H200-003,W2b,200,5,buf8 (default),1.0,6,True,True,1.0
W2b-H200-003,W2b,200,5,buf16,1.0,6,True,True,1.0
W2b-H200-003,W2b,200,5,k3,1.0,3,True,True,1.0
W2b-H200-003,W2b,200,5,k12,1.0,12,True,True,1.0
W2b-H200-003,W2b,200,5,thr0,1.0,6,True,True,1.0
W2b-H200-003,W2b,200,5,thr6,1.0,6,True,True,1.0
W2b-H200-003,W2b,200,40,buf4,1.0,6,True,True,1.0
W2b-H200-003,W2b,200,40,buf8 (default),1.0,6,True,True,1.0
W2b-H200-003,W2b,200,40,buf16,1.0,6,True,True,1.0
W2b-H200-003,W2b,200,40,k3,1.0,3,True,True,1.0
W2b-H200-003,W2b,200,40,k12,1.0,12,True,True,1.0
W2b-H200-003,W2b,200,40,thr0,1.0,6,True,True,1.0
W2b-H200-003,W2b,200,40,thr6,1.0,6,True,True,1.0
W2b-H200-003,W2b,200,20,buf4,1.0,6,True,True,1.0
W2b-H200-003,W2b,200,20,buf8 (default),1.0,6,True,True,1.0
W2b-H200-003,W2b,200,20,buf16,1.0,6,True,True,1.0
W2b-H200-003,W2b,200,20,k3,1.0,3,True,True,1.0
W2b-H200-003,W2b,200,20,k12,1.0,12,True,True,1.0
W2b-H200-003,W2b,200,20,thr0,1.0,6,True,True,1.0
W2b-H200-003,W2b,200,20,thr6,1.0,6,True,True,1.0
W2b-H200-003,W2b,200,80,buf4,1.0,6,True,True,1.0
W2b-H200-003,W2b,200,80,buf8 (default),1.0,6,True,True,1.0
W2b-H200-003,W2b,200,80,buf16,1.0,6,True,True,1.0
W2b-H200-003,W2b,200,80,k3,1.0,3,True,True,1.0
W2b-H200-003,W2b,200,80,k12,1.0,12,True,True,1.0
W2b-H200-003,W2b,200,80,thr0,1.0,6,True,True,1.0
W2b-H200-003,W2b,200,80,thr6,1.0,6,True,True,1.0
W2b-H200-003,W2b,200,20,buf4,,6,False,True,0.0
W2b-H200-003,W2b,200,20,buf8 (default),,6,False,True,0.0
W2b-H200-003,W2b,200,20,buf16,,6,False,True,0.0
W2b-H200-003,W2b,200,20,k3,,3,False,True,0.0
W2b-H200-003,W2b,200,20,k12,1.0,12,True,True,1.0
W2b-H200-003,W2b,200,20,thr0,1.0,6,True,True,1.0
W2b-H200-003,W2b,200,20,thr6,,6,False,True,0.0
W2b-H200-003,W2b,200,160,buf4,3.0,6,True,True,0.3333333333333333
W2b-H200-003,W2b,200,160,buf8 (default),3.0,6,True,True,0.3333333333333333
W2b-H200-003,W2b,200,160,buf16,3.0,6,True,True,0.3333333333333333
W2b-H200-003,W2b,200,160,k3,3.0,3,True,True,0.3333333333333333
W2b-H200-003,W2b,200,160,k12,3.0,12,True,True,0.3333333333333333
W2b-H200-003,W2b,200,160,thr0,3.0,6,True,True,0.3333333333333333
W2b-H200-003,W2b,200,160,thr6,3.0,6,True,True,0.3333333333333333
W2b-H200-003,W2b,200,40,buf4,1.0,6,True,True,1.0
W2b-H200-003,W2b,200,40,buf8 (default),1.0,6,True,True,1.0
W2b-H200-003,W2b,200,40,buf16,1.0,6,True,True,1.0
W2b-H200-003,W2b,200,40,k3,1.0,3,True,True,1.0
W2b-H200-003,W2b,200,40,k12,1.0,12,True,True,1.0
W2b-H200-003,W2b,200,40,thr0,1.0,6,True,True,1.0
W2b-H200-003,W2b,200,40,thr6,1.0,6,True,True,1.0
W2b-H200-003,W2b,200,10,buf4,1.0,6,True,True,1.0
W2b-H200-003,W2b,200,10,buf8 (default),1.0,6,True,True,1.0
W2b-H200-003,W2b,200,10,buf16,1.0,6,True,True,1.0
W2b-H200-003,W2b,200,10,k3,,3,False,True,0.0
W2b-H200-003,W2b,200,10,k12,1.0,12,True,True,1.0
W2b-H200-003,W2b,200,10,thr0,1.0,6,True,True,1.0
W2b-H200-003,W2b,200,10,thr6,,6,False,True,0.0
W2b-H200-003,W2b,200,160,buf4,1.0,6,True,True,1.0
W2b-H200-003,W2b,200,160,buf8 (default),1.0,6,True,True,1.0
W2b-H200-003,W2b,200,160,buf16,1.0,6,True,True,1.0
W2b-H200-003,W2b,200,160,k3,1.0,3,True,True,1.0
W2b-H200-003,W2b,200,160,k12,1.0,12,True,True,1.0
W2b-H200-003,W2b,200,160,thr0,1.0,6,True,True,1.0
W2b-H200-003,W2b,200,160,thr6,1.0,6,True,True,1.0
W2b-H200-003,W2b,200,80,buf4,1.0,6,True,True,1.0
W2b-H200-003,W2b,200,80,buf8 (default),1.0,6,True,True,1.0
W2b-H200-003,W2b,200,80,buf16,1.0,6,True,True,1.0
W2b-H200-003,W2b,200,80,k3,,3,False,True,0.0
W2b-H200-003,W2b,200,80,k12,1.0,12,True,True,1.0
W2b-H200-003,W2b,200,80,thr0,1.0,6,True,True,1.0
W2b-H200-003,W2b,200,80,thr6,5.0,6,True,True,0.2
W2b-H200-004,W2b,200,5,buf4,1.0,6,True,True,1.0
W2b-H200-004,W2b,200,5,buf8 (default),1.0,6,True,True,1.0
W2b-H200-004,W2b,200,5,buf16,1.0,6,True,True,1.0
W2b-H200-004,W2b,200,5,k3,1.0,3,True,True,1.0
W2b-H200-004,W2b,200,5,k12,1.0,12,True,True,1.0
W2b-H200-004,W2b,200,5,thr0,1.0,6,True,True,1.0
W2b-H200-004,W2b,200,5,thr6,1.0,6,True,True,1.0
W2b-H200-004,W2b,200,40,buf4,1.0,6,True,True,1.0
W2b-H200-004,W2b,200,40,buf8 (default),1.0,6,True,True,1.0
W2b-H200-004,W2b,200,40,buf16,1.0,6,True,True,1.0
W2b-H200-004,W2b,200,40,k3,1.0,3,True,True,1.0
W2b-H200-004,W2b,200,40,k12,1.0,12,True,True,1.0
W2b-H200-004,W2b,200,40,thr0,1.0,6,True,True,1.0
W2b-H200-004,W2b,200,40,thr6,1.0,6,True,True,1.0
W2b-H200-004,W2b,200,10,buf4,1.0,6,True,True,1.0
W2b-H200-004,W2b,200,10,buf8 (default),1.0,6,True,True,1.0
W2b-H200-004,W2b,200,10,buf16,1.0,6,True,True,1.0
W2b-H200-004,W2b,200,10,k3,2.0,3,True,True,0.5
W2b-H200-004,W2b,200,10,k12,1.0,12,True,True,1.0
W2b-H200-004,W2b,200,10,thr0,1.0,6,True,True,1.0
W2b-H200-004,W2b,200,10,thr6,2.0,6,True,True,0.5
W2b-H200-004,W2b,200,10,buf4,1.0,6,True,True,1.0
W2b-H200-004,W2b,200,10,buf8 (default),1.0,6,True,True,1.0
W2b-H200-004,W2b,200,10,buf16,1.0,6,True,True,1.0
W2b-H200-004,W2b,200,10,k3,1.0,3,True,True,1.0
W2b-H200-004,W2b,200,10,k12,1.0,12,True,True,1.0
W2b-H200-004,W2b,200,10,thr0,1.0,6,True,True,1.0
W2b-H200-004,W2b,200,10,thr6,2.0,6,True,True,0.5
W2b-H200-004,W2b,200,80,buf4,1.0,6,True,True,1.0
W2b-H200-004,W2b,200,80,buf8 (default),1.0,6,True,True,1.0
W2b-H200-004,W2b,200,80,buf16,1.0,6,True,True,1.0
W2b-H200-004,W2b,200,80,k3,1.0,3,True,True,1.0
W2b-H200-004,W2b,200,80,k12,1.0,12,True,True,1.0
W2b-H200-004,W2b,200,80,thr0,1.0,6,True,True,1.0
W2b-H200-004,W2b,200,80,thr6,1.0,6,True,True,1.0
W2b-H200-004,W2b,200,20,buf4,1.0,6,True,True,1.0
W2b-H200-004,W2b,200,20,buf8 (default),1.0,6,True,True,1.0
W2b-H200-004,W2b,200,20,buf16,1.0,6,True,True,1.0
W2b-H200-004,W2b,200,20,k3,1.0,3,True,True,1.0
W2b-H200-004,W2b,200,20,k12,1.0,12,True,True,1.0
W2b-H200-004,W2b,200,20,thr0,1.0,6,True,True,1.0
W2b-H200-004,W2b,200,20,thr6,1.0,6,True,True,1.0
W2b-H200-004,W2b,200,20,buf4,1.0,6,True,True,1.0
W2b-H200-004,W2b,200,20,buf8 (default),1.0,6,True,True,1.0
W2b-H200-004,W2b,200,20,buf16,1.0,6,True,True,1.0
W2b-H200-004,W2b,200,20,k3,1.0,3,True,True,1.0
W2b-H200-004,W2b,200,20,k12,1.0,12,True,True,1.0
W2b-H200-004,W2b,200,20,thr0,1.0,6,True,True,1.0
W2b-H200-004,W2b,200,20,thr6,1.0,6,True,True,1.0
W2b-H200-004,W2b,200,160,buf4,1.0,6,True,True,1.0
W2b-H200-004,W2b,200,160,buf8 (default),1.0,6,True,True,1.0
W2b-H200-004,W2b,200,160,buf16,1.0,6,True,True,1.0
W2b-H200-004,W2b,200,160,k3,1.0,3,True,True,1.0
W2b-H200-004,W2b,200,160,k12,1.0,12,True,True,1.0
W2b-H200-004,W2b,200,160,thr0,1.0,6,True,True,1.0
W2b-H200-004,W2b,200,160,thr6,1.0,6,True,True,1.0
W2b-H200-004,W2b,200,40,buf4,1.0,6,True,True,1.0
W2b-H200-004,W2b,200,40,buf8 (default),1.0,6,True,True,1.0
W2b-H200-004,W2b,200,40,buf16,1.0,6,True,True,1.0
W2b-H200-004,W2b,200,40,k3,1.0,3,True,True,1.0
W2b-H200-004,W2b,200,40,k12,1.0,12,True,True,1.0
W2b-H200-004,W2b,200,40,thr0,1.0,6,True,True,1.0
W2b-H200-004,W2b,200,40,thr6,1.0,6,True,True,1.0
W2b-H200-004,W2b,200,5,buf4,1.0,6,True,True,1.0
W2b-H200-004,W2b,200,5,buf8 (default),1.0,6,True,True,1.0
W2b-H200-004,W2b,200,5,buf16,1.0,6,True,True,1.0
W2b-H200-004,W2b,200,5,k3,1.0,3,True,True,1.0
W2b-H200-004,W2b,200,5,k12,1.0,12,True,True,1.0
W2b-H200-004,W2b,200,5,thr0,1.0,6,True,True,1.0
W2b-H200-004,W2b,200,5,thr6,1.0,6,True,True,1.0
W2b-H200-004,W2b,200,80,buf4,1.0,6,True,True,1.0
W2b-H200-004,W2b,200,80,buf8 (default),1.0,6,True,True,1.0
W2b-H200-004,W2b,200,80,buf16,1.0,6,True,True,1.0
W2b-H200-004,W2b,200,80,k3,1.0,3,True,True,1.0
W2b-H200-004,W2b,200,80,k12,1.0,12,True,True,1.0
W2b-H200-004,W2b,200,80,thr0,1.0,6,True,True,1.0
W2b-H200-004,W2b,200,80,thr6,1.0,6,True,True,1.0
W2b-H200-004,W2b,200,160,buf4,1.0,6,True,True,1.0
W2b-H200-004,W2b,200,160,buf8 (default),1.0,6,True,True,1.0
W2b-H200-004,W2b,200,160,buf16,1.0,6,True,True,1.0
W2b-H200-004,W2b,200,160,k3,1.0,3,True,True,1.0
W2b-H200-004,W2b,200,160,k12,1.0,12,True,True,1.0
W2b-H200-004,W2b,200,160,thr0,1.0,6,True,True,1.0
W2b-H200-004,W2b,200,160,thr6,1.0,6,True,True,1.0
W2b-H200-005,W2b,200,20,buf4,2.0,6,True,True,0.5
W2b-H200-005,W2b,200,20,buf8 (default),2.0,6,True,True,0.5
W2b-H200-005,W2b,200,20,buf16,2.0,6,True,True,0.5
W2b-H200-005,W2b,200,20,k3,2.0,3,True,True,0.5
W2b-H200-005,W2b,200,20,k12,2.0,12,True,True,0.5
W2b-H200-005,W2b,200,20,thr0,2.0,6,True,True,0.5
W2b-H200-005,W2b,200,20,thr6,2.0,6,True,True,0.5
W2b-H200-005,W2b,200,5,buf4,5.0,6,True,True,0.2
W2b-H200-005,W2b,200,5,buf8 (default),5.0,6,True,True,0.2
W2b-H200-005,W2b,200,5,buf16,5.0,6,True,True,0.2
W2b-H200-005,W2b,200,5,k3,,3,True,True,0.0
W2b-H200-005,W2b,200,5,k12,1.0,12,True,True,1.0
W2b-H200-005,W2b,200,5,thr0,1.0,6,True,True,1.0
W2b-H200-005,W2b,200,5,thr6,5.0,6,True,True,0.2
W2b-H200-005,W2b,200,20,buf4,1.0,6,True,True,1.0
W2b-H200-005,W2b,200,20,buf8 (default),1.0,6,True,True,1.0
W2b-H200-005,W2b,200,20,buf16,1.0,6,True,True,1.0
W2b-H200-005,W2b,200,20,k3,1.0,3,True,True,1.0
W2b-H200-005,W2b,200,20,k12,1.0,12,True,True,1.0
W2b-H200-005,W2b,200,20,thr0,1.0,6,True,True,1.0
W2b-H200-005,W2b,200,20,thr6,1.0,6,True,True,1.0
W2b-H200-005,W2b,200,5,buf4,1.0,6,True,True,1.0
W2b-H200-005,W2b,200,5,buf8 (default),1.0,6,True,True,1.0
W2b-H200-005,W2b,200,5,buf16,1.0,6,True,True,1.0
W2b-H200-005,W2b,200,5,k3,2.0,3,True,True,0.5
W2b-H200-005,W2b,200,5,k12,1.0,12,True,True,1.0
W2b-H200-005,W2b,200,5,thr0,1.0,6,True,True,1.0
W2b-H200-005,W2b,200,5,thr6,2.0,6,True,True,0.5
W2b-H200-005,W2b,200,40,buf4,1.0,6,True,True,1.0
W2b-H200-005,W2b,200,40,buf8 (default),1.0,6,True,True,1.0
W2b-H200-005,W2b,200,40,buf16,1.0,6,True,True,1.0
W2b-H200-005,W2b,200,40,k3,1.0,3,True,True,1.0
W2b-H200-005,W2b,200,40,k12,1.0,12,True,True,1.0
W2b-H200-005,W2b,200,40,thr0,1.0,6,True,True,1.0
W2b-H200-005,W2b,200,40,thr6,1.0,6,True,True,1.0
W2b-H200-005,W2b,200,10,buf4,2.0,6,True,True,0.5
W2b-H200-005,W2b,200,10,buf8 (default),2.0,6,True,True,0.5
W2b-H200-005,W2b,200,10,buf16,2.0,6,True,True,0.5
W2b-H200-005,W2b,200,10,k3,2.0,3,True,True,0.5
W2b-H200-005,W2b,200,10,k12,2.0,12,True,True,0.5
W2b-H200-005,W2b,200,10,thr0,2.0,6,True,True,0.5
W2b-H200-005,W2b,200,10,thr6,2.0,6,True,True,0.5
W2b-H200-005,W2b,200,40,buf4,1.0,6,True,True,1.0
W2b-H200-005,W2b,200,40,buf8 (default),1.0,6,True,True,1.0
W2b-H200-005,W2b,200,40,buf16,1.0,6,True,True,1.0
W2b-H200-005,W2b,200,40,k3,1.0,3,True,True,1.0
W2b-H200-005,W2b,200,40,k12,1.0,12,True,True,1.0
W2b-H200-005,W2b,200,40,thr0,1.0,6,True,True,1.0
W2b-H200-005,W2b,200,40,thr6,1.0,6,True,True,1.0
W2b-H200-005,W2b,200,80,buf4,1.0,6,True,True,1.0
W2b-H200-005,W2b,200,80,buf8 (default),1.0,6,True,True,1.0
W2b-H200-005,W2b,200,80,buf16,1.0,6,True,True,1.0
W2b-H200-005,W2b,200,80,k3,1.0,3,True,True,1.0
W2b-H200-005,W2b,200,80,k12,1.0,12,True,True,1.0
W2b-H200-005,W2b,200,80,thr0,1.0,6,True,True,1.0
W2b-H200-005,W2b,200,80,thr6,3.0,6,True,True,0.3333333333333333
W2b-H200-005,W2b,200,80,buf4,2.0,6,True,True,0.5
W2b-H200-005,W2b,200,80,buf8 (default),2.0,6,True,True,0.5
W2b-H200-005,W2b,200,80,buf16,2.0,6,True,True,0.5
W2b-H200-005,W2b,200,80,k3,2.0,3,True,True,0.5
W2b-H200-005,W2b,200,80,k12,2.0,12,True,True,0.5
W2b-H200-005,W2b,200,80,thr0,2.0,6,True,True,0.5
W2b-H200-005,W2b,200,80,thr6,2.0,6,True,True,0.5
W2b-H200-005,W2b,200,10,buf4,1.0,6,True,True,1.0
W2b-H200-005,W2b,200,10,buf8 (default),1.0,6,True,True,1.0
W2b-H200-005,W2b,200,10,buf16,1.0,6,True,True,1.0
W2b-H200-005,W2b,200,10,k3,1.0,3,True,True,1.0
W2b-H200-005,W2b,200,10,k12,1.0,12,True,True,1.0
W2b-H200-005,W2b,200,10,thr0,1.0,6,True,True,1.0
W2b-H200-005,W2b,200,10,thr6,1.0,6,True,True,1.0
W2b-H200-005,W2b,200,160,buf4,1.0,6,True,True,1.0
W2b-H200-005,W2b,200,160,buf8 (default),1.0,6,True,True,1.0
W2b-H200-005,W2b,200,160,buf16,1.0,6,True,True,1.0
W2b-H200-005,W2b,200,160,k3,1.0,3,True,True,1.0
W2b-H200-005,W2b,200,160,k12,1.0,12,True,True,1.0
W2b-H200-005,W2b,200,160,thr0,1.0,6,True,True,1.0
W2b-H200-005,W2b,200,160,thr6,1.0,6,True,True,1.0
W2b-H200-005,W2b,200,160,buf4,1.0,6,True,True,1.0
W2b-H200-005,W2b,200,160,buf8 (default),1.0,6,True,True,1.0
W2b-H200-005,W2b,200,160,buf16,1.0,6,True,True,1.0
W2b-H200-005,W2b,200,160,k3,1.0,3,True,True,1.0
W2b-H200-005,W2b,200,160,k12,1.0,12,True,True,1.0
W2b-H200-005,W2b,200,160,thr0,1.0,6,True,True,1.0
W2b-H200-005,W2b,200,160,thr6,5.0,6,True,True,0.2
W2b-H200-006,W2b,200,20,buf4,1.0,6,True,True,1.0
W2b-H200-006,W2b,200,20,buf8 (default),1.0,6,True,True,1.0
W2b-H200-006,W2b,200,20,buf16,1.0,6,True,True,1.0
W2b-H200-006,W2b,200,20,k3,1.0,3,True,True,1.0
W2b-H200-006,W2b,200,20,k12,1.0,12,True,True,1.0
W2b-H200-006,W2b,200,20,thr0,1.0,6,True,True,1.0
W2b-H200-006,W2b,200,20,thr6,1.0,6,True,True,1.0
W2b-H200-006,W2b,200,10,buf4,1.0,6,True,True,1.0
W2b-H200-006,W2b,200,10,buf8 (default),1.0,6,True,True,1.0
W2b-H200-006,W2b,200,10,buf16,1.0,6,True,True,1.0
W2b-H200-006,W2b,200,10,k3,1.0,3,True,True,1.0
W2b-H200-006,W2b,200,10,k12,1.0,12,True,True,1.0
W2b-H200-006,W2b,200,10,thr0,1.0,6,True,True,1.0
W2b-H200-006,W2b,200,10,thr6,1.0,6,True,True,1.0
W2b-H200-006,W2b,200,20,buf4,1.0,6,True,True,1.0
W2b-H200-006,W2b,200,20,buf8 (default),1.0,6,True,True,1.0
W2b-H200-006,W2b,200,20,buf16,1.0,6,True,True,1.0
W2b-H200-006,W2b,200,20,k3,1.0,3,True,True,1.0
W2b-H200-006,W2b,200,20,k12,1.0,12,True,True,1.0
W2b-H200-006,W2b,200,20,thr0,1.0,6,True,True,1.0
W2b-H200-006,W2b,200,20,thr6,1.0,6,True,True,1.0
W2b-H200-006,W2b,200,5,buf4,1.0,6,True,True,1.0
W2b-H200-006,W2b,200,5,buf8 (default),1.0,6,True,True,1.0
W2b-H200-006,W2b,200,5,buf16,1.0,6,True,True,1.0
W2b-H200-006,W2b,200,5,k3,1.0,3,True,True,1.0
W2b-H200-006,W2b,200,5,k12,1.0,12,True,True,1.0
W2b-H200-006,W2b,200,5,thr0,1.0,6,True,True,1.0
W2b-H200-006,W2b,200,5,thr6,1.0,6,True,True,1.0
W2b-H200-006,W2b,200,10,buf4,1.0,6,True,True,1.0
W2b-H200-006,W2b,200,10,buf8 (default),1.0,6,True,True,1.0
W2b-H200-006,W2b,200,10,buf16,1.0,6,True,True,1.0
W2b-H200-006,W2b,200,10,k3,1.0,3,True,True,1.0
W2b-H200-006,W2b,200,10,k12,1.0,12,True,True,1.0
W2b-H200-006,W2b,200,10,thr0,1.0,6,True,True,1.0
W2b-H200-006,W2b,200,10,thr6,1.0,6,True,True,1.0
W2b-H200-006,W2b,200,5,buf4,1.0,6,True,True,1.0
W2b-H200-006,W2b,200,5,buf8 (default),1.0,6,True,True,1.0
W2b-H200-006,W2b,200,5,buf16,1.0,6,True,True,1.0
W2b-H200-006,W2b,200,5,k3,1.0,3,True,True,1.0
W2b-H200-006,W2b,200,5,k12,1.0,12,True,True,1.0
W2b-H200-006,W2b,200,5,thr0,1.0,6,True,True,1.0
W2b-H200-006,W2b,200,5,thr6,1.0,6,True,True,1.0
W2b-H200-006,W2b,200,80,buf4,1.0,6,True,True,1.0
W2b-H200-006,W2b,200,80,buf8 (default),1.0,6,True,True,1.0
W2b-H200-006,W2b,200,80,buf16,1.0,6,True,True,1.0
W2b-H200-006,W2b,200,80,k3,1.0,3,True,True,1.0
W2b-H200-006,W2b,200,80,k12,1.0,12,True,True,1.0
W2b-H200-006,W2b,200,80,thr0,1.0,6,True,True,1.0
W2b-H200-006,W2b,200,80,thr6,2.0,6,True,True,0.5
W2b-H200-006,W2b,200,40,buf4,2.0,6,True,True,0.5
W2b-H200-006,W2b,200,40,buf8 (default),2.0,6,True,True,0.5
W2b-H200-006,W2b,200,40,buf16,2.0,6,True,True,0.5
W2b-H200-006,W2b,200,40,k3,2.0,3,True,True,0.5
W2b-H200-006,W2b,200,40,k12,2.0,12,True,True,0.5
W2b-H200-006,W2b,200,40,thr0,2.0,6,True,True,0.5
W2b-H200-006,W2b,200,40,thr6,2.0,6,True,True,0.5
W2b-H200-006,W2b,200,40,buf4,1.0,6,True,True,1.0
W2b-H200-006,W2b,200,40,buf8 (default),1.0,6,True,True,1.0
W2b-H200-006,W2b,200,40,buf16,1.0,6,True,True,1.0
W2b-H200-006,W2b,200,40,k3,1.0,3,True,True,1.0
W2b-H200-006,W2b,200,40,k12,1.0,12,True,True,1.0
W2b-H200-006,W2b,200,40,thr0,1.0,6,True,True,1.0
W2b-H200-006,W2b,200,40,thr6,1.0,6,True,True,1.0
W2b-H200-006,W2b,200,80,buf4,1.0,6,True,True,1.0
W2b-H200-006,W2b,200,80,buf8 (default),1.0,6,True,True,1.0
W2b-H200-006,W2b,200,80,buf16,1.0,6,True,True,1.0
W2b-H200-006,W2b,200,80,k3,3.0,3,True,True,0.3333333333333333
W2b-H200-006,W2b,200,80,k12,1.0,12,True,True,1.0
W2b-H200-006,W2b,200,80,thr0,1.0,6,True,True,1.0
W2b-H200-006,W2b,200,80,thr6,1.0,6,True,True,1.0
W2b-H200-006,W2b,200,160,buf4,1.0,6,True,True,1.0
W2b-H200-006,W2b,200,160,buf8 (default),1.0,6,True,True,1.0
W2b-H200-006,W2b,200,160,buf16,1.0,6,True,True,1.0
W2b-H200-006,W2b,200,160,k3,1.0,3,True,True,1.0
W2b-H200-006,W2b,200,160,k12,1.0,12,True,True,1.0
W2b-H200-006,W2b,200,160,thr0,1.0,6,True,True,1.0
W2b-H200-006,W2b,200,160,thr6,1.0,6,True,True,1.0
W2b-H200-006,W2b,200,160,buf4,4.0,6,True,True,0.25
W2b-H200-006,W2b,200,160,buf8 (default),4.0,6,True,True,0.25
W2b-H200-006,W2b,200,160,buf16,4.0,6,True,True,0.25
W2b-H200-006,W2b,200,160,k3,,3,False,True,0.0
W2b-H200-006,W2b,200,160,k12,4.0,12,True,True,0.25
W2b-H200-006,W2b,200,160,thr0,4.0,6,True,True,0.25
W2b-H200-006,W2b,200,160,thr6,4.0,6,True,True,0.25
W2b-H200-007,W2b,200,5,buf4,2.0,6,True,True,0.5
W2b-H200-007,W2b,200,5,buf8 (default),2.0,6,True,True,0.5
W2b-H200-007,W2b,200,5,buf16,2.0,6,True,True,0.5
W2b-H200-007,W2b,200,5,k3,2.0,3,True,True,0.5
W2b-H200-007,W2b,200,5,k12,2.0,12,True,True,0.5
W2b-H200-007,W2b,200,5,thr0,2.0,6,True,True,0.5
W2b-H200-007,W2b,200,5,thr6,3.0,6,True,True,0.3333333333333333
W2b-H200-007,W2b,200,20,buf4,1.0,6,True,True,1.0
W2b-H200-007,W2b,200,20,buf8 (default),1.0,6,True,True,1.0
W2b-H200-007,W2b,200,20,buf16,1.0,6,True,True,1.0
W2b-H200-007,W2b,200,20,k3,1.0,3,True,True,1.0
W2b-H200-007,W2b,200,20,k12,1.0,12,True,True,1.0
W2b-H200-007,W2b,200,20,thr0,1.0,6,True,True,1.0
W2b-H200-007,W2b,200,20,thr6,1.0,6,True,True,1.0
W2b-H200-007,W2b,200,10,buf4,1.0,6,True,True,1.0
W2b-H200-007,W2b,200,10,buf8 (default),1.0,6,True,True,1.0
W2b-H200-007,W2b,200,10,buf16,1.0,6,True,True,1.0
W2b-H200-007,W2b,200,10,k3,1.0,3,True,True,1.0
W2b-H200-007,W2b,200,10,k12,1.0,12,True,True,1.0
W2b-H200-007,W2b,200,10,thr0,1.0,6,True,True,1.0
W2b-H200-007,W2b,200,10,thr6,1.0,6,True,True,1.0
W2b-H200-007,W2b,200,80,buf4,1.0,6,True,True,1.0
W2b-H200-007,W2b,200,80,buf8 (default),1.0,6,True,True,1.0
W2b-H200-007,W2b,200,80,buf16,1.0,6,True,True,1.0
W2b-H200-007,W2b,200,80,k3,1.0,3,True,True,1.0
W2b-H200-007,W2b,200,80,k12,1.0,12,True,True,1.0
W2b-H200-007,W2b,200,80,thr0,1.0,6,True,True,1.0
W2b-H200-007,W2b,200,80,thr6,1.0,6,True,True,1.0
W2b-H200-007,W2b,200,80,buf4,1.0,6,True,True,1.0
W2b-H200-007,W2b,200,80,buf8 (default),1.0,6,True,True,1.0
W2b-H200-007,W2b,200,80,buf16,1.0,6,True,True,1.0
W2b-H200-007,W2b,200,80,k3,1.0,3,True,True,1.0
W2b-H200-007,W2b,200,80,k12,1.0,12,True,True,1.0
W2b-H200-007,W2b,200,80,thr0,1.0,6,True,True,1.0
W2b-H200-007,W2b,200,80,thr6,2.0,6,True,True,0.5
W2b-H200-007,W2b,200,20,buf4,1.0,6,True,True,1.0
W2b-H200-007,W2b,200,20,buf8 (default),1.0,6,True,True,1.0
W2b-H200-007,W2b,200,20,buf16,1.0,6,True,True,1.0
W2b-H200-007,W2b,200,20,k3,1.0,3,True,True,1.0
W2b-H200-007,W2b,200,20,k12,1.0,12,True,True,1.0
W2b-H200-007,W2b,200,20,thr0,1.0,6,True,True,1.0
W2b-H200-007,W2b,200,20,thr6,1.0,6,True,True,1.0
W2b-H200-007,W2b,200,10,buf4,1.0,6,True,True,1.0
W2b-H200-007,W2b,200,10,buf8 (default),1.0,6,True,True,1.0
W2b-H200-007,W2b,200,10,buf16,1.0,6,True,True,1.0
W2b-H200-007,W2b,200,10,k3,1.0,3,True,True,1.0
W2b-H200-007,W2b,200,10,k12,1.0,12,True,True,1.0
W2b-H200-007,W2b,200,10,thr0,1.0,6,True,True,1.0
W2b-H200-007,W2b,200,10,thr6,1.0,6,True,True,1.0
W2b-H200-007,W2b,200,40,buf4,2.0,6,True,True,0.5
W2b-H200-007,W2b,200,40,buf8 (default),2.0,6,True,True,0.5
W2b-H200-007,W2b,200,40,buf16,2.0,6,True,True,0.5
W2b-H200-007,W2b,200,40,k3,2.0,3,True,True,0.5
W2b-H200-007,W2b,200,40,k12,2.0,12,True,True,0.5
W2b-H200-007,W2b,200,40,thr0,1.0,6,True,True,1.0
W2b-H200-007,W2b,200,40,thr6,2.0,6,True,True,0.5
W2b-H200-007,W2b,200,40,buf4,1.0,6,True,True,1.0
W2b-H200-007,W2b,200,40,buf8 (default),1.0,6,True,True,1.0
W2b-H200-007,W2b,200,40,buf16,1.0,6,True,True,1.0
W2b-H200-007,W2b,200,40,k3,1.0,3,True,True,1.0
W2b-H200-007,W2b,200,40,k12,1.0,12,True,True,1.0
W2b-H200-007,W2b,200,40,thr0,1.0,6,True,True,1.0
W2b-H200-007,W2b,200,40,thr6,1.0,6,True,True,1.0
W2b-H200-007,W2b,200,160,buf4,2.0,6,True,True,0.5
W2b-H200-007,W2b,200,160,buf8 (default),2.0,6,True,True,0.5
W2b-H200-007,W2b,200,160,buf16,2.0,6,True,True,0.5
W2b-H200-007,W2b,200,160,k3,2.0,3,True,True,0.5
W2b-H200-007,W2b,200,160,k12,2.0,12,True,True,0.5
W2b-H200-007,W2b,200,160,thr0,2.0,6,True,True,0.5
W2b-H200-007,W2b,200,160,thr6,4.0,6,True,True,0.25
W2b-H200-007,W2b,200,5,buf4,1.0,6,True,True,1.0
W2b-H200-007,W2b,200,5,buf8 (default),1.0,6,True,True,1.0
W2b-H200-007,W2b,200,5,buf16,1.0,6,True,True,1.0
W2b-H200-007,W2b,200,5,k3,1.0,3,True,True,1.0
W2b-H200-007,W2b,200,5,k12,1.0,12,True,True,1.0
W2b-H200-007,W2b,200,5,thr0,1.0,6,True,True,1.0
W2b-H200-007,W2b,200,5,thr6,1.0,6,True,True,1.0
W2b-H200-007,W2b,200,160,buf4,1.0,6,True,True,1.0
W2b-H200-007,W2b,200,160,buf8 (default),1.0,6,True,True,1.0
W2b-H200-007,W2b,200,160,buf16,1.0,6,True,True,1.0
W2b-H200-007,W2b,200,160,k3,1.0,3,True,True,1.0
W2b-H200-007,W2b,200,160,k12,1.0,12,True,True,1.0
W2b-H200-007,W2b,200,160,thr0,1.0,6,True,True,1.0
W2b-H200-007,W2b,200,160,thr6,1.0,6,True,True,1.0
W2b-H200-008,W2b,200,20,buf4,1.0,6,True,True,1.0
W2b-H200-008,W2b,200,20,buf8 (default),1.0,6,True,True,1.0
W2b-H200-008,W2b,200,20,buf16,1.0,6,True,True,1.0
W2b-H200-008,W2b,200,20,k3,1.0,3,True,True,1.0
W2b-H200-008,W2b,200,20,k12,1.0,12,True,True,1.0
W2b-H200-008,W2b,200,20,thr0,1.0,6,True,True,1.0
W2b-H200-008,W2b,200,20,thr6,1.0,6,True,True,1.0
W2b-H200-008,W2b,200,40,buf4,1.0,6,True,True,1.0
W2b-H200-008,W2b,200,40,buf8 (default),1.0,6,True,True,1.0
W2b-H200-008,W2b,200,40,buf16,1.0,6,True,True,1.0
W2b-H200-008,W2b,200,40,k3,1.0,3,True,True,1.0
W2b-H200-008,W2b,200,40,k12,1.0,12,True,True,1.0
W2b-H200-008,W2b,200,40,thr0,1.0,6,True,True,1.0
W2b-H200-008,W2b,200,40,thr6,1.0,6,True,True,1.0
W2b-H200-008,W2b,200,10,buf4,1.0,6,True,True,1.0
W2b-H200-008,W2b,200,10,buf8 (default),1.0,6,True,True,1.0
W2b-H200-008,W2b,200,10,buf16,1.0,6,True,True,1.0
W2b-H200-008,W2b,200,10,k3,1.0,3,True,True,1.0
W2b-H200-008,W2b,200,10,k12,1.0,12,True,True,1.0
W2b-H200-008,W2b,200,10,thr0,1.0,6,True,True,1.0
W2b-H200-008,W2b,200,10,thr6,1.0,6,True,True,1.0
W2b-H200-008,W2b,200,80,buf4,1.0,6,True,True,1.0
W2b-H200-008,W2b,200,80,buf8 (default),1.0,6,True,True,1.0
W2b-H200-008,W2b,200,80,buf16,1.0,6,True,True,1.0
W2b-H200-008,W2b,200,80,k3,1.0,3,True,True,1.0
W2b-H200-008,W2b,200,80,k12,1.0,12,True,True,1.0
W2b-H200-008,W2b,200,80,thr0,1.0,6,True,True,1.0
W2b-H200-008,W2b,200,80,thr6,1.0,6,True,True,1.0
W2b-H200-008,W2b,200,20,buf4,2.0,6,True,True,0.5
W2b-H200-008,W2b,200,20,buf8 (default),2.0,6,True,True,0.5
W2b-H200-008,W2b,200,20,buf16,2.0,6,True,True,0.5
W2b-H200-008,W2b,200,20,k3,2.0,3,True,True,0.5
W2b-H200-008,W2b,200,20,k12,2.0,12,True,True,0.5
W2b-H200-008,W2b,200,20,thr0,2.0,6,True,True,0.5
W2b-H200-008,W2b,200,20,thr6,3.0,6,True,True,0.3333333333333333
W2b-H200-008,W2b,200,10,buf4,1.0,6,True,True,1.0
W2b-H200-008,W2b,200,10,buf8 (default),1.0,6,True,True,1.0
W2b-H200-008,W2b,200,10,buf16,1.0,6,True,True,1.0
W2b-H200-008,W2b,200,10,k3,1.0,3,True,True,1.0
W2b-H200-008,W2b,200,10,k12,1.0,12,True,True,1.0
W2b-H200-008,W2b,200,10,thr0,1.0,6,True,True,1.0
W2b-H200-008,W2b,200,10,thr6,1.0,6,True,True,1.0
W2b-H200-008,W2b,200,80,buf4,1.0,6,True,True,1.0
W2b-H200-008,W2b,200,80,buf8 (default),1.0,6,True,True,1.0
W2b-H200-008,W2b,200,80,buf16,1.0,6,True,True,1.0
W2b-H200-008,W2b,200,80,k3,1.0,3,True,True,1.0
W2b-H200-008,W2b,200,80,k12,1.0,12,True,True,1.0
W2b-H200-008,W2b,200,80,thr0,1.0,6,True,True,1.0
W2b-H200-008,W2b,200,80,thr6,1.0,6,True,True,1.0
W2b-H200-008,W2b,200,5,buf4,2.0,6,True,True,0.5
W2b-H200-008,W2b,200,5,buf8 (default),2.0,6,True,True,0.5
W2b-H200-008,W2b,200,5,buf16,2.0,6,True,True,0.5
W2b-H200-008,W2b,200,5,k3,2.0,3,True,True,0.5
W2b-H200-008,W2b,200,5,k12,2.0,12,True,True,0.5
W2b-H200-008,W2b,200,5,thr0,2.0,6,True,True,0.5
W2b-H200-008,W2b,200,5,thr6,5.0,6,True,True,0.2
W2b-H200-008,W2b,200,5,buf4,1.0,6,True,True,1.0
W2b-H200-008,W2b,200,5,buf8 (default),1.0,6,True,True,1.0
W2b-H200-008,W2b,200,5,buf16,1.0,6,True,True,1.0
W2b-H200-008,W2b,200,5,k3,1.0,3,True,True,1.0
W2b-H200-008,W2b,200,5,k12,1.0,12,True,True,1.0
W2b-H200-008,W2b,200,5,thr0,1.0,6,True,True,1.0
W2b-H200-008,W2b,200,5,thr6,1.0,6,True,True,1.0
W2b-H200-008,W2b,200,160,buf4,2.0,6,True,True,0.5
W2b-H200-008,W2b,200,160,buf8 (default),2.0,6,True,True,0.5
W2b-H200-008,W2b,200,160,buf16,2.0,6,True,True,0.5
W2b-H200-008,W2b,200,160,k3,2.0,3,True,True,0.5
W2b-H200-008,W2b,200,160,k12,2.0,12,True,True,0.5
W2b-H200-008,W2b,200,160,thr0,2.0,6,True,True,0.5
W2b-H200-008,W2b,200,160,thr6,2.0,6,True,True,0.5
W2b-H200-008,W2b,200,40,buf4,3.0,6,True,True,0.3333333333333333
W2b-H200-008,W2b,200,40,buf8 (default),3.0,6,True,True,0.3333333333333333
W2b-H200-008,W2b,200,40,buf16,3.0,6,True,True,0.3333333333333333
W2b-H200-008,W2b,200,40,k3,3.0,3,True,True,0.3333333333333333
W2b-H200-008,W2b,200,40,k12,3.0,12,True,True,0.3333333333333333
W2b-H200-008,W2b,200,40,thr0,3.0,6,True,True,0.3333333333333333
W2b-H200-008,W2b,200,40,thr6,3.0,6,True,True,0.3333333333333333
W2b-H200-008,W2b,200,160,buf4,1.0,6,True,True,1.0
W2b-H200-008,W2b,200,160,buf8 (default),1.0,6,True,True,1.0
W2b-H200-008,W2b,200,160,buf16,1.0,6,True,True,1.0
W2b-H200-008,W2b,200,160,k3,1.0,3,True,True,1.0
W2b-H200-008,W2b,200,160,k12,1.0,12,True,True,1.0
W2b-H200-008,W2b,200,160,thr0,1.0,6,True,True,1.0
W2b-H200-008,W2b,200,160,thr6,1.0,6,True,True,1.0
W2b-H200-009,W2b,200,5,buf4,1.0,6,True,True,1.0
W2b-H200-009,W2b,200,5,buf8 (default),1.0,6,True,True,1.0
W2b-H200-009,W2b,200,5,buf16,1.0,6,True,True,1.0
W2b-H200-009,W2b,200,5,k3,1.0,3,True,True,1.0
W2b-H200-009,W2b,200,5,k12,1.0,12,True,True,1.0
W2b-H200-009,W2b,200,5,thr0,1.0,6,True,True,1.0
W2b-H200-009,W2b,200,5,thr6,1.0,6,True,True,1.0
W2b-H200-009,W2b,200,20,buf4,1.0,6,True,True,1.0
W2b-H200-009,W2b,200,20,buf8 (default),1.0,6,True,True,1.0
W2b-H200-009,W2b,200,20,buf16,1.0,6,True,True,1.0
W2b-H200-009,W2b,200,20,k3,1.0,3,True,True,1.0
W2b-H200-009,W2b,200,20,k12,1.0,12,True,True,1.0
W2b-H200-009,W2b,200,20,thr0,1.0,6,True,True,1.0
W2b-H200-009,W2b,200,20,thr6,1.0,6,True,True,1.0
W2b-H200-009,W2b,200,10,buf4,1.0,6,True,True,1.0
W2b-H200-009,W2b,200,10,buf8 (default),1.0,6,True,True,1.0
W2b-H200-009,W2b,200,10,buf16,1.0,6,True,True,1.0
W2b-H200-009,W2b,200,10,k3,1.0,3,True,True,1.0
W2b-H200-009,W2b,200,10,k12,1.0,12,True,True,1.0
W2b-H200-009,W2b,200,10,thr0,1.0,6,True,True,1.0
W2b-H200-009,W2b,200,10,thr6,1.0,6,True,True,1.0
W2b-H200-009,W2b,200,10,buf4,1.0,6,True,True,1.0
W2b-H200-009,W2b,200,10,buf8 (default),1.0,6,True,True,1.0
W2b-H200-009,W2b,200,10,buf16,1.0,6,True,True,1.0
W2b-H200-009,W2b,200,10,k3,3.0,3,True,True,0.3333333333333333
W2b-H200-009,W2b,200,10,k12,1.0,12,True,True,1.0
W2b-H200-009,W2b,200,10,thr0,1.0,6,True,True,1.0
W2b-H200-009,W2b,200,10,thr6,3.0,6,True,True,0.3333333333333333
W2b-H200-009,W2b,200,40,buf4,1.0,6,True,True,1.0
W2b-H200-009,W2b,200,40,buf8 (default),1.0,6,True,True,1.0
W2b-H200-009,W2b,200,40,buf16,1.0,6,True,True,1.0
W2b-H200-009,W2b,200,40,k3,1.0,3,True,True,1.0
W2b-H200-009,W2b,200,40,k12,1.0,12,True,True,1.0
W2b-H200-009,W2b,200,40,thr0,1.0,6,True,True,1.0
W2b-H200-009,W2b,200,40,thr6,1.0,6,True,True,1.0
W2b-H200-009,W2b,200,5,buf4,1.0,6,True,True,1.0
W2b-H200-009,W2b,200,5,buf8 (default),1.0,6,True,True,1.0
W2b-H200-009,W2b,200,5,buf16,1.0,6,True,True,1.0
W2b-H200-009,W2b,200,5,k3,1.0,3,True,True,1.0
W2b-H200-009,W2b,200,5,k12,1.0,12,True,True,1.0
W2b-H200-009,W2b,200,5,thr0,1.0,6,True,True,1.0
W2b-H200-009,W2b,200,5,thr6,1.0,6,True,True,1.0
W2b-H200-009,W2b,200,20,buf4,1.0,6,True,True,1.0
W2b-H200-009,W2b,200,20,buf8 (default),1.0,6,True,True,1.0
W2b-H200-009,W2b,200,20,buf16,1.0,6,True,True,1.0
W2b-H200-009,W2b,200,20,k3,1.0,3,True,True,1.0
W2b-H200-009,W2b,200,20,k12,1.0,12,True,True,1.0
W2b-H200-009,W2b,200,20,thr0,1.0,6,True,True,1.0
W2b-H200-009,W2b,200,20,thr6,1.0,6,True,True,1.0
W2b-H200-009,W2b,200,80,buf4,1.0,6,True,True,1.0
W2b-H200-009,W2b,200,80,buf8 (default),1.0,6,True,True,1.0
W2b-H200-009,W2b,200,80,buf16,1.0,6,True,True,1.0
W2b-H200-009,W2b,200,80,k3,1.0,3,True,True,1.0
W2b-H200-009,W2b,200,80,k12,1.0,12,True,True,1.0
W2b-H200-009,W2b,200,80,thr0,1.0,6,True,True,1.0
W2b-H200-009,W2b,200,80,thr6,1.0,6,True,True,1.0
W2b-H200-009,W2b,200,160,buf4,1.0,6,True,True,1.0
W2b-H200-009,W2b,200,160,buf8 (default),1.0,6,True,True,1.0
W2b-H200-009,W2b,200,160,buf16,1.0,6,True,True,1.0
W2b-H200-009,W2b,200,160,k3,2.0,3,True,True,0.5
W2b-H200-009,W2b,200,160,k12,1.0,12,True,True,1.0
W2b-H200-009,W2b,200,160,thr0,1.0,6,True,True,1.0
W2b-H200-009,W2b,200,160,thr6,1.0,6,True,True,1.0
W2b-H200-009,W2b,200,80,buf4,1.0,6,True,True,1.0
W2b-H200-009,W2b,200,80,buf8 (default),1.0,6,True,True,1.0
W2b-H200-009,W2b,200,80,buf16,1.0,6,True,True,1.0
W2b-H200-009,W2b,200,80,k3,1.0,3,True,True,1.0
W2b-H200-009,W2b,200,80,k12,1.0,12,True,True,1.0
W2b-H200-009,W2b,200,80,thr0,1.0,6,True,True,1.0
W2b-H200-009,W2b,200,80,thr6,1.0,6,True,True,1.0
W2b-H200-009,W2b,200,40,buf4,2.0,6,True,True,0.5
W2b-H200-009,W2b,200,40,buf8 (default),2.0,6,True,True,0.5
W2b-H200-009,W2b,200,40,buf16,2.0,6,True,True,0.5
W2b-H200-009,W2b,200,40,k3,2.0,3,True,True,0.5
W2b-H200-009,W2b,200,40,k12,2.0,12,True,True,0.5
W2b-H200-009,W2b,200,40,thr0,2.0,6,True,True,0.5
W2b-H200-009,W2b,200,40,thr6,5.0,6,True,True,0.2
W2b-H200-009,W2b,200,160,buf4,1.0,6,True,True,1.0
W2b-H200-009,W2b,200,160,buf8 (default),1.0,6,True,True,1.0
W2b-H200-009,W2b,200,160,buf16,1.0,6,True,True,1.0
W2b-H200-009,W2b,200,160,k3,1.0,3,True,True,1.0
W2b-H200-009,W2b,200,160,k12,1.0,12,True,True,1.0
W2b-H200-009,W2b,200,160,thr0,1.0,6,True,True,1.0
W2b-H200-009,W2b,200,160,thr6,3.0,6,True,True,0.3333333333333333
W2c-H100-000,W2c,100,10,buf4,1.0,6,True,True,1.0
W2c-H100-000,W2c,100,10,buf8 (default),1.0,6,True,True,1.0
W2c-H100-000,W2c,100,10,buf16,1.0,6,True,True,1.0
W2c-H100-000,W2c,100,10,k3,1.0,3,True,True,1.0
W2c-H100-000,W2c,100,10,k12,1.0,12,True,True,1.0
W2c-H100-000,W2c,100,10,thr0,1.0,6,True,True,1.0
W2c-H100-000,W2c,100,10,thr6,1.0,6,True,True,1.0
W2c-H100-000,W2c,100,5,buf4,1.0,6,True,True,1.0
W2c-H100-000,W2c,100,5,buf8 (default),1.0,6,True,True,1.0
W2c-H100-000,W2c,100,5,buf16,1.0,6,True,True,1.0
W2c-H100-000,W2c,100,5,k3,1.0,3,True,True,1.0
W2c-H100-000,W2c,100,5,k12,1.0,12,True,True,1.0
W2c-H100-000,W2c,100,5,thr0,1.0,6,True,True,1.0
W2c-H100-000,W2c,100,5,thr6,1.0,6,True,True,1.0
W2c-H100-000,W2c,100,20,buf4,1.0,6,True,True,1.0
W2c-H100-000,W2c,100,20,buf8 (default),1.0,6,True,True,1.0
W2c-H100-000,W2c,100,20,buf16,1.0,6,True,True,1.0
W2c-H100-000,W2c,100,20,k3,1.0,3,True,True,1.0
W2c-H100-000,W2c,100,20,k12,1.0,12,True,True,1.0
W2c-H100-000,W2c,100,20,thr0,1.0,6,True,True,1.0
W2c-H100-000,W2c,100,20,thr6,1.0,6,True,True,1.0
W2c-H100-000,W2c,100,5,buf4,2.0,6,True,True,0.5
W2c-H100-000,W2c,100,5,buf8 (default),2.0,6,True,True,0.5
W2c-H100-000,W2c,100,5,buf16,2.0,6,True,True,0.5
W2c-H100-000,W2c,100,5,k3,2.0,3,True,True,0.5
W2c-H100-000,W2c,100,5,k12,2.0,12,True,True,0.5
W2c-H100-000,W2c,100,5,thr0,2.0,6,True,True,0.5
W2c-H100-000,W2c,100,5,thr6,2.0,6,True,True,0.5
W2c-H100-000,W2c,100,10,buf4,2.0,6,True,True,0.5
W2c-H100-000,W2c,100,10,buf8 (default),2.0,6,True,True,0.5
W2c-H100-000,W2c,100,10,buf16,2.0,6,True,True,0.5
W2c-H100-000,W2c,100,10,k3,2.0,3,True,True,0.5
W2c-H100-000,W2c,100,10,k12,2.0,12,True,True,0.5
W2c-H100-000,W2c,100,10,thr0,2.0,6,True,True,0.5
W2c-H100-000,W2c,100,10,thr6,2.0,6,True,True,0.5
W2c-H100-000,W2c,100,40,buf4,1.0,6,True,True,1.0
W2c-H100-000,W2c,100,40,buf8 (default),1.0,6,True,True,1.0
W2c-H100-000,W2c,100,40,buf16,1.0,6,True,True,1.0
W2c-H100-000,W2c,100,40,k3,1.0,3,True,True,1.0
W2c-H100-000,W2c,100,40,k12,1.0,12,True,True,1.0
W2c-H100-000,W2c,100,40,thr0,1.0,6,True,True,1.0
W2c-H100-000,W2c,100,40,thr6,1.0,6,True,True,1.0
W2c-H100-000,W2c,100,80,buf4,1.0,6,True,True,1.0
W2c-H100-000,W2c,100,80,buf8 (default),1.0,6,True,True,1.0
W2c-H100-000,W2c,100,80,buf16,1.0,6,True,True,1.0
W2c-H100-000,W2c,100,80,k3,1.0,3,True,True,1.0
W2c-H100-000,W2c,100,80,k12,1.0,12,True,True,1.0
W2c-H100-000,W2c,100,80,thr0,1.0,6,True,True,1.0
W2c-H100-000,W2c,100,80,thr6,1.0,6,True,True,1.0
W2c-H100-000,W2c,100,40,buf4,1.0,6,True,True,1.0
W2c-H100-000,W2c,100,40,buf8 (default),1.0,6,True,True,1.0
W2c-H100-000,W2c,100,40,buf16,1.0,6,True,True,1.0
W2c-H100-000,W2c,100,40,k3,1.0,3,True,True,1.0
W2c-H100-000,W2c,100,40,k12,1.0,12,True,True,1.0
W2c-H100-000,W2c,100,40,thr0,1.0,6,True,True,1.0
W2c-H100-000,W2c,100,40,thr6,1.0,6,True,True,1.0
W2c-H100-000,W2c,100,20,buf4,2.0,6,True,True,0.5
W2c-H100-000,W2c,100,20,buf8 (default),2.0,6,True,True,0.5
W2c-H100-000,W2c,100,20,buf16,2.0,6,True,True,0.5
W2c-H100-000,W2c,100,20,k3,2.0,3,True,True,0.5
W2c-H100-000,W2c,100,20,k12,1.0,12,True,True,1.0
W2c-H100-000,W2c,100,20,thr0,1.0,6,True,True,1.0
W2c-H100-000,W2c,100,20,thr6,2.0,6,True,True,0.5
W2c-H100-000,W2c,100,80,buf4,1.0,6,True,True,1.0
W2c-H100-000,W2c,100,80,buf8 (default),1.0,6,True,True,1.0
W2c-H100-000,W2c,100,80,buf16,1.0,6,True,True,1.0
W2c-H100-000,W2c,100,80,k3,1.0,3,True,True,1.0
W2c-H100-000,W2c,100,80,k12,1.0,12,True,True,1.0
W2c-H100-000,W2c,100,80,thr0,1.0,6,True,True,1.0
W2c-H100-000,W2c,100,80,thr6,1.0,6,True,True,1.0
W2c-H100-001,W2c,100,10,buf4,1.0,6,True,True,1.0
W2c-H100-001,W2c,100,10,buf8 (default),1.0,6,True,True,1.0
W2c-H100-001,W2c,100,10,buf16,1.0,6,True,True,1.0
W2c-H100-001,W2c,100,10,k3,1.0,3,True,True,1.0
W2c-H100-001,W2c,100,10,k12,1.0,12,True,True,1.0
W2c-H100-001,W2c,100,10,thr0,1.0,6,True,True,1.0
W2c-H100-001,W2c,100,10,thr6,1.0,6,True,True,1.0
W2c-H100-001,W2c,100,5,buf4,1.0,6,True,True,1.0
W2c-H100-001,W2c,100,5,buf8 (default),1.0,6,True,True,1.0
W2c-H100-001,W2c,100,5,buf16,1.0,6,True,True,1.0
W2c-H100-001,W2c,100,5,k3,1.0,3,True,True,1.0
W2c-H100-001,W2c,100,5,k12,1.0,12,True,True,1.0
W2c-H100-001,W2c,100,5,thr0,1.0,6,True,True,1.0
W2c-H100-001,W2c,100,5,thr6,1.0,6,True,True,1.0
W2c-H100-001,W2c,100,5,buf4,1.0,6,True,True,1.0
W2c-H100-001,W2c,100,5,buf8 (default),1.0,6,True,True,1.0
W2c-H100-001,W2c,100,5,buf16,1.0,6,True,True,1.0
W2c-H100-001,W2c,100,5,k3,1.0,3,True,True,1.0
W2c-H100-001,W2c,100,5,k12,1.0,12,True,True,1.0
W2c-H100-001,W2c,100,5,thr0,1.0,6,True,True,1.0
W2c-H100-001,W2c,100,5,thr6,1.0,6,True,True,1.0
W2c-H100-001,W2c,100,40,buf4,1.0,6,True,True,1.0
W2c-H100-001,W2c,100,40,buf8 (default),1.0,6,True,True,1.0
W2c-H100-001,W2c,100,40,buf16,1.0,6,True,True,1.0
W2c-H100-001,W2c,100,40,k3,1.0,3,True,True,1.0
W2c-H100-001,W2c,100,40,k12,1.0,12,True,True,1.0
W2c-H100-001,W2c,100,40,thr0,1.0,6,True,True,1.0
W2c-H100-001,W2c,100,40,thr6,1.0,6,True,True,1.0
W2c-H100-001,W2c,100,20,buf4,1.0,6,True,True,1.0
W2c-H100-001,W2c,100,20,buf8 (default),1.0,6,True,True,1.0
W2c-H100-001,W2c,100,20,buf16,1.0,6,True,True,1.0
W2c-H100-001,W2c,100,20,k3,1.0,3,True,True,1.0
W2c-H100-001,W2c,100,20,k12,1.0,12,True,True,1.0
W2c-H100-001,W2c,100,20,thr0,1.0,6,True,True,1.0
W2c-H100-001,W2c,100,20,thr6,1.0,6,True,True,1.0
W2c-H100-001,W2c,100,20,buf4,3.0,6,True,True,0.3333333333333333
W2c-H100-001,W2c,100,20,buf8 (default),3.0,6,True,True,0.3333333333333333
W2c-H100-001,W2c,100,20,buf16,3.0,6,True,True,0.3333333333333333
W2c-H100-001,W2c,100,20,k3,3.0,3,True,True,0.3333333333333333
W2c-H100-001,W2c,100,20,k12,3.0,12,True,True,0.3333333333333333
W2c-H100-001,W2c,100,20,thr0,3.0,6,True,True,0.3333333333333333
W2c-H100-001,W2c,100,20,thr6,3.0,6,True,True,0.3333333333333333
W2c-H100-001,W2c,100,10,buf4,1.0,6,True,True,1.0
W2c-H100-001,W2c,100,10,buf8 (default),1.0,6,True,True,1.0
W2c-H100-001,W2c,100,10,buf16,1.0,6,True,True,1.0
W2c-H100-001,W2c,100,10,k3,1.0,3,True,True,1.0
W2c-H100-001,W2c,100,10,k12,1.0,12,True,True,1.0
W2c-H100-001,W2c,100,10,thr0,1.0,6,True,True,1.0
W2c-H100-001,W2c,100,10,thr6,1.0,6,True,True,1.0
W2c-H100-001,W2c,100,40,buf4,1.0,6,True,True,1.0
W2c-H100-001,W2c,100,40,buf8 (default),1.0,6,True,True,1.0
W2c-H100-001,W2c,100,40,buf16,1.0,6,True,True,1.0
W2c-H100-001,W2c,100,40,k3,1.0,3,True,True,1.0
W2c-H100-001,W2c,100,40,k12,1.0,12,True,True,1.0
W2c-H100-001,W2c,100,40,thr0,1.0,6,True,True,1.0
W2c-H100-001,W2c,100,40,thr6,1.0,6,True,True,1.0
W2c-H100-001,W2c,100,80,buf4,1.0,6,True,True,1.0
W2c-H100-001,W2c,100,80,buf8 (default),1.0,6,True,True,1.0
W2c-H100-001,W2c,100,80,buf16,1.0,6,True,True,1.0
W2c-H100-001,W2c,100,80,k3,1.0,3,True,True,1.0
W2c-H100-001,W2c,100,80,k12,1.0,12,True,True,1.0
W2c-H100-001,W2c,100,80,thr0,1.0,6,True,True,1.0
W2c-H100-001,W2c,100,80,thr6,1.0,6,True,True,1.0
W2c-H100-001,W2c,100,80,buf4,2.0,6,True,True,0.5
W2c-H100-001,W2c,100,80,buf8 (default),2.0,6,True,True,0.5
W2c-H100-001,W2c,100,80,buf16,2.0,6,True,True,0.5
W2c-H100-001,W2c,100,80,k3,,3,False,True,0.0
W2c-H100-001,W2c,100,80,k12,2.0,12,True,True,0.5
W2c-H100-001,W2c,100,80,thr0,2.0,6,True,True,0.5
W2c-H100-001,W2c,100,80,thr6,5.0,6,True,True,0.2
W2c-H100-002,W2c,100,10,buf4,1.0,6,True,True,1.0
W2c-H100-002,W2c,100,10,buf8 (default),1.0,6,True,True,1.0
W2c-H100-002,W2c,100,10,buf16,1.0,6,True,True,1.0
W2c-H100-002,W2c,100,10,k3,1.0,3,True,True,1.0
W2c-H100-002,W2c,100,10,k12,1.0,12,True,True,1.0
W2c-H100-002,W2c,100,10,thr0,1.0,6,True,True,1.0
W2c-H100-002,W2c,100,10,thr6,1.0,6,True,True,1.0
W2c-H100-002,W2c,100,10,buf4,1.0,6,True,True,1.0
W2c-H100-002,W2c,100,10,buf8 (default),1.0,6,True,True,1.0
W2c-H100-002,W2c,100,10,buf16,1.0,6,True,True,1.0
W2c-H100-002,W2c,100,10,k3,1.0,3,True,True,1.0
W2c-H100-002,W2c,100,10,k12,1.0,12,True,True,1.0
W2c-H100-002,W2c,100,10,thr0,1.0,6,True,True,1.0
W2c-H100-002,W2c,100,10,thr6,1.0,6,True,True,1.0
W2c-H100-002,W2c,100,5,buf4,1.0,6,True,True,1.0
W2c-H100-002,W2c,100,5,buf8 (default),1.0,6,True,True,1.0
W2c-H100-002,W2c,100,5,buf16,1.0,6,True,True,1.0
W2c-H100-002,W2c,100,5,k3,1.0,3,True,True,1.0
W2c-H100-002,W2c,100,5,k12,1.0,12,True,True,1.0
W2c-H100-002,W2c,100,5,thr0,1.0,6,True,True,1.0
W2c-H100-002,W2c,100,5,thr6,1.0,6,True,True,1.0
W2c-H100-002,W2c,100,20,buf4,1.0,6,True,True,1.0
W2c-H100-002,W2c,100,20,buf8 (default),1.0,6,True,True,1.0
W2c-H100-002,W2c,100,20,buf16,1.0,6,True,True,1.0
W2c-H100-002,W2c,100,20,k3,1.0,3,True,True,1.0
W2c-H100-002,W2c,100,20,k12,1.0,12,True,True,1.0
W2c-H100-002,W2c,100,20,thr0,1.0,6,True,True,1.0
W2c-H100-002,W2c,100,20,thr6,1.0,6,True,True,1.0
W2c-H100-002,W2c,100,20,buf4,1.0,6,True,True,1.0
W2c-H100-002,W2c,100,20,buf8 (default),1.0,6,True,True,1.0
W2c-H100-002,W2c,100,20,buf16,1.0,6,True,True,1.0
W2c-H100-002,W2c,100,20,k3,1.0,3,True,True,1.0
W2c-H100-002,W2c,100,20,k12,1.0,12,True,True,1.0
W2c-H100-002,W2c,100,20,thr0,1.0,6,True,True,1.0
W2c-H100-002,W2c,100,20,thr6,1.0,6,True,True,1.0
W2c-H100-002,W2c,100,40,buf4,1.0,6,True,True,1.0
W2c-H100-002,W2c,100,40,buf8 (default),1.0,6,True,True,1.0
W2c-H100-002,W2c,100,40,buf16,1.0,6,True,True,1.0
W2c-H100-002,W2c,100,40,k3,1.0,3,True,True,1.0
W2c-H100-002,W2c,100,40,k12,1.0,12,True,True,1.0
W2c-H100-002,W2c,100,40,thr0,1.0,6,True,True,1.0
W2c-H100-002,W2c,100,40,thr6,1.0,6,True,True,1.0
W2c-H100-002,W2c,100,80,buf4,1.0,6,True,True,1.0
W2c-H100-002,W2c,100,80,buf8 (default),1.0,6,True,True,1.0
W2c-H100-002,W2c,100,80,buf16,1.0,6,True,True,1.0
W2c-H100-002,W2c,100,80,k3,1.0,3,True,True,1.0
W2c-H100-002,W2c,100,80,k12,1.0,12,True,True,1.0
W2c-H100-002,W2c,100,80,thr0,1.0,6,True,True,1.0
W2c-H100-002,W2c,100,80,thr6,1.0,6,True,True,1.0
W2c-H100-002,W2c,100,40,buf4,1.0,6,True,True,1.0
W2c-H100-002,W2c,100,40,buf8 (default),1.0,6,True,True,1.0
W2c-H100-002,W2c,100,40,buf16,1.0,6,True,True,1.0
W2c-H100-002,W2c,100,40,k3,1.0,3,True,True,1.0
W2c-H100-002,W2c,100,40,k12,1.0,12,True,True,1.0
W2c-H100-002,W2c,100,40,thr0,1.0,6,True,True,1.0
W2c-H100-002,W2c,100,40,thr6,1.0,6,True,True,1.0
W2c-H100-002,W2c,100,5,buf4,1.0,6,True,True,1.0
W2c-H100-002,W2c,100,5,buf8 (default),1.0,6,True,True,1.0
W2c-H100-002,W2c,100,5,buf16,1.0,6,True,True,1.0
W2c-H100-002,W2c,100,5,k3,1.0,3,True,True,1.0
W2c-H100-002,W2c,100,5,k12,1.0,12,True,True,1.0
W2c-H100-002,W2c,100,5,thr0,1.0,6,True,True,1.0
W2c-H100-002,W2c,100,5,thr6,3.0,6,True,True,0.3333333333333333
W2c-H100-002,W2c,100,80,buf4,1.0,6,True,True,1.0
W2c-H100-002,W2c,100,80,buf8 (default),1.0,6,True,True,1.0
W2c-H100-002,W2c,100,80,buf16,1.0,6,True,True,1.0
W2c-H100-002,W2c,100,80,k3,1.0,3,True,True,1.0
W2c-H100-002,W2c,100,80,k12,1.0,12,True,True,1.0
W2c-H100-002,W2c,100,80,thr0,1.0,6,True,True,1.0
W2c-H100-002,W2c,100,80,thr6,1.0,6,True,True,1.0
W2c-H100-003,W2c,100,5,buf4,1.0,6,True,True,1.0
W2c-H100-003,W2c,100,5,buf8 (default),1.0,6,True,True,1.0
W2c-H100-003,W2c,100,5,buf16,1.0,6,True,True,1.0
W2c-H100-003,W2c,100,5,k3,1.0,3,True,True,1.0
W2c-H100-003,W2c,100,5,k12,1.0,12,True,True,1.0
W2c-H100-003,W2c,100,5,thr0,1.0,6,True,True,1.0
W2c-H100-003,W2c,100,5,thr6,2.0,6,True,True,0.5
W2c-H100-003,W2c,100,20,buf4,1.0,6,True,True,1.0
W2c-H100-003,W2c,100,20,buf8 (default),1.0,6,True,True,1.0
W2c-H100-003,W2c,100,20,buf16,1.0,6,True,True,1.0
W2c-H100-003,W2c,100,20,k3,1.0,3,True,True,1.0
W2c-H100-003,W2c,100,20,k12,1.0,12,True,True,1.0
W2c-H100-003,W2c,100,20,thr0,1.0,6,True,True,1.0
W2c-H100-003,W2c,100,20,thr6,1.0,6,True,True,1.0
W2c-H100-003,W2c,100,10,buf4,1.0,6,True,True,1.0
W2c-H100-003,W2c,100,10,buf8 (default),1.0,6,True,True,1.0
W2c-H100-003,W2c,100,10,buf16,1.0,6,True,True,1.0
W2c-H100-003,W2c,100,10,k3,1.0,3,True,True,1.0
W2c-H100-003,W2c,100,10,k12,1.0,12,True,True,1.0
W2c-H100-003,W2c,100,10,thr0,1.0,6,True,True,1.0
W2c-H100-003,W2c,100,10,thr6,1.0,6,True,True,1.0
W2c-H100-003,W2c,100,40,buf4,3.0,6,True,True,0.3333333333333333
W2c-H100-003,W2c,100,40,buf8 (default),3.0,6,True,True,0.3333333333333333
W2c-H100-003,W2c,100,40,buf16,3.0,6,True,True,0.3333333333333333
W2c-H100-003,W2c,100,40,k3,3.0,3,True,True,0.3333333333333333
W2c-H100-003,W2c,100,40,k12,3.0,12,True,True,0.3333333333333333
W2c-H100-003,W2c,100,40,thr0,3.0,6,True,True,0.3333333333333333
W2c-H100-003,W2c,100,40,thr6,3.0,6,True,True,0.3333333333333333
W2c-H100-003,W2c,100,20,buf4,1.0,6,True,True,1.0
W2c-H100-003,W2c,100,20,buf8 (default),1.0,6,True,True,1.0
W2c-H100-003,W2c,100,20,buf16,1.0,6,True,True,1.0
W2c-H100-003,W2c,100,20,k3,1.0,3,True,True,1.0
W2c-H100-003,W2c,100,20,k12,1.0,12,True,True,1.0
W2c-H100-003,W2c,100,20,thr0,1.0,6,True,True,1.0
W2c-H100-003,W2c,100,20,thr6,1.0,6,True,True,1.0
W2c-H100-003,W2c,100,5,buf4,3.0,6,True,True,0.3333333333333333
W2c-H100-003,W2c,100,5,buf8 (default),3.0,6,True,True,0.3333333333333333
W2c-H100-003,W2c,100,5,buf16,3.0,6,True,True,0.3333333333333333
W2c-H100-003,W2c,100,5,k3,3.0,3,True,True,0.3333333333333333
W2c-H100-003,W2c,100,5,k12,3.0,12,True,True,0.3333333333333333
W2c-H100-003,W2c,100,5,thr0,3.0,6,True,True,0.3333333333333333
W2c-H100-003,W2c,100,5,thr6,3.0,6,True,True,0.3333333333333333
W2c-H100-003,W2c,100,80,buf4,1.0,6,True,True,1.0
W2c-H100-003,W2c,100,80,buf8 (default),1.0,6,True,True,1.0
W2c-H100-003,W2c,100,80,buf16,1.0,6,True,True,1.0
W2c-H100-003,W2c,100,80,k3,1.0,3,True,True,1.0
W2c-H100-003,W2c,100,80,k12,1.0,12,True,True,1.0
W2c-H100-003,W2c,100,80,thr0,1.0,6,True,True,1.0
W2c-H100-003,W2c,100,80,thr6,1.0,6,True,True,1.0
W2c-H100-003,W2c,100,10,buf4,1.0,6,True,True,1.0
W2c-H100-003,W2c,100,10,buf8 (default),1.0,6,True,True,1.0
W2c-H100-003,W2c,100,10,buf16,1.0,6,True,True,1.0
W2c-H100-003,W2c,100,10,k3,1.0,3,True,True,1.0
W2c-H100-003,W2c,100,10,k12,1.0,12,True,True,1.0
W2c-H100-003,W2c,100,10,thr0,1.0,6,True,True,1.0
W2c-H100-003,W2c,100,10,thr6,2.0,6,True,True,0.5
W2c-H100-003,W2c,100,80,buf4,1.0,6,True,True,1.0
W2c-H100-003,W2c,100,80,buf8 (default),1.0,6,True,True,1.0
W2c-H100-003,W2c,100,80,buf16,1.0,6,True,True,1.0
W2c-H100-003,W2c,100,80,k3,1.0,3,True,True,1.0
W2c-H100-003,W2c,100,80,k12,1.0,12,True,True,1.0
W2c-H100-003,W2c,100,80,thr0,1.0,6,True,True,1.0
W2c-H100-003,W2c,100,80,thr6,1.0,6,True,True,1.0
W2c-H100-003,W2c,100,40,buf4,3.0,6,True,True,0.3333333333333333
W2c-H100-003,W2c,100,40,buf8 (default),3.0,6,True,True,0.3333333333333333
W2c-H100-003,W2c,100,40,buf16,3.0,6,True,True,0.3333333333333333
W2c-H100-003,W2c,100,40,k3,3.0,3,True,True,0.3333333333333333
W2c-H100-003,W2c,100,40,k12,3.0,12,True,True,0.3333333333333333
W2c-H100-003,W2c,100,40,thr0,3.0,6,True,True,0.3333333333333333
W2c-H100-003,W2c,100,40,thr6,4.0,6,True,True,0.25
W2c-H100-004,W2c,100,10,buf4,1.0,6,True,True,1.0
W2c-H100-004,W2c,100,10,buf8 (default),1.0,6,True,True,1.0
W2c-H100-004,W2c,100,10,buf16,1.0,6,True,True,1.0
W2c-H100-004,W2c,100,10,k3,1.0,3,True,True,1.0
W2c-H100-004,W2c,100,10,k12,1.0,12,True,True,1.0
W2c-H100-004,W2c,100,10,thr0,1.0,6,True,True,1.0
W2c-H100-004,W2c,100,10,thr6,1.0,6,True,True,1.0
W2c-H100-004,W2c,100,5,buf4,1.0,6,True,True,1.0
W2c-H100-004,W2c,100,5,buf8 (default),1.0,6,True,True,1.0
W2c-H100-004,W2c,100,5,buf16,1.0,6,True,True,1.0
W2c-H100-004,W2c,100,5,k3,1.0,3,True,True,1.0
W2c-H100-004,W2c,100,5,k12,1.0,12,True,True,1.0
W2c-H100-004,W2c,100,5,thr0,1.0,6,True,True,1.0
W2c-H100-004,W2c,100,5,thr6,1.0,6,True,True,1.0
W2c-H100-004,W2c,100,5,buf4,1.0,6,True,True,1.0
W2c-H100-004,W2c,100,5,buf8 (default),1.0,6,True,True,1.0
W2c-H100-004,W2c,100,5,buf16,1.0,6,True,True,1.0
W2c-H100-004,W2c,100,5,k3,1.0,3,True,True,1.0
W2c-H100-004,W2c,100,5,k12,1.0,12,True,True,1.0
W2c-H100-004,W2c,100,5,thr0,1.0,6,True,True,1.0
W2c-H100-004,W2c,100,5,thr6,1.0,6,True,True,1.0
W2c-H100-004,W2c,100,10,buf4,1.0,6,True,True,1.0
W2c-H100-004,W2c,100,10,buf8 (default),1.0,6,True,True,1.0
W2c-H100-004,W2c,100,10,buf16,1.0,6,True,True,1.0
W2c-H100-004,W2c,100,10,k3,1.0,3,True,True,1.0
W2c-H100-004,W2c,100,10,k12,1.0,12,True,True,1.0
W2c-H100-004,W2c,100,10,thr0,1.0,6,True,True,1.0
W2c-H100-004,W2c,100,10,thr6,1.0,6,True,True,1.0
W2c-H100-004,W2c,100,20,buf4,1.0,6,True,True,1.0
W2c-H100-004,W2c,100,20,buf8 (default),1.0,6,True,True,1.0
W2c-H100-004,W2c,100,20,buf16,1.0,6,True,True,1.0
W2c-H100-004,W2c,100,20,k3,1.0,3,True,True,1.0
W2c-H100-004,W2c,100,20,k12,1.0,12,True,True,1.0
W2c-H100-004,W2c,100,20,thr0,1.0,6,True,True,1.0
W2c-H100-004,W2c,100,20,thr6,2.0,6,True,True,0.5
W2c-H100-004,W2c,100,40,buf4,1.0,6,True,True,1.0
W2c-H100-004,W2c,100,40,buf8 (default),1.0,6,True,True,1.0
W2c-H100-004,W2c,100,40,buf16,1.0,6,True,True,1.0
W2c-H100-004,W2c,100,40,k3,1.0,3,True,True,1.0
W2c-H100-004,W2c,100,40,k12,1.0,12,True,True,1.0
W2c-H100-004,W2c,100,40,thr0,1.0,6,True,True,1.0
W2c-H100-004,W2c,100,40,thr6,1.0,6,True,True,1.0
W2c-H100-004,W2c,100,80,buf4,3.0,6,True,True,0.3333333333333333
W2c-H100-004,W2c,100,80,buf8 (default),3.0,6,True,True,0.3333333333333333
W2c-H100-004,W2c,100,80,buf16,3.0,6,True,True,0.3333333333333333
W2c-H100-004,W2c,100,80,k3,3.0,3,True,True,0.3333333333333333
W2c-H100-004,W2c,100,80,k12,3.0,12,True,True,0.3333333333333333
W2c-H100-004,W2c,100,80,thr0,3.0,6,True,True,0.3333333333333333
W2c-H100-004,W2c,100,80,thr6,3.0,6,True,True,0.3333333333333333
W2c-H100-004,W2c,100,40,buf4,1.0,6,True,True,1.0
W2c-H100-004,W2c,100,40,buf8 (default),1.0,6,True,True,1.0
W2c-H100-004,W2c,100,40,buf16,1.0,6,True,True,1.0
W2c-H100-004,W2c,100,40,k3,1.0,3,True,True,1.0
W2c-H100-004,W2c,100,40,k12,1.0,12,True,True,1.0
W2c-H100-004,W2c,100,40,thr0,1.0,6,True,True,1.0
W2c-H100-004,W2c,100,40,thr6,3.0,6,True,True,0.3333333333333333
W2c-H100-004,W2c,100,20,buf4,1.0,6,True,True,1.0
W2c-H100-004,W2c,100,20,buf8 (default),1.0,6,True,True,1.0
W2c-H100-004,W2c,100,20,buf16,1.0,6,True,True,1.0
W2c-H100-004,W2c,100,20,k3,1.0,3,True,True,1.0
W2c-H100-004,W2c,100,20,k12,1.0,12,True,True,1.0
W2c-H100-004,W2c,100,20,thr0,1.0,6,True,True,1.0
W2c-H100-004,W2c,100,20,thr6,2.0,6,True,True,0.5
W2c-H100-004,W2c,100,80,buf4,3.0,6,True,True,0.3333333333333333
W2c-H100-004,W2c,100,80,buf8 (default),3.0,6,True,True,0.3333333333333333
W2c-H100-004,W2c,100,80,buf16,3.0,6,True,True,0.3333333333333333
W2c-H100-004,W2c,100,80,k3,3.0,3,True,True,0.3333333333333333
W2c-H100-004,W2c,100,80,k12,3.0,12,True,True,0.3333333333333333
W2c-H100-004,W2c,100,80,thr0,3.0,6,True,True,0.3333333333333333
W2c-H100-004,W2c,100,80,thr6,3.0,6,True,True,0.3333333333333333
W2c-H100-005,W2c,100,5,buf4,1.0,6,True,True,1.0
W2c-H100-005,W2c,100,5,buf8 (default),1.0,6,True,True,1.0
W2c-H100-005,W2c,100,5,buf16,1.0,6,True,True,1.0
W2c-H100-005,W2c,100,5,k3,1.0,3,True,True,1.0
W2c-H100-005,W2c,100,5,k12,1.0,12,True,True,1.0
W2c-H100-005,W2c,100,5,thr0,1.0,6,True,True,1.0
W2c-H100-005,W2c,100,5,thr6,1.0,6,True,True,1.0
W2c-H100-005,W2c,100,10,buf4,1.0,6,True,True,1.0
W2c-H100-005,W2c,100,10,buf8 (default),1.0,6,True,True,1.0
W2c-H100-005,W2c,100,10,buf16,1.0,6,True,True,1.0
W2c-H100-005,W2c,100,10,k3,1.0,3,True,True,1.0
W2c-H100-005,W2c,100,10,k12,1.0,12,True,True,1.0
W2c-H100-005,W2c,100,10,thr0,1.0,6,True,True,1.0
W2c-H100-005,W2c,100,10,thr6,1.0,6,True,True,1.0
W2c-H100-005,W2c,100,5,buf4,1.0,6,True,True,1.0
W2c-H100-005,W2c,100,5,buf8 (default),1.0,6,True,True,1.0
W2c-H100-005,W2c,100,5,buf16,1.0,6,True,True,1.0
W2c-H100-005,W2c,100,5,k3,1.0,3,True,True,1.0
W2c-H100-005,W2c,100,5,k12,1.0,12,True,True,1.0
W2c-H100-005,W2c,100,5,thr0,1.0,6,True,True,1.0
W2c-H100-005,W2c,100,5,thr6,1.0,6,True,True,1.0
W2c-H100-005,W2c,100,20,buf4,1.0,6,True,True,1.0
W2c-H100-005,W2c,100,20,buf8 (default),1.0,6,True,True,1.0
W2c-H100-005,W2c,100,20,buf16,1.0,6,True,True,1.0
W2c-H100-005,W2c,100,20,k3,1.0,3,True,True,1.0
W2c-H100-005,W2c,100,20,k12,1.0,12,True,True,1.0
W2c-H100-005,W2c,100,20,thr0,1.0,6,True,True,1.0
W2c-H100-005,W2c,100,20,thr6,1.0,6,True,True,1.0
W2c-H100-005,W2c,100,20,buf4,1.0,6,True,True,1.0
W2c-H100-005,W2c,100,20,buf8 (default),1.0,6,True,True,1.0
W2c-H100-005,W2c,100,20,buf16,1.0,6,True,True,1.0
W2c-H100-005,W2c,100,20,k3,1.0,3,True,True,1.0
W2c-H100-005,W2c,100,20,k12,1.0,12,True,True,1.0
W2c-H100-005,W2c,100,20,thr0,1.0,6,True,True,1.0
W2c-H100-005,W2c,100,20,thr6,1.0,6,True,True,1.0
W2c-H100-005,W2c,100,40,buf4,1.0,6,True,True,1.0
W2c-H100-005,W2c,100,40,buf8 (default),1.0,6,True,True,1.0
W2c-H100-005,W2c,100,40,buf16,1.0,6,True,True,1.0
W2c-H100-005,W2c,100,40,k3,1.0,3,True,True,1.0
W2c-H100-005,W2c,100,40,k12,1.0,12,True,True,1.0
W2c-H100-005,W2c,100,40,thr0,1.0,6,True,True,1.0
W2c-H100-005,W2c,100,40,thr6,1.0,6,True,True,1.0
W2c-H100-005,W2c,100,80,buf4,1.0,6,True,True,1.0
W2c-H100-005,W2c,100,80,buf8 (default),1.0,6,True,True,1.0
W2c-H100-005,W2c,100,80,buf16,1.0,6,True,True,1.0
W2c-H100-005,W2c,100,80,k3,1.0,3,True,True,1.0
W2c-H100-005,W2c,100,80,k12,1.0,12,True,True,1.0
W2c-H100-005,W2c,100,80,thr0,1.0,6,True,True,1.0
W2c-H100-005,W2c,100,80,thr6,1.0,6,True,True,1.0
W2c-H100-005,W2c,100,10,buf4,5.0,6,True,True,0.2
W2c-H100-005,W2c,100,10,buf8 (default),5.0,6,True,True,0.2
W2c-H100-005,W2c,100,10,buf16,5.0,6,True,True,0.2
W2c-H100-005,W2c,100,10,k3,,3,False,True,0.0
W2c-H100-005,W2c,100,10,k12,1.0,12,True,True,1.0
W2c-H100-005,W2c,100,10,thr0,1.0,6,True,True,1.0
W2c-H100-005,W2c,100,10,thr6,5.0,6,True,True,0.2
W2c-H100-005,W2c,100,40,buf4,5.0,6,True,True,0.2
W2c-H100-005,W2c,100,40,buf8 (default),5.0,6,True,True,0.2
W2c-H100-005,W2c,100,40,buf16,5.0,6,True,True,0.2
W2c-H100-005,W2c,100,40,k3,,3,False,True,0.0
W2c-H100-005,W2c,100,40,k12,5.0,12,True,True,0.2
W2c-H100-005,W2c,100,40,thr0,1.0,6,True,True,1.0
W2c-H100-005,W2c,100,40,thr6,5.0,6,True,True,0.2
W2c-H100-005,W2c,100,80,buf4,1.0,6,True,True,1.0
W2c-H100-005,W2c,100,80,buf8 (default),1.0,6,True,True,1.0
W2c-H100-005,W2c,100,80,buf16,1.0,6,True,True,1.0
W2c-H100-005,W2c,100,80,k3,1.0,3,True,True,1.0
W2c-H100-005,W2c,100,80,k12,1.0,12,True,True,1.0
W2c-H100-005,W2c,100,80,thr0,1.0,6,True,True,1.0
W2c-H100-005,W2c,100,80,thr6,1.0,6,True,True,1.0
W2c-H100-006,W2c,100,10,buf4,1.0,6,True,True,1.0
W2c-H100-006,W2c,100,10,buf8 (default),1.0,6,True,True,1.0
W2c-H100-006,W2c,100,10,buf16,1.0,6,True,True,1.0
W2c-H100-006,W2c,100,10,k3,1.0,3,True,True,1.0
W2c-H100-006,W2c,100,10,k12,1.0,12,True,True,1.0
W2c-H100-006,W2c,100,10,thr0,1.0,6,True,True,1.0
W2c-H100-006,W2c,100,10,thr6,1.0,6,True,True,1.0
W2c-H100-006,W2c,100,40,buf4,2.0,6,True,True,0.5
W2c-H100-006,W2c,100,40,buf8 (default),2.0,6,True,True,0.5
W2c-H100-006,W2c,100,40,buf16,2.0,6,True,True,0.5
W2c-H100-006,W2c,100,40,k3,2.0,3,True,True,0.5
W2c-H100-006,W2c,100,40,k12,1.0,12,True,True,1.0
W2c-H100-006,W2c,100,40,thr0,1.0,6,True,True,1.0
W2c-H100-006,W2c,100,40,thr6,2.0,6,True,True,0.5
W2c-H100-006,W2c,100,10,buf4,2.0,6,True,True,0.5
W2c-H100-006,W2c,100,10,buf8 (default),2.0,6,True,True,0.5
W2c-H100-006,W2c,100,10,buf16,2.0,6,True,True,0.5
W2c-H100-006,W2c,100,10,k3,2.0,3,True,True,0.5
W2c-H100-006,W2c,100,10,k12,2.0,12,True,True,0.5
W2c-H100-006,W2c,100,10,thr0,2.0,6,True,True,0.5
W2c-H100-006,W2c,100,10,thr6,2.0,6,True,True,0.5
W2c-H100-006,W2c,100,5,buf4,1.0,6,True,True,1.0
W2c-H100-006,W2c,100,5,buf8 (default),1.0,6,True,True,1.0
W2c-H100-006,W2c,100,5,buf16,1.0,6,True,True,1.0
W2c-H100-006,W2c,100,5,k3,1.0,3,True,True,1.0
W2c-H100-006,W2c,100,5,k12,1.0,12,True,True,1.0
W2c-H100-006,W2c,100,5,thr0,1.0,6,True,True,1.0
W2c-H100-006,W2c,100,5,thr6,1.0,6,True,True,1.0
W2c-H100-006,W2c,100,20,buf4,1.0,6,True,True,1.0
W2c-H100-006,W2c,100,20,buf8 (default),1.0,6,True,True,1.0
W2c-H100-006,W2c,100,20,buf16,1.0,6,True,True,1.0
W2c-H100-006,W2c,100,20,k3,1.0,3,True,True,1.0
W2c-H100-006,W2c,100,20,k12,1.0,12,True,True,1.0
W2c-H100-006,W2c,100,20,thr0,1.0,6,True,True,1.0
W2c-H100-006,W2c,100,20,thr6,1.0,6,True,True,1.0
W2c-H100-006,W2c,100,40,buf4,1.0,6,True,True,1.0
W2c-H100-006,W2c,100,40,buf8 (default),1.0,6,True,True,1.0
W2c-H100-006,W2c,100,40,buf16,1.0,6,True,True,1.0
W2c-H100-006,W2c,100,40,k3,1.0,3,True,True,1.0
W2c-H100-006,W2c,100,40,k12,1.0,12,True,True,1.0
W2c-H100-006,W2c,100,40,thr0,1.0,6,True,True,1.0
W2c-H100-006,W2c,100,40,thr6,2.0,6,True,True,0.5
W2c-H100-006,W2c,100,20,buf4,2.0,6,True,True,0.5
W2c-H100-006,W2c,100,20,buf8 (default),2.0,6,True,True,0.5
W2c-H100-006,W2c,100,20,buf16,2.0,6,True,True,0.5
W2c-H100-006,W2c,100,20,k3,2.0,3,True,True,0.5
W2c-H100-006,W2c,100,20,k12,2.0,12,True,True,0.5
W2c-H100-006,W2c,100,20,thr0,2.0,6,True,True,0.5
W2c-H100-006,W2c,100,20,thr6,2.0,6,True,True,0.5
W2c-H100-006,W2c,100,5,buf4,1.0,6,True,True,1.0
W2c-H100-006,W2c,100,5,buf8 (default),1.0,6,True,True,1.0
W2c-H100-006,W2c,100,5,buf16,1.0,6,True,True,1.0
W2c-H100-006,W2c,100,5,k3,1.0,3,True,True,1.0
W2c-H100-006,W2c,100,5,k12,1.0,12,True,True,1.0
W2c-H100-006,W2c,100,5,thr0,1.0,6,True,True,1.0
W2c-H100-006,W2c,100,5,thr6,1.0,6,True,True,1.0
W2c-H100-006,W2c,100,80,buf4,1.0,6,True,True,1.0
W2c-H100-006,W2c,100,80,buf8 (default),1.0,6,True,True,1.0
W2c-H100-006,W2c,100,80,buf16,1.0,6,True,True,1.0
W2c-H100-006,W2c,100,80,k3,2.0,3,True,True,0.5
W2c-H100-006,W2c,100,80,k12,1.0,12,True,True,1.0
W2c-H100-006,W2c,100,80,thr0,1.0,6,True,True,1.0
W2c-H100-006,W2c,100,80,thr6,1.0,6,True,True,1.0
W2c-H100-006,W2c,100,80,buf4,5.0,6,True,True,0.2
W2c-H100-006,W2c,100,80,buf8 (default),5.0,6,True,True,0.2
W2c-H100-006,W2c,100,80,buf16,5.0,6,True,True,0.2
W2c-H100-006,W2c,100,80,k3,,3,False,True,0.0
W2c-H100-006,W2c,100,80,k12,1.0,12,True,True,1.0
W2c-H100-006,W2c,100,80,thr0,1.0,6,True,True,1.0
W2c-H100-006,W2c,100,80,thr6,5.0,6,True,True,0.2
W2c-H100-007,W2c,100,20,buf4,1.0,6,True,True,1.0
W2c-H100-007,W2c,100,20,buf8 (default),1.0,6,True,True,1.0
W2c-H100-007,W2c,100,20,buf16,1.0,6,True,True,1.0
W2c-H100-007,W2c,100,20,k3,2.0,3,True,True,0.5
W2c-H100-007,W2c,100,20,k12,1.0,12,True,True,1.0
W2c-H100-007,W2c,100,20,thr0,1.0,6,True,True,1.0
W2c-H100-007,W2c,100,20,thr6,2.0,6,True,True,0.5
W2c-H100-007,W2c,100,10,buf4,1.0,6,True,True,1.0
W2c-H100-007,W2c,100,10,buf8 (default),1.0,6,True,True,1.0
W2c-H100-007,W2c,100,10,buf16,1.0,6,True,True,1.0
W2c-H100-007,W2c,100,10,k3,1.0,3,True,True,1.0
W2c-H100-007,W2c,100,10,k12,1.0,12,True,True,1.0
W2c-H100-007,W2c,100,10,thr0,1.0,6,True,True,1.0
W2c-H100-007,W2c,100,10,thr6,1.0,6,True,True,1.0
W2c-H100-007,W2c,100,20,buf4,1.0,6,True,True,1.0
W2c-H100-007,W2c,100,20,buf8 (default),1.0,6,True,True,1.0
W2c-H100-007,W2c,100,20,buf16,1.0,6,True,True,1.0
W2c-H100-007,W2c,100,20,k3,1.0,3,True,True,1.0
W2c-H100-007,W2c,100,20,k12,1.0,12,True,True,1.0
W2c-H100-007,W2c,100,20,thr0,1.0,6,True,True,1.0
W2c-H100-007,W2c,100,20,thr6,1.0,6,True,True,1.0
W2c-H100-007,W2c,100,10,buf4,1.0,6,True,True,1.0
W2c-H100-007,W2c,100,10,buf8 (default),1.0,6,True,True,1.0
W2c-H100-007,W2c,100,10,buf16,1.0,6,True,True,1.0
W2c-H100-007,W2c,100,10,k3,1.0,3,True,True,1.0
W2c-H100-007,W2c,100,10,k12,1.0,12,True,True,1.0
W2c-H100-007,W2c,100,10,thr0,1.0,6,True,True,1.0
W2c-H100-007,W2c,100,10,thr6,1.0,6,True,True,1.0
W2c-H100-007,W2c,100,40,buf4,1.0,6,True,True,1.0
W2c-H100-007,W2c,100,40,buf8 (default),1.0,6,True,True,1.0
W2c-H100-007,W2c,100,40,buf16,1.0,6,True,True,1.0
W2c-H100-007,W2c,100,40,k3,1.0,3,True,True,1.0
W2c-H100-007,W2c,100,40,k12,1.0,12,True,True,1.0
W2c-H100-007,W2c,100,40,thr0,1.0,6,True,True,1.0
W2c-H100-007,W2c,100,40,thr6,1.0,6,True,True,1.0
W2c-H100-007,W2c,100,5,buf4,1.0,6,True,True,1.0
W2c-H100-007,W2c,100,5,buf8 (default),1.0,6,True,True,1.0
W2c-H100-007,W2c,100,5,buf16,1.0,6,True,True,1.0
W2c-H100-007,W2c,100,5,k3,1.0,3,True,True,1.0
W2c-H100-007,W2c,100,5,k12,1.0,12,True,True,1.0
W2c-H100-007,W2c,100,5,thr0,1.0,6,True,True,1.0
W2c-H100-007,W2c,100,5,thr6,1.0,6,True,True,1.0
W2c-H100-007,W2c,100,5,buf4,1.0,6,True,True,1.0
W2c-H100-007,W2c,100,5,buf8 (default),1.0,6,True,True,1.0
W2c-H100-007,W2c,100,5,buf16,1.0,6,True,True,1.0
W2c-H100-007,W2c,100,5,k3,1.0,3,True,True,1.0
W2c-H100-007,W2c,100,5,k12,1.0,12,True,True,1.0
W2c-H100-007,W2c,100,5,thr0,1.0,6,True,True,1.0
W2c-H100-007,W2c,100,5,thr6,1.0,6,True,True,1.0
W2c-H100-007,W2c,100,80,buf4,1.0,6,True,True,1.0
W2c-H100-007,W2c,100,80,buf8 (default),1.0,6,True,True,1.0
W2c-H100-007,W2c,100,80,buf16,1.0,6,True,True,1.0
W2c-H100-007,W2c,100,80,k3,1.0,3,True,True,1.0
W2c-H100-007,W2c,100,80,k12,1.0,12,True,True,1.0
W2c-H100-007,W2c,100,80,thr0,1.0,6,True,True,1.0
W2c-H100-007,W2c,100,80,thr6,1.0,6,True,True,1.0
W2c-H100-007,W2c,100,80,buf4,1.0,6,True,True,1.0
W2c-H100-007,W2c,100,80,buf8 (default),1.0,6,True,True,1.0
W2c-H100-007,W2c,100,80,buf16,1.0,6,True,True,1.0
W2c-H100-007,W2c,100,80,k3,1.0,3,True,True,1.0
W2c-H100-007,W2c,100,80,k12,1.0,12,True,True,1.0
W2c-H100-007,W2c,100,80,thr0,1.0,6,True,True,1.0
W2c-H100-007,W2c,100,80,thr6,1.0,6,True,True,1.0
W2c-H100-007,W2c,100,40,buf4,1.0,6,True,True,1.0
W2c-H100-007,W2c,100,40,buf8 (default),1.0,6,True,True,1.0
W2c-H100-007,W2c,100,40,buf16,1.0,6,True,True,1.0
W2c-H100-007,W2c,100,40,k3,1.0,3,True,True,1.0
W2c-H100-007,W2c,100,40,k12,1.0,12,True,True,1.0
W2c-H100-007,W2c,100,40,thr0,1.0,6,True,True,1.0
W2c-H100-007,W2c,100,40,thr6,3.0,6,True,True,0.3333333333333333
W2c-H100-008,W2c,100,10,buf4,1.0,6,True,True,1.0
W2c-H100-008,W2c,100,10,buf8 (default),1.0,6,True,True,1.0
W2c-H100-008,W2c,100,10,buf16,1.0,6,True,True,1.0
W2c-H100-008,W2c,100,10,k3,1.0,3,True,True,1.0
W2c-H100-008,W2c,100,10,k12,1.0,12,True,True,1.0
W2c-H100-008,W2c,100,10,thr0,1.0,6,True,True,1.0
W2c-H100-008,W2c,100,10,thr6,1.0,6,True,True,1.0
W2c-H100-008,W2c,100,5,buf4,2.0,6,True,True,0.5
W2c-H100-008,W2c,100,5,buf8 (default),2.0,6,True,True,0.5
W2c-H100-008,W2c,100,5,buf16,2.0,6,True,True,0.5
W2c-H100-008,W2c,100,5,k3,2.0,3,True,True,0.5
W2c-H100-008,W2c,100,5,k12,2.0,12,True,True,0.5
W2c-H100-008,W2c,100,5,thr0,2.0,6,True,True,0.5
W2c-H100-008,W2c,100,5,thr6,2.0,6,True,True,0.5
W2c-H100-008,W2c,100,40,buf4,2.0,6,True,True,0.5
W2c-H100-008,W2c,100,40,buf8 (default),2.0,6,True,True,0.5
W2c-H100-008,W2c,100,40,buf16,2.0,6,True,True,0.5
W2c-H100-008,W2c,100,40,k3,2.0,3,True,True,0.5
W2c-H100-008,W2c,100,40,k12,2.0,12,True,True,0.5
W2c-H100-008,W2c,100,40,thr0,2.0,6,True,True,0.5
W2c-H100-008,W2c,100,40,thr6,2.0,6,True,True,0.5
W2c-H100-008,W2c,100,40,buf4,1.0,6,True,True,1.0
W2c-H100-008,W2c,100,40,buf8 (default),1.0,6,True,True,1.0
W2c-H100-008,W2c,100,40,buf16,1.0,6,True,True,1.0
W2c-H100-008,W2c,100,40,k3,,3,False,True,0.0
W2c-H100-008,W2c,100,40,k12,1.0,12,True,True,1.0
W2c-H100-008,W2c,100,40,thr0,1.0,6,True,True,1.0
W2c-H100-008,W2c,100,40,thr6,4.0,6,True,True,0.25
W2c-H100-008,W2c,100,10,buf4,1.0,6,True,True,1.0
W2c-H100-008,W2c,100,10,buf8 (default),1.0,6,True,True,1.0
W2c-H100-008,W2c,100,10,buf16,1.0,6,True,True,1.0
W2c-H100-008,W2c,100,10,k3,1.0,3,True,True,1.0
W2c-H100-008,W2c,100,10,k12,1.0,12,True,True,1.0
W2c-H100-008,W2c,100,10,thr0,1.0,6,True,True,1.0
W2c-H100-008,W2c,100,10,thr6,1.0,6,True,True,1.0
W2c-H100-008,W2c,100,20,buf4,1.0,6,True,True,1.0
W2c-H100-008,W2c,100,20,buf8 (default),1.0,6,True,True,1.0
W2c-H100-008,W2c,100,20,buf16,1.0,6,True,True,1.0
W2c-H100-008,W2c,100,20,k3,1.0,3,True,True,1.0
W2c-H100-008,W2c,100,20,k12,1.0,12,True,True,1.0
W2c-H100-008,W2c,100,20,thr0,1.0,6,True,True,1.0
W2c-H100-008,W2c,100,20,thr6,1.0,6,True,True,1.0
W2c-H100-008,W2c,100,80,buf4,1.0,6,True,True,1.0
W2c-H100-008,W2c,100,80,buf8 (default),1.0,6,True,True,1.0
W2c-H100-008,W2c,100,80,buf16,1.0,6,True,True,1.0
W2c-H100-008,W2c,100,80,k3,1.0,3,True,True,1.0
W2c-H100-008,W2c,100,80,k12,1.0,12,True,True,1.0
W2c-H100-008,W2c,100,80,thr0,1.0,6,True,True,1.0
W2c-H100-008,W2c,100,80,thr6,1.0,6,True,True,1.0
W2c-H100-008,W2c,100,5,buf4,1.0,6,True,True,1.0
W2c-H100-008,W2c,100,5,buf8 (default),1.0,6,True,True,1.0
W2c-H100-008,W2c,100,5,buf16,1.0,6,True,True,1.0
W2c-H100-008,W2c,100,5,k3,1.0,3,True,True,1.0
W2c-H100-008,W2c,100,5,k12,1.0,12,True,True,1.0
W2c-H100-008,W2c,100,5,thr0,1.0,6,True,True,1.0
W2c-H100-008,W2c,100,5,thr6,1.0,6,True,True,1.0
W2c-H100-008,W2c,100,80,buf4,1.0,6,True,True,1.0
W2c-H100-008,W2c,100,80,buf8 (default),1.0,6,True,True,1.0
W2c-H100-008,W2c,100,80,buf16,1.0,6,True,True,1.0
W2c-H100-008,W2c,100,80,k3,1.0,3,True,True,1.0
W2c-H100-008,W2c,100,80,k12,1.0,12,True,True,1.0
W2c-H100-008,W2c,100,80,thr0,1.0,6,True,True,1.0
W2c-H100-008,W2c,100,80,thr6,1.0,6,True,True,1.0
W2c-H100-008,W2c,100,20,buf4,1.0,6,True,True,1.0
W2c-H100-008,W2c,100,20,buf8 (default),1.0,6,True,True,1.0
W2c-H100-008,W2c,100,20,buf16,1.0,6,True,True,1.0
W2c-H100-008,W2c,100,20,k3,1.0,3,True,True,1.0
W2c-H100-008,W2c,100,20,k12,1.0,12,True,True,1.0
W2c-H100-008,W2c,100,20,thr0,1.0,6,True,True,1.0
W2c-H100-008,W2c,100,20,thr6,1.0,6,True,True,1.0
W2c-H100-009,W2c,100,20,buf4,1.0,6,True,True,1.0
W2c-H100-009,W2c,100,20,buf8 (default),1.0,6,True,True,1.0
W2c-H100-009,W2c,100,20,buf16,1.0,6,True,True,1.0
W2c-H100-009,W2c,100,20,k3,1.0,3,True,True,1.0
W2c-H100-009,W2c,100,20,k12,1.0,12,True,True,1.0
W2c-H100-009,W2c,100,20,thr0,1.0,6,True,True,1.0
W2c-H100-009,W2c,100,20,thr6,1.0,6,True,True,1.0
W2c-H100-009,W2c,100,10,buf4,2.0,6,True,True,0.5
W2c-H100-009,W2c,100,10,buf8 (default),2.0,6,True,True,0.5
W2c-H100-009,W2c,100,10,buf16,2.0,6,True,True,0.5
W2c-H100-009,W2c,100,10,k3,2.0,3,True,True,0.5
W2c-H100-009,W2c,100,10,k12,2.0,12,True,True,0.5
W2c-H100-009,W2c,100,10,thr0,1.0,6,True,True,1.0
W2c-H100-009,W2c,100,10,thr6,2.0,6,True,True,0.5
W2c-H100-009,W2c,100,5,buf4,3.0,6,True,True,0.3333333333333333
W2c-H100-009,W2c,100,5,buf8 (default),3.0,6,True,True,0.3333333333333333
W2c-H100-009,W2c,100,5,buf16,3.0,6,True,True,0.3333333333333333
W2c-H100-009,W2c,100,5,k3,3.0,3,True,True,0.3333333333333333
W2c-H100-009,W2c,100,5,k12,3.0,12,True,True,0.3333333333333333
W2c-H100-009,W2c,100,5,thr0,3.0,6,True,True,0.3333333333333333
W2c-H100-009,W2c,100,5,thr6,3.0,6,True,True,0.3333333333333333
W2c-H100-009,W2c,100,5,buf4,1.0,6,True,True,1.0
W2c-H100-009,W2c,100,5,buf8 (default),1.0,6,True,True,1.0
W2c-H100-009,W2c,100,5,buf16,1.0,6,True,True,1.0
W2c-H100-009,W2c,100,5,k3,1.0,3,True,True,1.0
W2c-H100-009,W2c,100,5,k12,1.0,12,True,True,1.0
W2c-H100-009,W2c,100,5,thr0,1.0,6,True,True,1.0
W2c-H100-009,W2c,100,5,thr6,1.0,6,True,True,1.0
W2c-H100-009,W2c,100,40,buf4,1.0,6,True,True,1.0
W2c-H100-009,W2c,100,40,buf8 (default),1.0,6,True,True,1.0
W2c-H100-009,W2c,100,40,buf16,1.0,6,True,True,1.0
W2c-H100-009,W2c,100,40,k3,1.0,3,True,True,1.0
W2c-H100-009,W2c,100,40,k12,1.0,12,True,True,1.0
W2c-H100-009,W2c,100,40,thr0,1.0,6,True,True,1.0
W2c-H100-009,W2c,100,40,thr6,1.0,6,True,True,1.0
W2c-H100-009,W2c,100,20,buf4,1.0,6,True,True,1.0
W2c-H100-009,W2c,100,20,buf8 (default),1.0,6,True,True,1.0
W2c-H100-009,W2c,100,20,buf16,1.0,6,True,True,1.0
W2c-H100-009,W2c,100,20,k3,1.0,3,True,True,1.0
W2c-H100-009,W2c,100,20,k12,1.0,12,True,True,1.0
W2c-H100-009,W2c,100,20,thr0,1.0,6,True,True,1.0
W2c-H100-009,W2c,100,20,thr6,2.0,6,True,True,0.5
W2c-H100-009,W2c,100,10,buf4,1.0,6,True,True,1.0
W2c-H100-009,W2c,100,10,buf8 (default),1.0,6,True,True,1.0
W2c-H100-009,W2c,100,10,buf16,1.0,6,True,True,1.0
W2c-H100-009,W2c,100,10,k3,1.0,3,True,True,1.0
W2c-H100-009,W2c,100,10,k12,1.0,12,True,True,1.0
W2c-H100-009,W2c,100,10,thr0,1.0,6,True,True,1.0
W2c-H100-009,W2c,100,10,thr6,1.0,6,True,True,1.0
W2c-H100-009,W2c,100,80,buf4,1.0,6,True,True,1.0
W2c-H100-009,W2c,100,80,buf8 (default),1.0,6,True,True,1.0
W2c-H100-009,W2c,100,80,buf16,1.0,6,True,True,1.0
W2c-H100-009,W2c,100,80,k3,1.0,3,True,True,1.0
W2c-H100-009,W2c,100,80,k12,1.0,12,True,True,1.0
W2c-H100-009,W2c,100,80,thr0,1.0,6,True,True,1.0
W2c-H100-009,W2c,100,80,thr6,1.0,6,True,True,1.0
W2c-H100-009,W2c,100,80,buf4,1.0,6,True,True,1.0
W2c-H100-009,W2c,100,80,buf8 (default),1.0,6,True,True,1.0
W2c-H100-009,W2c,100,80,buf16,1.0,6,True,True,1.0
W2c-H100-009,W2c,100,80,k3,2.0,3,True,True,0.5
W2c-H100-009,W2c,100,80,k12,1.0,12,True,True,1.0
W2c-H100-009,W2c,100,80,thr0,1.0,6,True,True,1.0
W2c-H100-009,W2c,100,80,thr6,1.0,6,True,True,1.0
W2c-H100-009,W2c,100,40,buf4,1.0,6,True,True,1.0
W2c-H100-009,W2c,100,40,buf8 (default),1.0,6,True,True,1.0
W2c-H100-009,W2c,100,40,buf16,1.0,6,True,True,1.0
W2c-H100-009,W2c,100,40,k3,1.0,3,True,True,1.0
W2c-H100-009,W2c,100,40,k12,1.0,12,True,True,1.0
W2c-H100-009,W2c,100,40,thr0,1.0,6,True,True,1.0
W2c-H100-009,W2c,100,40,thr6,1.0,6,True,True,1.0
W2c-H200-000,W2c,200,20,buf4,1.0,6,True,True,1.0
W2c-H200-000,W2c,200,20,buf8 (default),1.0,6,True,True,1.0
W2c-H200-000,W2c,200,20,buf16,1.0,6,True,True,1.0
W2c-H200-000,W2c,200,20,k3,1.0,3,True,True,1.0
W2c-H200-000,W2c,200,20,k12,1.0,12,True,True,1.0
W2c-H200-000,W2c,200,20,thr0,1.0,6,True,True,1.0
W2c-H200-000,W2c,200,20,thr6,1.0,6,True,True,1.0
W2c-H200-000,W2c,200,40,buf4,3.0,6,True,True,0.3333333333333333
W2c-H200-000,W2c,200,40,buf8 (default),3.0,6,True,True,0.3333333333333333
W2c-H200-000,W2c,200,40,buf16,3.0,6,True,True,0.3333333333333333
W2c-H200-000,W2c,200,40,k3,3.0,3,True,True,0.3333333333333333
W2c-H200-000,W2c,200,40,k12,3.0,12,True,True,0.3333333333333333
W2c-H200-000,W2c,200,40,thr0,3.0,6,True,True,0.3333333333333333
W2c-H200-000,W2c,200,40,thr6,3.0,6,True,True,0.3333333333333333
W2c-H200-000,W2c,200,10,buf4,1.0,6,True,True,1.0
W2c-H200-000,W2c,200,10,buf8 (default),1.0,6,True,True,1.0
W2c-H200-000,W2c,200,10,buf16,1.0,6,True,True,1.0
W2c-H200-000,W2c,200,10,k3,1.0,3,True,True,1.0
W2c-H200-000,W2c,200,10,k12,1.0,12,True,True,1.0
W2c-H200-000,W2c,200,10,thr0,1.0,6,True,True,1.0
W2c-H200-000,W2c,200,10,thr6,3.0,6,True,True,0.3333333333333333
W2c-H200-000,W2c,200,10,buf4,1.0,6,True,True,1.0
W2c-H200-000,W2c,200,10,buf8 (default),1.0,6,True,True,1.0
W2c-H200-000,W2c,200,10,buf16,1.0,6,True,True,1.0
W2c-H200-000,W2c,200,10,k3,1.0,3,True,True,1.0
W2c-H200-000,W2c,200,10,k12,1.0,12,True,True,1.0
W2c-H200-000,W2c,200,10,thr0,1.0,6,True,True,1.0
W2c-H200-000,W2c,200,10,thr6,1.0,6,True,True,1.0
W2c-H200-000,W2c,200,5,buf4,1.0,6,True,True,1.0
W2c-H200-000,W2c,200,5,buf8 (default),1.0,6,True,True,1.0
W2c-H200-000,W2c,200,5,buf16,1.0,6,True,True,1.0
W2c-H200-000,W2c,200,5,k3,1.0,3,True,True,1.0
W2c-H200-000,W2c,200,5,k12,1.0,12,True,True,1.0
W2c-H200-000,W2c,200,5,thr0,1.0,6,True,True,1.0
W2c-H200-000,W2c,200,5,thr6,1.0,6,True,True,1.0
W2c-H200-000,W2c,200,20,buf4,2.0,6,True,True,0.5
W2c-H200-000,W2c,200,20,buf8 (default),2.0,6,True,True,0.5
W2c-H200-000,W2c,200,20,buf16,2.0,6,True,True,0.5
W2c-H200-000,W2c,200,20,k3,2.0,3,True,True,0.5
W2c-H200-000,W2c,200,20,k12,2.0,12,True,True,0.5
W2c-H200-000,W2c,200,20,thr0,2.0,6,True,True,0.5
W2c-H200-000,W2c,200,20,thr6,3.0,6,True,True,0.3333333333333333
W2c-H200-000,W2c,200,80,buf4,2.0,6,True,True,0.5
W2c-H200-000,W2c,200,80,buf8 (default),2.0,6,True,True,0.5
W2c-H200-000,W2c,200,80,buf16,2.0,6,True,True,0.5
W2c-H200-000,W2c,200,80,k3,2.0,3,True,True,0.5
W2c-H200-000,W2c,200,80,k12,2.0,12,True,True,0.5
W2c-H200-000,W2c,200,80,thr0,2.0,6,True,True,0.5
W2c-H200-000,W2c,200,80,thr6,2.0,6,True,True,0.5
W2c-H200-000,W2c,200,80,buf4,2.0,6,True,True,0.5
W2c-H200-000,W2c,200,80,buf8 (default),2.0,6,True,True,0.5
W2c-H200-000,W2c,200,80,buf16,2.0,6,True,True,0.5
W2c-H200-000,W2c,200,80,k3,2.0,3,True,True,0.5
W2c-H200-000,W2c,200,80,k12,2.0,12,True,True,0.5
W2c-H200-000,W2c,200,80,thr0,2.0,6,True,True,0.5
W2c-H200-000,W2c,200,80,thr6,2.0,6,True,True,0.5
W2c-H200-000,W2c,200,160,buf4,1.0,6,True,True,1.0
W2c-H200-000,W2c,200,160,buf8 (default),1.0,6,True,True,1.0
W2c-H200-000,W2c,200,160,buf16,1.0,6,True,True,1.0
W2c-H200-000,W2c,200,160,k3,1.0,3,True,True,1.0
W2c-H200-000,W2c,200,160,k12,1.0,12,True,True,1.0
W2c-H200-000,W2c,200,160,thr0,1.0,6,True,True,1.0
W2c-H200-000,W2c,200,160,thr6,2.0,6,True,True,0.5
W2c-H200-000,W2c,200,5,buf4,1.0,6,True,True,1.0
W2c-H200-000,W2c,200,5,buf8 (default),1.0,6,True,True,1.0
W2c-H200-000,W2c,200,5,buf16,1.0,6,True,True,1.0
W2c-H200-000,W2c,200,5,k3,1.0,3,True,True,1.0
W2c-H200-000,W2c,200,5,k12,1.0,12,True,True,1.0
W2c-H200-000,W2c,200,5,thr0,1.0,6,True,True,1.0
W2c-H200-000,W2c,200,5,thr6,1.0,6,True,True,1.0
W2c-H200-000,W2c,200,40,buf4,2.0,6,True,True,0.5
W2c-H200-000,W2c,200,40,buf8 (default),2.0,6,True,True,0.5
W2c-H200-000,W2c,200,40,buf16,2.0,6,True,True,0.5
W2c-H200-000,W2c,200,40,k3,2.0,3,True,True,0.5
W2c-H200-000,W2c,200,40,k12,2.0,12,True,True,0.5
W2c-H200-000,W2c,200,40,thr0,2.0,6,True,True,0.5
W2c-H200-000,W2c,200,40,thr6,2.0,6,True,True,0.5
W2c-H200-000,W2c,200,160,buf4,1.0,6,True,True,1.0
W2c-H200-000,W2c,200,160,buf8 (default),1.0,6,True,True,1.0
W2c-H200-000,W2c,200,160,buf16,1.0,6,True,True,1.0
W2c-H200-000,W2c,200,160,k3,1.0,3,True,True,1.0
W2c-H200-000,W2c,200,160,k12,1.0,12,True,True,1.0
W2c-H200-000,W2c,200,160,thr0,1.0,6,True,True,1.0
W2c-H200-000,W2c,200,160,thr6,1.0,6,True,True,1.0
W2c-H200-001,W2c,200,20,buf4,1.0,6,True,True,1.0
W2c-H200-001,W2c,200,20,buf8 (default),1.0,6,True,True,1.0
W2c-H200-001,W2c,200,20,buf16,1.0,6,True,True,1.0
W2c-H200-001,W2c,200,20,k3,1.0,3,True,True,1.0
W2c-H200-001,W2c,200,20,k12,1.0,12,True,True,1.0
W2c-H200-001,W2c,200,20,thr0,1.0,6,True,True,1.0
W2c-H200-001,W2c,200,20,thr6,1.0,6,True,True,1.0
W2c-H200-001,W2c,200,5,buf4,1.0,6,True,True,1.0
W2c-H200-001,W2c,200,5,buf8 (default),1.0,6,True,True,1.0
W2c-H200-001,W2c,200,5,buf16,1.0,6,True,True,1.0
W2c-H200-001,W2c,200,5,k3,1.0,3,True,True,1.0
W2c-H200-001,W2c,200,5,k12,1.0,12,True,True,1.0
W2c-H200-001,W2c,200,5,thr0,1.0,6,True,True,1.0
W2c-H200-001,W2c,200,5,thr6,1.0,6,True,True,1.0
W2c-H200-001,W2c,200,10,buf4,1.0,6,True,True,1.0
W2c-H200-001,W2c,200,10,buf8 (default),1.0,6,True,True,1.0
W2c-H200-001,W2c,200,10,buf16,1.0,6,True,True,1.0
W2c-H200-001,W2c,200,10,k3,1.0,3,True,True,1.0
W2c-H200-001,W2c,200,10,k12,1.0,12,True,True,1.0
W2c-H200-001,W2c,200,10,thr0,1.0,6,True,True,1.0
W2c-H200-001,W2c,200,10,thr6,1.0,6,True,True,1.0
W2c-H200-001,W2c,200,80,buf4,3.0,6,True,True,0.3333333333333333
W2c-H200-001,W2c,200,80,buf8 (default),3.0,6,True,True,0.3333333333333333
W2c-H200-001,W2c,200,80,buf16,3.0,6,True,True,0.3333333333333333
W2c-H200-001,W2c,200,80,k3,3.0,3,True,True,0.3333333333333333
W2c-H200-001,W2c,200,80,k12,3.0,12,True,True,0.3333333333333333
W2c-H200-001,W2c,200,80,thr0,3.0,6,True,True,0.3333333333333333
W2c-H200-001,W2c,200,80,thr6,3.0,6,True,True,0.3333333333333333
W2c-H200-001,W2c,200,40,buf4,1.0,6,True,True,1.0
W2c-H200-001,W2c,200,40,buf8 (default),1.0,6,True,True,1.0
W2c-H200-001,W2c,200,40,buf16,1.0,6,True,True,1.0
W2c-H200-001,W2c,200,40,k3,1.0,3,True,True,1.0
W2c-H200-001,W2c,200,40,k12,1.0,12,True,True,1.0
W2c-H200-001,W2c,200,40,thr0,1.0,6,True,True,1.0
W2c-H200-001,W2c,200,40,thr6,2.0,6,True,True,0.5
W2c-H200-001,W2c,200,20,buf4,1.0,6,True,True,1.0
W2c-H200-001,W2c,200,20,buf8 (default),1.0,6,True,True,1.0
W2c-H200-001,W2c,200,20,buf16,1.0,6,True,True,1.0
W2c-H200-001,W2c,200,20,k3,1.0,3,True,True,1.0
W2c-H200-001,W2c,200,20,k12,1.0,12,True,True,1.0
W2c-H200-001,W2c,200,20,thr0,1.0,6,True,True,1.0
W2c-H200-001,W2c,200,20,thr6,1.0,6,True,True,1.0
W2c-H200-001,W2c,200,40,buf4,5.0,6,True,True,0.2
W2c-H200-001,W2c,200,40,buf8 (default),5.0,6,True,True,0.2
W2c-H200-001,W2c,200,40,buf16,5.0,6,True,True,0.2
W2c-H200-001,W2c,200,40,k3,,3,False,True,0.0
W2c-H200-001,W2c,200,40,k12,5.0,12,True,True,0.2
W2c-H200-001,W2c,200,40,thr0,5.0,6,True,True,0.2
W2c-H200-001,W2c,200,40,thr6,5.0,6,True,True,0.2
W2c-H200-001,W2c,200,10,buf4,1.0,6,True,True,1.0
W2c-H200-001,W2c,200,10,buf8 (default),1.0,6,True,True,1.0
W2c-H200-001,W2c,200,10,buf16,1.0,6,True,True,1.0
W2c-H200-001,W2c,200,10,k3,2.0,3,True,True,0.5
W2c-H200-001,W2c,200,10,k12,1.0,12,True,True,1.0
W2c-H200-001,W2c,200,10,thr0,1.0,6,True,True,1.0
W2c-H200-001,W2c,200,10,thr6,1.0,6,True,True,1.0
W2c-H200-001,W2c,200,5,buf4,1.0,6,True,True,1.0
W2c-H200-001,W2c,200,5,buf8 (default),1.0,6,True,True,1.0
W2c-H200-001,W2c,200,5,buf16,1.0,6,True,True,1.0
W2c-H200-001,W2c,200,5,k3,1.0,3,True,True,1.0
W2c-H200-001,W2c,200,5,k12,1.0,12,True,True,1.0
W2c-H200-001,W2c,200,5,thr0,1.0,6,True,True,1.0
W2c-H200-001,W2c,200,5,thr6,1.0,6,True,True,1.0
W2c-H200-001,W2c,200,160,buf4,4.0,6,True,True,0.25
W2c-H200-001,W2c,200,160,buf8 (default),4.0,6,True,True,0.25
W2c-H200-001,W2c,200,160,buf16,4.0,6,True,True,0.25
W2c-H200-001,W2c,200,160,k3,,3,False,True,0.0
W2c-H200-001,W2c,200,160,k12,1.0,12,True,True,1.0
W2c-H200-001,W2c,200,160,thr0,1.0,6,True,True,1.0
W2c-H200-001,W2c,200,160,thr6,4.0,6,True,True,0.25
W2c-H200-001,W2c,200,160,buf4,1.0,6,True,True,1.0
W2c-H200-001,W2c,200,160,buf8 (default),1.0,6,True,True,1.0
W2c-H200-001,W2c,200,160,buf16,1.0,6,True,True,1.0
W2c-H200-001,W2c,200,160,k3,1.0,3,True,True,1.0
W2c-H200-001,W2c,200,160,k12,1.0,12,True,True,1.0
W2c-H200-001,W2c,200,160,thr0,1.0,6,True,True,1.0
W2c-H200-001,W2c,200,160,thr6,1.0,6,True,True,1.0
W2c-H200-001,W2c,200,80,buf4,1.0,6,True,True,1.0
W2c-H200-001,W2c,200,80,buf8 (default),1.0,6,True,True,1.0
W2c-H200-001,W2c,200,80,buf16,1.0,6,True,True,1.0
W2c-H200-001,W2c,200,80,k3,1.0,3,True,True,1.0
W2c-H200-001,W2c,200,80,k12,1.0,12,True,True,1.0
W2c-H200-001,W2c,200,80,thr0,1.0,6,True,True,1.0
W2c-H200-001,W2c,200,80,thr6,1.0,6,True,True,1.0
W2c-H200-002,W2c,200,20,buf4,1.0,6,True,True,1.0
W2c-H200-002,W2c,200,20,buf8 (default),1.0,6,True,True,1.0
W2c-H200-002,W2c,200,20,buf16,1.0,6,True,True,1.0
W2c-H200-002,W2c,200,20,k3,1.0,3,True,True,1.0
W2c-H200-002,W2c,200,20,k12,1.0,12,True,True,1.0
W2c-H200-002,W2c,200,20,thr0,1.0,6,True,True,1.0
W2c-H200-002,W2c,200,20,thr6,1.0,6,True,True,1.0
W2c-H200-002,W2c,200,10,buf4,1.0,6,True,True,1.0
W2c-H200-002,W2c,200,10,buf8 (default),1.0,6,True,True,1.0
W2c-H200-002,W2c,200,10,buf16,1.0,6,True,True,1.0
W2c-H200-002,W2c,200,10,k3,1.0,3,True,True,1.0
W2c-H200-002,W2c,200,10,k12,1.0,12,True,True,1.0
W2c-H200-002,W2c,200,10,thr0,1.0,6,True,True,1.0
W2c-H200-002,W2c,200,10,thr6,1.0,6,True,True,1.0
W2c-H200-002,W2c,200,40,buf4,1.0,6,True,True,1.0
W2c-H200-002,W2c,200,40,buf8 (default),1.0,6,True,True,1.0
W2c-H200-002,W2c,200,40,buf16,1.0,6,True,True,1.0
W2c-H200-002,W2c,200,40,k3,1.0,3,True,True,1.0
W2c-H200-002,W2c,200,40,k12,1.0,12,True,True,1.0
W2c-H200-002,W2c,200,40,thr0,1.0,6,True,True,1.0
W2c-H200-002,W2c,200,40,thr6,1.0,6,True,True,1.0
W2c-H200-002,W2c,200,20,buf4,1.0,6,True,True,1.0
W2c-H200-002,W2c,200,20,buf8 (default),1.0,6,True,True,1.0
W2c-H200-002,W2c,200,20,buf16,1.0,6,True,True,1.0
W2c-H200-002,W2c,200,20,k3,1.0,3,True,True,1.0
W2c-H200-002,W2c,200,20,k12,1.0,12,True,True,1.0
W2c-H200-002,W2c,200,20,thr0,1.0,6,True,True,1.0
W2c-H200-002,W2c,200,20,thr6,1.0,6,True,True,1.0
W2c-H200-002,W2c,200,80,buf4,1.0,6,True,True,1.0
W2c-H200-002,W2c,200,80,buf8 (default),1.0,6,True,True,1.0
W2c-H200-002,W2c,200,80,buf16,1.0,6,True,True,1.0
W2c-H200-002,W2c,200,80,k3,1.0,3,True,True,1.0
W2c-H200-002,W2c,200,80,k12,1.0,12,True,True,1.0
W2c-H200-002,W2c,200,80,thr0,1.0,6,True,True,1.0
W2c-H200-002,W2c,200,80,thr6,1.0,6,True,True,1.0
W2c-H200-002,W2c,200,5,buf4,1.0,6,True,True,1.0
W2c-H200-002,W2c,200,5,buf8 (default),1.0,6,True,True,1.0
W2c-H200-002,W2c,200,5,buf16,1.0,6,True,True,1.0
W2c-H200-002,W2c,200,5,k3,1.0,3,True,True,1.0
W2c-H200-002,W2c,200,5,k12,1.0,12,True,True,1.0
W2c-H200-002,W2c,200,5,thr0,1.0,6,True,True,1.0
W2c-H200-002,W2c,200,5,thr6,1.0,6,True,True,1.0
W2c-H200-002,W2c,200,80,buf4,1.0,6,True,True,1.0
W2c-H200-002,W2c,200,80,buf8 (default),1.0,6,True,True,1.0
W2c-H200-002,W2c,200,80,buf16,1.0,6,True,True,1.0
W2c-H200-002,W2c,200,80,k3,1.0,3,True,True,1.0
W2c-H200-002,W2c,200,80,k12,1.0,12,True,True,1.0
W2c-H200-002,W2c,200,80,thr0,1.0,6,True,True,1.0
W2c-H200-002,W2c,200,80,thr6,1.0,6,True,True,1.0
W2c-H200-002,W2c,200,5,buf4,1.0,6,True,True,1.0
W2c-H200-002,W2c,200,5,buf8 (default),1.0,6,True,True,1.0
W2c-H200-002,W2c,200,5,buf16,1.0,6,True,True,1.0
W2c-H200-002,W2c,200,5,k3,1.0,3,True,True,1.0
W2c-H200-002,W2c,200,5,k12,1.0,12,True,True,1.0
W2c-H200-002,W2c,200,5,thr0,1.0,6,True,True,1.0
W2c-H200-002,W2c,200,5,thr6,1.0,6,True,True,1.0
W2c-H200-002,W2c,200,10,buf4,1.0,6,True,True,1.0
W2c-H200-002,W2c,200,10,buf8 (default),1.0,6,True,True,1.0
W2c-H200-002,W2c,200,10,buf16,1.0,6,True,True,1.0
W2c-H200-002,W2c,200,10,k3,1.0,3,True,True,1.0
W2c-H200-002,W2c,200,10,k12,1.0,12,True,True,1.0
W2c-H200-002,W2c,200,10,thr0,1.0,6,True,True,1.0
W2c-H200-002,W2c,200,10,thr6,1.0,6,True,True,1.0
W2c-H200-002,W2c,200,160,buf4,1.0,6,True,True,1.0
W2c-H200-002,W2c,200,160,buf8 (default),1.0,6,True,True,1.0
W2c-H200-002,W2c,200,160,buf16,1.0,6,True,True,1.0
W2c-H200-002,W2c,200,160,k3,,3,False,True,0.0
W2c-H200-002,W2c,200,160,k12,1.0,12,True,True,1.0
W2c-H200-002,W2c,200,160,thr0,1.0,6,True,True,1.0
W2c-H200-002,W2c,200,160,thr6,4.0,6,True,True,0.25
W2c-H200-002,W2c,200,160,buf4,2.0,6,True,True,0.5
W2c-H200-002,W2c,200,160,buf8 (default),2.0,6,True,True,0.5
W2c-H200-002,W2c,200,160,buf16,2.0,6,True,True,0.5
W2c-H200-002,W2c,200,160,k3,2.0,3,True,True,0.5
W2c-H200-002,W2c,200,160,k12,2.0,12,True,True,0.5
W2c-H200-002,W2c,200,160,thr0,2.0,6,True,True,0.5
W2c-H200-002,W2c,200,160,thr6,2.0,6,True,True,0.5
W2c-H200-002,W2c,200,40,buf4,2.0,6,True,True,0.5
W2c-H200-002,W2c,200,40,buf8 (default),2.0,6,True,True,0.5
W2c-H200-002,W2c,200,40,buf16,2.0,6,True,True,0.5
W2c-H200-002,W2c,200,40,k3,2.0,3,True,True,0.5
W2c-H200-002,W2c,200,40,k12,2.0,12,True,True,0.5
W2c-H200-002,W2c,200,40,thr0,2.0,6,True,True,0.5
W2c-H200-002,W2c,200,40,thr6,2.0,6,True,True,0.5
W2c-H200-003,W2c,200,10,buf4,1.0,6,True,True,1.0
W2c-H200-003,W2c,200,10,buf8 (default),1.0,6,True,True,1.0
W2c-H200-003,W2c,200,10,buf16,1.0,6,True,True,1.0
W2c-H200-003,W2c,200,10,k3,1.0,3,True,True,1.0
W2c-H200-003,W2c,200,10,k12,1.0,12,True,True,1.0
W2c-H200-003,W2c,200,10,thr0,1.0,6,True,True,1.0
W2c-H200-003,W2c,200,10,thr6,1.0,6,True,True,1.0
W2c-H200-003,W2c,200,40,buf4,1.0,6,True,True,1.0
W2c-H200-003,W2c,200,40,buf8 (default),1.0,6,True,True,1.0
W2c-H200-003,W2c,200,40,buf16,1.0,6,True,True,1.0
W2c-H200-003,W2c,200,40,k3,1.0,3,True,True,1.0
W2c-H200-003,W2c,200,40,k12,1.0,12,True,True,1.0
W2c-H200-003,W2c,200,40,thr0,1.0,6,True,True,1.0
W2c-H200-003,W2c,200,40,thr6,1.0,6,True,True,1.0
W2c-H200-003,W2c,200,5,buf4,2.0,6,True,True,0.5
W2c-H200-003,W2c,200,5,buf8 (default),2.0,6,True,True,0.5
W2c-H200-003,W2c,200,5,buf16,2.0,6,True,True,0.5
W2c-H200-003,W2c,200,5,k3,2.0,3,True,True,0.5
W2c-H200-003,W2c,200,5,k12,2.0,12,True,True,0.5
W2c-H200-003,W2c,200,5,thr0,2.0,6,True,True,0.5
W2c-H200-003,W2c,200,5,thr6,3.0,6,True,True,0.3333333333333333
W2c-H200-003,W2c,200,20,buf4,1.0,6,True,True,1.0
W2c-H200-003,W2c,200,20,buf8 (default),1.0,6,True,True,1.0
W2c-H200-003,W2c,200,20,buf16,1.0,6,True,True,1.0
W2c-H200-003,W2c,200,20,k3,1.0,3,True,True,1.0
W2c-H200-003,W2c,200,20,k12,1.0,12,True,True,1.0
W2c-H200-003,W2c,200,20,thr0,1.0,6,True,True,1.0
W2c-H200-003,W2c,200,20,thr6,1.0,6,True,True,1.0
W2c-H200-003,W2c,200,80,buf4,1.0,6,True,True,1.0
W2c-H200-003,W2c,200,80,buf8 (default),1.0,6,True,True,1.0
W2c-H200-003,W2c,200,80,buf16,1.0,6,True,True,1.0
W2c-H200-003,W2c,200,80,k3,1.0,3,True,True,1.0
W2c-H200-003,W2c,200,80,k12,1.0,12,True,True,1.0
W2c-H200-003,W2c,200,80,thr0,1.0,6,True,True,1.0
W2c-H200-003,W2c,200,80,thr6,1.0,6,True,True,1.0
W2c-H200-003,W2c,200,5,buf4,1.0,6,True,True,1.0
W2c-H200-003,W2c,200,5,buf8 (default),1.0,6,True,True,1.0
W2c-H200-003,W2c,200,5,buf16,1.0,6,True,True,1.0
W2c-H200-003,W2c,200,5,k3,1.0,3,True,True,1.0
W2c-H200-003,W2c,200,5,k12,1.0,12,True,True,1.0
W2c-H200-003,W2c,200,5,thr0,1.0,6,True,True,1.0
W2c-H200-003,W2c,200,5,thr6,1.0,6,True,True,1.0
W2c-H200-003,W2c,200,10,buf4,2.0,6,True,True,0.5
W2c-H200-003,W2c,200,10,buf8 (default),2.0,6,True,True,0.5
W2c-H200-003,W2c,200,10,buf16,2.0,6,True,True,0.5
W2c-H200-003,W2c,200,10,k3,2.0,3,True,True,0.5
W2c-H200-003,W2c,200,10,k12,2.0,12,True,True,0.5
W2c-H200-003,W2c,200,10,thr0,2.0,6,True,True,0.5
W2c-H200-003,W2c,200,10,thr6,2.0,6,True,True,0.5
W2c-H200-003,W2c,200,160,buf4,1.0,6,True,True,1.0
W2c-H200-003,W2c,200,160,buf8 (default),1.0,6,True,True,1.0
W2c-H200-003,W2c,200,160,buf16,1.0,6,True,True,1.0
W2c-H200-003,W2c,200,160,k3,1.0,3,True,True,1.0
W2c-H200-003,W2c,200,160,k12,1.0,12,True,True,1.0
W2c-H200-003,W2c,200,160,thr0,1.0,6,True,True,1.0
W2c-H200-003,W2c,200,160,thr6,1.0,6,True,True,1.0
W2c-H200-003,W2c,200,40,buf4,1.0,6,True,True,1.0
W2c-H200-003,W2c,200,40,buf8 (default),1.0,6,True,True,1.0
W2c-H200-003,W2c,200,40,buf16,1.0,6,True,True,1.0
W2c-H200-003,W2c,200,40,k3,1.0,3,True,True,1.0
W2c-H200-003,W2c,200,40,k12,1.0,12,True,True,1.0
W2c-H200-003,W2c,200,40,thr0,1.0,6,True,True,1.0
W2c-H200-003,W2c,200,40,thr6,1.0,6,True,True,1.0
W2c-H200-003,W2c,200,80,buf4,2.0,6,True,True,0.5
W2c-H200-003,W2c,200,80,buf8 (default),2.0,6,True,True,0.5
W2c-H200-003,W2c,200,80,buf16,2.0,6,True,True,0.5
W2c-H200-003,W2c,200,80,k3,,3,False,True,0.0
W2c-H200-003,W2c,200,80,k12,2.0,12,True,True,0.5
W2c-H200-003,W2c,200,80,thr0,2.0,6,True,True,0.5
W2c-H200-003,W2c,200,80,thr6,5.0,6,True,True,0.2
W2c-H200-003,W2c,200,20,buf4,1.0,6,True,True,1.0
W2c-H200-003,W2c,200,20,buf8 (default),1.0,6,True,True,1.0
W2c-H200-003,W2c,200,20,buf16,1.0,6,True,True,1.0
W2c-H200-003,W2c,200,20,k3,1.0,3,True,True,1.0
W2c-H200-003,W2c,200,20,k12,1.0,12,True,True,1.0
W2c-H200-003,W2c,200,20,thr0,1.0,6,True,True,1.0
W2c-H200-003,W2c,200,20,thr6,1.0,6,True,True,1.0
W2c-H200-003,W2c,200,160,buf4,3.0,6,True,True,0.3333333333333333
W2c-H200-003,W2c,200,160,buf8 (default),3.0,6,True,True,0.3333333333333333
W2c-H200-003,W2c,200,160,buf16,3.0,6,True,True,0.3333333333333333
W2c-H200-003,W2c,200,160,k3,3.0,3,True,True,0.3333333333333333
W2c-H200-003,W2c,200,160,k12,3.0,12,True,True,0.3333333333333333
W2c-H200-003,W2c,200,160,thr0,3.0,6,True,True,0.3333333333333333
W2c-H200-003,W2c,200,160,thr6,3.0,6,True,True,0.3333333333333333
W2c-H200-004,W2c,200,40,buf4,1.0,6,True,True,1.0
W2c-H200-004,W2c,200,40,buf8 (default),1.0,6,True,True,1.0
W2c-H200-004,W2c,200,40,buf16,1.0,6,True,True,1.0
W2c-H200-004,W2c,200,40,k3,1.0,3,True,True,1.0
W2c-H200-004,W2c,200,40,k12,1.0,12,True,True,1.0
W2c-H200-004,W2c,200,40,thr0,1.0,6,True,True,1.0
W2c-H200-004,W2c,200,40,thr6,1.0,6,True,True,1.0
W2c-H200-004,W2c,200,5,buf4,1.0,6,True,True,1.0
W2c-H200-004,W2c,200,5,buf8 (default),1.0,6,True,True,1.0
W2c-H200-004,W2c,200,5,buf16,1.0,6,True,True,1.0
W2c-H200-004,W2c,200,5,k3,1.0,3,True,True,1.0
W2c-H200-004,W2c,200,5,k12,1.0,12,True,True,1.0
W2c-H200-004,W2c,200,5,thr0,1.0,6,True,True,1.0
W2c-H200-004,W2c,200,5,thr6,1.0,6,True,True,1.0
W2c-H200-004,W2c,200,5,buf4,4.0,6,True,True,0.25
W2c-H200-004,W2c,200,5,buf8 (default),4.0,6,True,True,0.25
W2c-H200-004,W2c,200,5,buf16,4.0,6,True,True,0.25
W2c-H200-004,W2c,200,5,k3,,3,True,True,0.0
W2c-H200-004,W2c,200,5,k12,4.0,12,True,True,0.25
W2c-H200-004,W2c,200,5,thr0,1.0,6,True,True,1.0
W2c-H200-004,W2c,200,5,thr6,4.0,6,True,True,0.25
W2c-H200-004,W2c,200,40,buf4,1.0,6,True,True,1.0
W2c-H200-004,W2c,200,40,buf8 (default),1.0,6,True,True,1.0
W2c-H200-004,W2c,200,40,buf16,1.0,6,True,True,1.0
W2c-H200-004,W2c,200,40,k3,1.0,3,True,True,1.0
W2c-H200-004,W2c,200,40,k12,1.0,12,True,True,1.0
W2c-H200-004,W2c,200,40,thr0,1.0,6,True,True,1.0
W2c-H200-004,W2c,200,40,thr6,1.0,6,True,True,1.0
W2c-H200-004,W2c,200,10,buf4,1.0,6,True,True,1.0
W2c-H200-004,W2c,200,10,buf8 (default),1.0,6,True,True,1.0
W2c-H200-004,W2c,200,10,buf16,1.0,6,True,True,1.0
W2c-H200-004,W2c,200,10,k3,3.0,3,True,True,0.3333333333333333
W2c-H200-004,W2c,200,10,k12,1.0,12,True,True,1.0
W2c-H200-004,W2c,200,10,thr0,1.0,6,True,True,1.0
W2c-H200-004,W2c,200,10,thr6,1.0,6,True,True,1.0
W2c-H200-004,W2c,200,20,buf4,3.0,6,True,True,0.3333333333333333
W2c-H200-004,W2c,200,20,buf8 (default),3.0,6,True,True,0.3333333333333333
W2c-H200-004,W2c,200,20,buf16,3.0,6,True,True,0.3333333333333333
W2c-H200-004,W2c,200,20,k3,3.0,3,True,True,0.3333333333333333
W2c-H200-004,W2c,200,20,k12,3.0,12,True,True,0.3333333333333333
W2c-H200-004,W2c,200,20,thr0,3.0,6,True,True,0.3333333333333333
W2c-H200-004,W2c,200,20,thr6,3.0,6,True,True,0.3333333333333333
W2c-H200-004,W2c,200,10,buf4,1.0,6,True,True,1.0
W2c-H200-004,W2c,200,10,buf8 (default),1.0,6,True,True,1.0
W2c-H200-004,W2c,200,10,buf16,1.0,6,True,True,1.0
W2c-H200-004,W2c,200,10,k3,1.0,3,True,True,1.0
W2c-H200-004,W2c,200,10,k12,1.0,12,True,True,1.0
W2c-H200-004,W2c,200,10,thr0,1.0,6,True,True,1.0
W2c-H200-004,W2c,200,10,thr6,3.0,6,True,True,0.3333333333333333
W2c-H200-004,W2c,200,80,buf4,1.0,6,True,True,1.0
W2c-H200-004,W2c,200,80,buf8 (default),1.0,6,True,True,1.0
W2c-H200-004,W2c,200,80,buf16,1.0,6,True,True,1.0
W2c-H200-004,W2c,200,80,k3,2.0,3,True,True,0.5
W2c-H200-004,W2c,200,80,k12,1.0,12,True,True,1.0
W2c-H200-004,W2c,200,80,thr0,1.0,6,True,True,1.0
W2c-H200-004,W2c,200,80,thr6,2.0,6,True,True,0.5
W2c-H200-004,W2c,200,20,buf4,1.0,6,True,True,1.0
W2c-H200-004,W2c,200,20,buf8 (default),1.0,6,True,True,1.0
W2c-H200-004,W2c,200,20,buf16,1.0,6,True,True,1.0
W2c-H200-004,W2c,200,20,k3,1.0,3,True,True,1.0
W2c-H200-004,W2c,200,20,k12,1.0,12,True,True,1.0
W2c-H200-004,W2c,200,20,thr0,1.0,6,True,True,1.0
W2c-H200-004,W2c,200,20,thr6,1.0,6,True,True,1.0
W2c-H200-004,W2c,200,80,buf4,1.0,6,True,True,1.0
W2c-H200-004,W2c,200,80,buf8 (default),1.0,6,True,True,1.0
W2c-H200-004,W2c,200,80,buf16,1.0,6,True,True,1.0
W2c-H200-004,W2c,200,80,k3,1.0,3,True,True,1.0
W2c-H200-004,W2c,200,80,k12,1.0,12,True,True,1.0
W2c-H200-004,W2c,200,80,thr0,1.0,6,True,True,1.0
W2c-H200-004,W2c,200,80,thr6,1.0,6,True,True,1.0
W2c-H200-004,W2c,200,160,buf4,1.0,6,True,True,1.0
W2c-H200-004,W2c,200,160,buf8 (default),1.0,6,True,True,1.0
W2c-H200-004,W2c,200,160,buf16,1.0,6,True,True,1.0
W2c-H200-004,W2c,200,160,k3,1.0,3,True,True,1.0
W2c-H200-004,W2c,200,160,k12,1.0,12,True,True,1.0
W2c-H200-004,W2c,200,160,thr0,1.0,6,True,True,1.0
W2c-H200-004,W2c,200,160,thr6,1.0,6,True,True,1.0
W2c-H200-004,W2c,200,160,buf4,3.0,6,True,True,0.3333333333333333
W2c-H200-004,W2c,200,160,buf8 (default),3.0,6,True,True,0.3333333333333333
W2c-H200-004,W2c,200,160,buf16,3.0,6,True,True,0.3333333333333333
W2c-H200-004,W2c,200,160,k3,3.0,3,True,True,0.3333333333333333
W2c-H200-004,W2c,200,160,k12,3.0,12,True,True,0.3333333333333333
W2c-H200-004,W2c,200,160,thr0,3.0,6,True,True,0.3333333333333333
W2c-H200-004,W2c,200,160,thr6,3.0,6,True,True,0.3333333333333333
W2c-H200-005,W2c,200,5,buf4,1.0,6,True,True,1.0
W2c-H200-005,W2c,200,5,buf8 (default),1.0,6,True,True,1.0
W2c-H200-005,W2c,200,5,buf16,1.0,6,True,True,1.0
W2c-H200-005,W2c,200,5,k3,1.0,3,True,True,1.0
W2c-H200-005,W2c,200,5,k12,1.0,12,True,True,1.0
W2c-H200-005,W2c,200,5,thr0,1.0,6,True,True,1.0
W2c-H200-005,W2c,200,5,thr6,2.0,6,True,True,0.5
W2c-H200-005,W2c,200,10,buf4,1.0,6,True,True,1.0
W2c-H200-005,W2c,200,10,buf8 (default),1.0,6,True,True,1.0
W2c-H200-005,W2c,200,10,buf16,1.0,6,True,True,1.0
W2c-H200-005,W2c,200,10,k3,1.0,3,True,True,1.0
W2c-H200-005,W2c,200,10,k12,1.0,12,True,True,1.0
W2c-H200-005,W2c,200,10,thr0,1.0,6,True,True,1.0
W2c-H200-005,W2c,200,10,thr6,1.0,6,True,True,1.0
W2c-H200-005,W2c,200,20,buf4,1.0,6,True,True,1.0
W2c-H200-005,W2c,200,20,buf8 (default),1.0,6,True,True,1.0
W2c-H200-005,W2c,200,20,buf16,1.0,6,True,True,1.0
W2c-H200-005,W2c,200,20,k3,1.0,3,True,True,1.0
W2c-H200-005,W2c,200,20,k12,1.0,12,True,True,1.0
W2c-H200-005,W2c,200,20,thr0,1.0,6,True,True,1.0
W2c-H200-005,W2c,200,20,thr6,1.0,6,True,True,1.0
W2c-H200-005,W2c,200,40,buf4,1.0,6,True,True,1.0
W2c-H200-005,W2c,200,40,buf8 (default),1.0,6,True,True,1.0
W2c-H200-005,W2c,200,40,buf16,1.0,6,True,True,1.0
W2c-H200-005,W2c,200,40,k3,1.0,3,True,True,1.0
W2c-H200-005,W2c,200,40,k12,1.0,12,True,True,1.0
W2c-H200-005,W2c,200,40,thr0,1.0,6,True,True,1.0
W2c-H200-005,W2c,200,40,thr6,1.0,6,True,True,1.0
W2c-H200-005,W2c,200,10,buf4,1.0,6,True,True,1.0
W2c-H200-005,W2c,200,10,buf8 (default),1.0,6,True,True,1.0
W2c-H200-005,W2c,200,10,buf16,1.0,6,True,True,1.0
W2c-H200-005,W2c,200,10,k3,1.0,3,True,True,1.0
W2c-H200-005,W2c,200,10,k12,1.0,12,True,True,1.0
W2c-H200-005,W2c,200,10,thr0,1.0,6,True,True,1.0
W2c-H200-005,W2c,200,10,thr6,1.0,6,True,True,1.0
W2c-H200-005,W2c,200,80,buf4,1.0,6,True,True,1.0
W2c-H200-005,W2c,200,80,buf8 (default),1.0,6,True,True,1.0
W2c-H200-005,W2c,200,80,buf16,1.0,6,True,True,1.0
W2c-H200-005,W2c,200,80,k3,1.0,3,True,True,1.0
W2c-H200-005,W2c,200,80,k12,1.0,12,True,True,1.0
W2c-H200-005,W2c,200,80,thr0,1.0,6,True,True,1.0
W2c-H200-005,W2c,200,80,thr6,1.0,6,True,True,1.0
W2c-H200-005,W2c,200,5,buf4,1.0,6,True,True,1.0
W2c-H200-005,W2c,200,5,buf8 (default),1.0,6,True,True,1.0
W2c-H200-005,W2c,200,5,buf16,1.0,6,True,True,1.0
W2c-H200-005,W2c,200,5,k3,1.0,3,True,True,1.0
W2c-H200-005,W2c,200,5,k12,1.0,12,True,True,1.0
W2c-H200-005,W2c,200,5,thr0,1.0,6,True,True,1.0
W2c-H200-005,W2c,200,5,thr6,3.0,6,True,True,0.3333333333333333
W2c-H200-005,W2c,200,40,buf4,3.0,6,True,True,0.3333333333333333
W2c-H200-005,W2c,200,40,buf8 (default),3.0,6,True,True,0.3333333333333333
W2c-H200-005,W2c,200,40,buf16,3.0,6,True,True,0.3333333333333333
W2c-H200-005,W2c,200,40,k3,3.0,3,True,True,0.3333333333333333
W2c-H200-005,W2c,200,40,k12,3.0,12,True,True,0.3333333333333333
W2c-H200-005,W2c,200,40,thr0,3.0,6,True,True,0.3333333333333333
W2c-H200-005,W2c,200,40,thr6,3.0,6,True,True,0.3333333333333333
W2c-H200-005,W2c,200,80,buf4,1.0,6,True,True,1.0
W2c-H200-005,W2c,200,80,buf8 (default),1.0,6,True,True,1.0
W2c-H200-005,W2c,200,80,buf16,1.0,6,True,True,1.0
W2c-H200-005,W2c,200,80,k3,1.0,3,True,True,1.0
W2c-H200-005,W2c,200,80,k12,1.0,12,True,True,1.0
W2c-H200-005,W2c,200,80,thr0,1.0,6,True,True,1.0
W2c-H200-005,W2c,200,80,thr6,1.0,6,True,True,1.0
W2c-H200-005,W2c,200,160,buf4,1.0,6,True,True,1.0
W2c-H200-005,W2c,200,160,buf8 (default),1.0,6,True,True,1.0
W2c-H200-005,W2c,200,160,buf16,1.0,6,True,True,1.0
W2c-H200-005,W2c,200,160,k3,1.0,3,True,True,1.0
W2c-H200-005,W2c,200,160,k12,1.0,12,True,True,1.0
W2c-H200-005,W2c,200,160,thr0,1.0,6,True,True,1.0
W2c-H200-005,W2c,200,160,thr6,1.0,6,True,True,1.0
W2c-H200-005,W2c,200,20,buf4,1.0,6,True,True,1.0
W2c-H200-005,W2c,200,20,buf8 (default),1.0,6,True,True,1.0
W2c-H200-005,W2c,200,20,buf16,1.0,6,True,True,1.0
W2c-H200-005,W2c,200,20,k3,1.0,3,True,True,1.0
W2c-H200-005,W2c,200,20,k12,1.0,12,True,True,1.0
W2c-H200-005,W2c,200,20,thr0,1.0,6,True,True,1.0
W2c-H200-005,W2c,200,20,thr6,1.0,6,True,True,1.0
W2c-H200-005,W2c,200,160,buf4,3.0,6,True,True,0.3333333333333333
W2c-H200-005,W2c,200,160,buf8 (default),3.0,6,True,True,0.3333333333333333
W2c-H200-005,W2c,200,160,buf16,3.0,6,True,True,0.3333333333333333
W2c-H200-005,W2c,200,160,k3,3.0,3,True,True,0.3333333333333333
W2c-H200-005,W2c,200,160,k12,3.0,12,True,True,0.3333333333333333
W2c-H200-005,W2c,200,160,thr0,3.0,6,True,True,0.3333333333333333
W2c-H200-005,W2c,200,160,thr6,3.0,6,True,True,0.3333333333333333
W2c-H200-006,W2c,200,10,buf4,1.0,6,True,True,1.0
W2c-H200-006,W2c,200,10,buf8 (default),1.0,6,True,True,1.0
W2c-H200-006,W2c,200,10,buf16,1.0,6,True,True,1.0
W2c-H200-006,W2c,200,10,k3,1.0,3,True,True,1.0
W2c-H200-006,W2c,200,10,k12,1.0,12,True,True,1.0
W2c-H200-006,W2c,200,10,thr0,1.0,6,True,True,1.0
W2c-H200-006,W2c,200,10,thr6,2.0,6,True,True,0.5
W2c-H200-006,W2c,200,20,buf4,1.0,6,True,True,1.0
W2c-H200-006,W2c,200,20,buf8 (default),1.0,6,True,True,1.0
W2c-H200-006,W2c,200,20,buf16,1.0,6,True,True,1.0
W2c-H200-006,W2c,200,20,k3,1.0,3,True,True,1.0
W2c-H200-006,W2c,200,20,k12,1.0,12,True,True,1.0
W2c-H200-006,W2c,200,20,thr0,1.0,6,True,True,1.0
W2c-H200-006,W2c,200,20,thr6,1.0,6,True,True,1.0
W2c-H200-006,W2c,200,5,buf4,1.0,6,True,True,1.0
W2c-H200-006,W2c,200,5,buf8 (default),1.0,6,True,True,1.0
W2c-H200-006,W2c,200,5,buf16,1.0,6,True,True,1.0
W2c-H200-006,W2c,200,5,k3,1.0,3,True,True,1.0
W2c-H200-006,W2c,200,5,k12,1.0,12,True,True,1.0
W2c-H200-006,W2c,200,5,thr0,1.0,6,True,True,1.0
W2c-H200-006,W2c,200,5,thr6,1.0,6,True,True,1.0
W2c-H200-006,W2c,200,40,buf4,2.0,6,True,True,0.5
W2c-H200-006,W2c,200,40,buf8 (default),2.0,6,True,True,0.5
W2c-H200-006,W2c,200,40,buf16,2.0,6,True,True,0.5
W2c-H200-006,W2c,200,40,k3,2.0,3,True,True,0.5
W2c-H200-006,W2c,200,40,k12,2.0,12,True,True,0.5
W2c-H200-006,W2c,200,40,thr0,2.0,6,True,True,0.5
W2c-H200-006,W2c,200,40,thr6,2.0,6,True,True,0.5
W2c-H200-006,W2c,200,40,buf4,1.0,6,True,True,1.0
W2c-H200-006,W2c,200,40,buf8 (default),1.0,6,True,True,1.0
W2c-H200-006,W2c,200,40,buf16,1.0,6,True,True,1.0
W2c-H200-006,W2c,200,40,k3,1.0,3,True,True,1.0
W2c-H200-006,W2c,200,40,k12,1.0,12,True,True,1.0
W2c-H200-006,W2c,200,40,thr0,1.0,6,True,True,1.0
W2c-H200-006,W2c,200,40,thr6,1.0,6,True,True,1.0
W2c-H200-006,W2c,200,10,buf4,1.0,6,True,True,1.0
W2c-H200-006,W2c,200,10,buf8 (default),1.0,6,True,True,1.0
W2c-H200-006,W2c,200,10,buf16,1.0,6,True,True,1.0
W2c-H200-006,W2c,200,10,k3,1.0,3,True,True,1.0
W2c-H200-006,W2c,200,10,k12,1.0,12,True,True,1.0
W2c-H200-006,W2c,200,10,thr0,1.0,6,True,True,1.0
W2c-H200-006,W2c,200,10,thr6,1.0,6,True,True,1.0
W2c-H200-006,W2c,200,80,buf4,4.0,6,True,True,0.25
W2c-H200-006,W2c,200,80,buf8 (default),4.0,6,True,True,0.25
W2c-H200-006,W2c,200,80,buf16,4.0,6,True,True,0.25
W2c-H200-006,W2c,200,80,k3,,3,False,True,0.0
W2c-H200-006,W2c,200,80,k12,4.0,12,True,True,0.25
W2c-H200-006,W2c,200,80,thr0,4.0,6,True,True,0.25
W2c-H200-006,W2c,200,80,thr6,4.0,6,True,True,0.25
W2c-H200-006,W2c,200,20,buf4,1.0,6,True,True,1.0
W2c-H200-006,W2c,200,20,buf8 (default),1.0,6,True,True,1.0
W2c-H200-006,W2c,200,20,buf16,1.0,6,True,True,1.0
W2c-H200-006,W2c,200,20,k3,2.0,3,True,True,0.5
W2c-H200-006,W2c,200,20,k12,1.0,12,True,True,1.0
W2c-H200-006,W2c,200,20,thr0,1.0,6,True,True,1.0
W2c-H200-006,W2c,200,20,thr6,1.0,6,True,True,1.0
W2c-H200-006,W2c,200,5,buf4,1.0,6,True,True,1.0
W2c-H200-006,W2c,200,5,buf8 (default),1.0,6,True,True,1.0
W2c-H200-006,W2c,200,5,buf16,1.0,6,True,True,1.0
W2c-H200-006,W2c,200,5,k3,1.0,3,True,True,1.0
W2c-H200-006,W2c,200,5,k12,1.0,12,True,True,1.0
W2c-H200-006,W2c,200,5,thr0,1.0,6,True,True,1.0
W2c-H200-006,W2c,200,5,thr6,1.0,6,True,True,1.0
W2c-H200-006,W2c,200,160,buf4,1.0,6,True,True,1.0
W2c-H200-006,W2c,200,160,buf8 (default),1.0,6,True,True,1.0
W2c-H200-006,W2c,200,160,buf16,1.0,6,True,True,1.0
W2c-H200-006,W2c,200,160,k3,1.0,3,True,True,1.0
W2c-H200-006,W2c,200,160,k12,1.0,12,True,True,1.0
W2c-H200-006,W2c,200,160,thr0,1.0,6,True,True,1.0
W2c-H200-006,W2c,200,160,thr6,1.0,6,True,True,1.0
W2c-H200-006,W2c,200,80,buf4,1.0,6,True,True,1.0
W2c-H200-006,W2c,200,80,buf8 (default),1.0,6,True,True,1.0
W2c-H200-006,W2c,200,80,buf16,1.0,6,True,True,1.0
W2c-H200-006,W2c,200,80,k3,1.0,3,True,True,1.0
W2c-H200-006,W2c,200,80,k12,1.0,12,True,True,1.0
W2c-H200-006,W2c,200,80,thr0,1.0,6,True,True,1.0
W2c-H200-006,W2c,200,80,thr6,1.0,6,True,True,1.0
W2c-H200-006,W2c,200,160,buf4,1.0,6,True,True,1.0
W2c-H200-006,W2c,200,160,buf8 (default),1.0,6,True,True,1.0
W2c-H200-006,W2c,200,160,buf16,1.0,6,True,True,1.0
W2c-H200-006,W2c,200,160,k3,1.0,3,True,True,1.0
W2c-H200-006,W2c,200,160,k12,1.0,12,True,True,1.0
W2c-H200-006,W2c,200,160,thr0,1.0,6,True,True,1.0
W2c-H200-006,W2c,200,160,thr6,1.0,6,True,True,1.0
W2c-H200-007,W2c,200,10,buf4,1.0,6,True,True,1.0
W2c-H200-007,W2c,200,10,buf8 (default),1.0,6,True,True,1.0
W2c-H200-007,W2c,200,10,buf16,1.0,6,True,True,1.0
W2c-H200-007,W2c,200,10,k3,1.0,3,True,True,1.0
W2c-H200-007,W2c,200,10,k12,1.0,12,True,True,1.0
W2c-H200-007,W2c,200,10,thr0,1.0,6,True,True,1.0
W2c-H200-007,W2c,200,10,thr6,1.0,6,True,True,1.0
W2c-H200-007,W2c,200,10,buf4,1.0,6,True,True,1.0
W2c-H200-007,W2c,200,10,buf8 (default),1.0,6,True,True,1.0
W2c-H200-007,W2c,200,10,buf16,1.0,6,True,True,1.0
W2c-H200-007,W2c,200,10,k3,1.0,3,True,True,1.0
W2c-H200-007,W2c,200,10,k12,1.0,12,True,True,1.0
W2c-H200-007,W2c,200,10,thr0,1.0,6,True,True,1.0
W2c-H200-007,W2c,200,10,thr6,1.0,6,True,True,1.0
W2c-H200-007,W2c,200,80,buf4,2.0,6,True,True,0.5
W2c-H200-007,W2c,200,80,buf8 (default),2.0,6,True,True,0.5
W2c-H200-007,W2c,200,80,buf16,2.0,6,True,True,0.5
W2c-H200-007,W2c,200,80,k3,2.0,3,True,True,0.5
W2c-H200-007,W2c,200,80,k12,1.0,12,True,True,1.0
W2c-H200-007,W2c,200,80,thr0,1.0,6,True,True,1.0
W2c-H200-007,W2c,200,80,thr6,2.0,6,True,True,0.5
W2c-H200-007,W2c,200,40,buf4,1.0,6,True,True,1.0
W2c-H200-007,W2c,200,40,buf8 (default),1.0,6,True,True,1.0
W2c-H200-007,W2c,200,40,buf16,1.0,6,True,True,1.0
W2c-H200-007,W2c,200,40,k3,1.0,3,True,True,1.0
W2c-H200-007,W2c,200,40,k12,1.0,12,True,True,1.0
W2c-H200-007,W2c,200,40,thr0,1.0,6,True,True,1.0
W2c-H200-007,W2c,200,40,thr6,1.0,6,True,True,1.0
W2c-H200-007,W2c,200,20,buf4,1.0,6,True,True,1.0
W2c-H200-007,W2c,200,20,buf8 (default),1.0,6,True,True,1.0
W2c-H200-007,W2c,200,20,buf16,1.0,6,True,True,1.0
W2c-H200-007,W2c,200,20,k3,1.0,3,True,True,1.0
W2c-H200-007,W2c,200,20,k12,1.0,12,True,True,1.0
W2c-H200-007,W2c,200,20,thr0,1.0,6,True,True,1.0
W2c-H200-007,W2c,200,20,thr6,1.0,6,True,True,1.0
W2c-H200-007,W2c,200,80,buf4,1.0,6,True,True,1.0
W2c-H200-007,W2c,200,80,buf8 (default),1.0,6,True,True,1.0
W2c-H200-007,W2c,200,80,buf16,1.0,6,True,True,1.0
W2c-H200-007,W2c,200,80,k3,1.0,3,True,True,1.0
W2c-H200-007,W2c,200,80,k12,1.0,12,True,True,1.0
W2c-H200-007,W2c,200,80,thr0,1.0,6,True,True,1.0
W2c-H200-007,W2c,200,80,thr6,1.0,6,True,True,1.0
W2c-H200-007,W2c,200,160,buf4,1.0,6,True,True,1.0
W2c-H200-007,W2c,200,160,buf8 (default),1.0,6,True,True,1.0
W2c-H200-007,W2c,200,160,buf16,1.0,6,True,True,1.0
W2c-H200-007,W2c,200,160,k3,1.0,3,True,True,1.0
W2c-H200-007,W2c,200,160,k12,1.0,12,True,True,1.0
W2c-H200-007,W2c,200,160,thr0,1.0,6,True,True,1.0
W2c-H200-007,W2c,200,160,thr6,1.0,6,True,True,1.0
W2c-H200-007,W2c,200,160,buf4,1.0,6,True,True,1.0
W2c-H200-007,W2c,200,160,buf8 (default),1.0,6,True,True,1.0
W2c-H200-007,W2c,200,160,buf16,1.0,6,True,True,1.0
W2c-H200-007,W2c,200,160,k3,1.0,3,True,True,1.0
W2c-H200-007,W2c,200,160,k12,1.0,12,True,True,1.0
W2c-H200-007,W2c,200,160,thr0,1.0,6,True,True,1.0
W2c-H200-007,W2c,200,160,thr6,1.0,6,True,True,1.0
W2c-H200-007,W2c,200,5,buf4,3.0,6,True,True,0.3333333333333333
W2c-H200-007,W2c,200,5,buf8 (default),3.0,6,True,True,0.3333333333333333
W2c-H200-007,W2c,200,5,buf16,3.0,6,True,True,0.3333333333333333
W2c-H200-007,W2c,200,5,k3,3.0,3,True,True,0.3333333333333333
W2c-H200-007,W2c,200,5,k12,3.0,12,True,True,0.3333333333333333
W2c-H200-007,W2c,200,5,thr0,3.0,6,True,True,0.3333333333333333
W2c-H200-007,W2c,200,5,thr6,3.0,6,True,True,0.3333333333333333
W2c-H200-007,W2c,200,20,buf4,1.0,6,True,True,1.0
W2c-H200-007,W2c,200,20,buf8 (default),1.0,6,True,True,1.0
W2c-H200-007,W2c,200,20,buf16,1.0,6,True,True,1.0
W2c-H200-007,W2c,200,20,k3,1.0,3,True,True,1.0
W2c-H200-007,W2c,200,20,k12,1.0,12,True,True,1.0
W2c-H200-007,W2c,200,20,thr0,1.0,6,True,True,1.0
W2c-H200-007,W2c,200,20,thr6,3.0,6,True,True,0.3333333333333333
W2c-H200-007,W2c,200,5,buf4,1.0,6,True,True,1.0
W2c-H200-007,W2c,200,5,buf8 (default),1.0,6,True,True,1.0
W2c-H200-007,W2c,200,5,buf16,1.0,6,True,True,1.0
W2c-H200-007,W2c,200,5,k3,1.0,3,True,True,1.0
W2c-H200-007,W2c,200,5,k12,1.0,12,True,True,1.0
W2c-H200-007,W2c,200,5,thr0,1.0,6,True,True,1.0
W2c-H200-007,W2c,200,5,thr6,1.0,6,True,True,1.0
W2c-H200-007,W2c,200,40,buf4,1.0,6,True,True,1.0
W2c-H200-007,W2c,200,40,buf8 (default),1.0,6,True,True,1.0
W2c-H200-007,W2c,200,40,buf16,1.0,6,True,True,1.0
W2c-H200-007,W2c,200,40,k3,1.0,3,True,True,1.0
W2c-H200-007,W2c,200,40,k12,1.0,12,True,True,1.0
W2c-H200-007,W2c,200,40,thr0,1.0,6,True,True,1.0
W2c-H200-007,W2c,200,40,thr6,1.0,6,True,True,1.0
W2c-H200-008,W2c,200,10,buf4,1.0,6,True,True,1.0
W2c-H200-008,W2c,200,10,buf8 (default),1.0,6,True,True,1.0
W2c-H200-008,W2c,200,10,buf16,1.0,6,True,True,1.0
W2c-H200-008,W2c,200,10,k3,1.0,3,True,True,1.0
W2c-H200-008,W2c,200,10,k12,1.0,12,True,True,1.0
W2c-H200-008,W2c,200,10,thr0,1.0,6,True,True,1.0
W2c-H200-008,W2c,200,10,thr6,1.0,6,True,True,1.0
W2c-H200-008,W2c,200,20,buf4,1.0,6,True,True,1.0
W2c-H200-008,W2c,200,20,buf8 (default),1.0,6,True,True,1.0
W2c-H200-008,W2c,200,20,buf16,1.0,6,True,True,1.0
W2c-H200-008,W2c,200,20,k3,1.0,3,True,True,1.0
W2c-H200-008,W2c,200,20,k12,1.0,12,True,True,1.0
W2c-H200-008,W2c,200,20,thr0,1.0,6,True,True,1.0
W2c-H200-008,W2c,200,20,thr6,1.0,6,True,True,1.0
W2c-H200-008,W2c,200,5,buf4,1.0,6,True,True,1.0
W2c-H200-008,W2c,200,5,buf8 (default),1.0,6,True,True,1.0
W2c-H200-008,W2c,200,5,buf16,1.0,6,True,True,1.0
W2c-H200-008,W2c,200,5,k3,1.0,3,True,True,1.0
W2c-H200-008,W2c,200,5,k12,1.0,12,True,True,1.0
W2c-H200-008,W2c,200,5,thr0,1.0,6,True,True,1.0
W2c-H200-008,W2c,200,5,thr6,1.0,6,True,True,1.0
W2c-H200-008,W2c,200,20,buf4,1.0,6,True,True,1.0
W2c-H200-008,W2c,200,20,buf8 (default),1.0,6,True,True,1.0
W2c-H200-008,W2c,200,20,buf16,1.0,6,True,True,1.0
W2c-H200-008,W2c,200,20,k3,1.0,3,True,True,1.0
W2c-H200-008,W2c,200,20,k12,1.0,12,True,True,1.0
W2c-H200-008,W2c,200,20,thr0,1.0,6,True,True,1.0
W2c-H200-008,W2c,200,20,thr6,1.0,6,True,True,1.0
W2c-H200-008,W2c,200,5,buf4,2.0,6,True,True,0.5
W2c-H200-008,W2c,200,5,buf8 (default),2.0,6,True,True,0.5
W2c-H200-008,W2c,200,5,buf16,2.0,6,True,True,0.5
W2c-H200-008,W2c,200,5,k3,2.0,3,True,True,0.5
W2c-H200-008,W2c,200,5,k12,2.0,12,True,True,0.5
W2c-H200-008,W2c,200,5,thr0,1.0,6,True,True,1.0
W2c-H200-008,W2c,200,5,thr6,2.0,6,True,True,0.5
W2c-H200-008,W2c,200,80,buf4,1.0,6,True,True,1.0
W2c-H200-008,W2c,200,80,buf8 (default),1.0,6,True,True,1.0
W2c-H200-008,W2c,200,80,buf16,1.0,6,True,True,1.0
W2c-H200-008,W2c,200,80,k3,1.0,3,True,True,1.0
W2c-H200-008,W2c,200,80,k12,1.0,12,True,True,1.0
W2c-H200-008,W2c,200,80,thr0,1.0,6,True,True,1.0
W2c-H200-008,W2c,200,80,thr6,1.0,6,True,True,1.0
W2c-H200-008,W2c,200,40,buf4,1.0,6,True,True,1.0
W2c-H200-008,W2c,200,40,buf8 (default),1.0,6,True,True,1.0
W2c-H200-008,W2c,200,40,buf16,1.0,6,True,True,1.0
W2c-H200-008,W2c,200,40,k3,1.0,3,True,True,1.0
W2c-H200-008,W2c,200,40,k12,1.0,12,True,True,1.0
W2c-H200-008,W2c,200,40,thr0,1.0,6,True,True,1.0
W2c-H200-008,W2c,200,40,thr6,1.0,6,True,True,1.0
W2c-H200-008,W2c,200,160,buf4,1.0,6,True,True,1.0
W2c-H200-008,W2c,200,160,buf8 (default),1.0,6,True,True,1.0
W2c-H200-008,W2c,200,160,buf16,1.0,6,True,True,1.0
W2c-H200-008,W2c,200,160,k3,1.0,3,True,True,1.0
W2c-H200-008,W2c,200,160,k12,1.0,12,True,True,1.0
W2c-H200-008,W2c,200,160,thr0,1.0,6,True,True,1.0
W2c-H200-008,W2c,200,160,thr6,1.0,6,True,True,1.0
W2c-H200-008,W2c,200,10,buf4,1.0,6,True,True,1.0
W2c-H200-008,W2c,200,10,buf8 (default),1.0,6,True,True,1.0
W2c-H200-008,W2c,200,10,buf16,1.0,6,True,True,1.0
W2c-H200-008,W2c,200,10,k3,1.0,3,True,True,1.0
W2c-H200-008,W2c,200,10,k12,1.0,12,True,True,1.0
W2c-H200-008,W2c,200,10,thr0,1.0,6,True,True,1.0
W2c-H200-008,W2c,200,10,thr6,1.0,6,True,True,1.0
W2c-H200-008,W2c,200,80,buf4,1.0,6,True,True,1.0
W2c-H200-008,W2c,200,80,buf8 (default),1.0,6,True,True,1.0
W2c-H200-008,W2c,200,80,buf16,1.0,6,True,True,1.0
W2c-H200-008,W2c,200,80,k3,1.0,3,True,True,1.0
W2c-H200-008,W2c,200,80,k12,1.0,12,True,True,1.0
W2c-H200-008,W2c,200,80,thr0,1.0,6,True,True,1.0
W2c-H200-008,W2c,200,80,thr6,1.0,6,True,True,1.0
W2c-H200-008,W2c,200,160,buf4,1.0,6,True,True,1.0
W2c-H200-008,W2c,200,160,buf8 (default),1.0,6,True,True,1.0
W2c-H200-008,W2c,200,160,buf16,1.0,6,True,True,1.0
W2c-H200-008,W2c,200,160,k3,1.0,3,True,True,1.0
W2c-H200-008,W2c,200,160,k12,1.0,12,True,True,1.0
W2c-H200-008,W2c,200,160,thr0,1.0,6,True,True,1.0
W2c-H200-008,W2c,200,160,thr6,1.0,6,True,True,1.0
W2c-H200-008,W2c,200,40,buf4,1.0,6,True,True,1.0
W2c-H200-008,W2c,200,40,buf8 (default),1.0,6,True,True,1.0
W2c-H200-008,W2c,200,40,buf16,1.0,6,True,True,1.0
W2c-H200-008,W2c,200,40,k3,1.0,3,True,True,1.0
W2c-H200-008,W2c,200,40,k12,1.0,12,True,True,1.0
W2c-H200-008,W2c,200,40,thr0,1.0,6,True,True,1.0
W2c-H200-008,W2c,200,40,thr6,1.0,6,True,True,1.0
W2c-H200-009,W2c,200,5,buf4,3.0,6,True,True,0.3333333333333333
W2c-H200-009,W2c,200,5,buf8 (default),3.0,6,True,True,0.3333333333333333
W2c-H200-009,W2c,200,5,buf16,3.0,6,True,True,0.3333333333333333
W2c-H200-009,W2c,200,5,k3,3.0,3,True,True,0.3333333333333333
W2c-H200-009,W2c,200,5,k12,3.0,12,True,True,0.3333333333333333
W2c-H200-009,W2c,200,5,thr0,1.0,6,True,True,1.0
W2c-H200-009,W2c,200,5,thr6,3.0,6,True,True,0.3333333333333333
W2c-H200-009,W2c,200,10,buf4,1.0,6,True,True,1.0
W2c-H200-009,W2c,200,10,buf8 (default),1.0,6,True,True,1.0
W2c-H200-009,W2c,200,10,buf16,1.0,6,True,True,1.0
W2c-H200-009,W2c,200,10,k3,1.0,3,True,True,1.0
W2c-H200-009,W2c,200,10,k12,1.0,12,True,True,1.0
W2c-H200-009,W2c,200,10,thr0,1.0,6,True,True,1.0
W2c-H200-009,W2c,200,10,thr6,1.0,6,True,True,1.0
W2c-H200-009,W2c,200,20,buf4,1.0,6,True,True,1.0
W2c-H200-009,W2c,200,20,buf8 (default),1.0,6,True,True,1.0
W2c-H200-009,W2c,200,20,buf16,1.0,6,True,True,1.0
W2c-H200-009,W2c,200,20,k3,1.0,3,True,True,1.0
W2c-H200-009,W2c,200,20,k12,1.0,12,True,True,1.0
W2c-H200-009,W2c,200,20,thr0,1.0,6,True,True,1.0
W2c-H200-009,W2c,200,20,thr6,1.0,6,True,True,1.0
W2c-H200-009,W2c,200,80,buf4,3.0,6,True,True,0.3333333333333333
W2c-H200-009,W2c,200,80,buf8 (default),3.0,6,True,True,0.3333333333333333
W2c-H200-009,W2c,200,80,buf16,3.0,6,True,True,0.3333333333333333
W2c-H200-009,W2c,200,80,k3,3.0,3,True,True,0.3333333333333333
W2c-H200-009,W2c,200,80,k12,3.0,12,True,True,0.3333333333333333
W2c-H200-009,W2c,200,80,thr0,3.0,6,True,True,0.3333333333333333
W2c-H200-009,W2c,200,80,thr6,3.0,6,True,True,0.3333333333333333
W2c-H200-009,W2c,200,5,buf4,6.0,6,True,True,0.16666666666666666
W2c-H200-009,W2c,200,5,buf8 (default),6.0,6,True,True,0.16666666666666666
W2c-H200-009,W2c,200,5,buf16,6.0,6,True,True,0.16666666666666666
W2c-H200-009,W2c,200,5,k3,,3,True,True,0.0
W2c-H200-009,W2c,200,5,k12,6.0,12,True,True,0.16666666666666666
W2c-H200-009,W2c,200,5,thr0,1.0,6,True,True,1.0
W2c-H200-009,W2c,200,5,thr6,6.0,6,True,True,0.16666666666666666
W2c-H200-009,W2c,200,40,buf4,2.0,6,True,True,0.5
W2c-H200-009,W2c,200,40,buf8 (default),2.0,6,True,True,0.5
W2c-H200-009,W2c,200,40,buf16,2.0,6,True,True,0.5
W2c-H200-009,W2c,200,40,k3,2.0,3,True,True,0.5
W2c-H200-009,W2c,200,40,k12,2.0,12,True,True,0.5
W2c-H200-009,W2c,200,40,thr0,2.0,6,True,True,0.5
W2c-H200-009,W2c,200,40,thr6,2.0,6,True,True,0.5
W2c-H200-009,W2c,200,20,buf4,1.0,6,True,True,1.0
W2c-H200-009,W2c,200,20,buf8 (default),1.0,6,True,True,1.0
W2c-H200-009,W2c,200,20,buf16,1.0,6,True,True,1.0
W2c-H200-009,W2c,200,20,k3,1.0,3,True,True,1.0
W2c-H200-009,W2c,200,20,k12,1.0,12,True,True,1.0
W2c-H200-009,W2c,200,20,thr0,1.0,6,True,True,1.0
W2c-H200-009,W2c,200,20,thr6,1.0,6,True,True,1.0
W2c-H200-009,W2c,200,10,buf4,1.0,6,True,True,1.0
W2c-H200-009,W2c,200,10,buf8 (default),1.0,6,True,True,1.0
W2c-H200-009,W2c,200,10,buf16,1.0,6,True,True,1.0
W2c-H200-009,W2c,200,10,k3,1.0,3,True,True,1.0
W2c-H200-009,W2c,200,10,k12,1.0,12,True,True,1.0
W2c-H200-009,W2c,200,10,thr0,1.0,6,True,True,1.0
W2c-H200-009,W2c,200,10,thr6,1.0,6,True,True,1.0
W2c-H200-009,W2c,200,80,buf4,1.0,6,True,True,1.0
W2c-H200-009,W2c,200,80,buf8 (default),1.0,6,True,True,1.0
W2c-H200-009,W2c,200,80,buf16,1.0,6,True,True,1.0
W2c-H200-009,W2c,200,80,k3,1.0,3,True,True,1.0
W2c-H200-009,W2c,200,80,k12,1.0,12,True,True,1.0
W2c-H200-009,W2c,200,80,thr0,1.0,6,True,True,1.0
W2c-H200-009,W2c,200,80,thr6,1.0,6,True,True,1.0
W2c-H200-009,W2c,200,160,buf4,1.0,6,True,True,1.0
W2c-H200-009,W2c,200,160,buf8 (default),1.0,6,True,True,1.0
W2c-H200-009,W2c,200,160,buf16,1.0,6,True,True,1.0
W2c-H200-009,W2c,200,160,k3,1.0,3,True,True,1.0
W2c-H200-009,W2c,200,160,k12,1.0,12,True,True,1.0
W2c-H200-009,W2c,200,160,thr0,1.0,6,True,True,1.0
W2c-H200-009,W2c,200,160,thr6,1.0,6,True,True,1.0
W2c-H200-009,W2c,200,160,buf4,2.0,6,True,True,0.5
W2c-H200-009,W2c,200,160,buf8 (default),2.0,6,True,True,0.5
W2c-H200-009,W2c,200,160,buf16,2.0,6,True,True,0.5
W2c-H200-009,W2c,200,160,k3,,3,False,True,0.0
W2c-H200-009,W2c,200,160,k12,2.0,12,True,True,0.5
W2c-H200-009,W2c,200,160,thr0,2.0,6,True,True,0.5
W2c-H200-009,W2c,200,160,thr6,2.0,6,True,True,0.5
W2c-H200-009,W2c,200,40,buf4,1.0,6,True,True,1.0
W2c-H200-009,W2c,200,40,buf8 (default),1.0,6,True,True,1.0
W2c-H200-009,W2c,200,40,buf16,1.0,6,True,True,1.0
W2c-H200-009,W2c,200,40,k3,3.0,3,True,True,0.3333333333333333
W2c-H200-009,W2c,200,40,k12,1.0,12,True,True,1.0
W2c-H200-009,W2c,200,40,thr0,1.0,6,True,True,1.0
W2c-H200-009,W2c,200,40,thr6,3.0,6,True,True,0.3333333333333333
